country,question_id,question,answer_2024,explanation_2024,review_note,updated_answer,updated_explanation,final_answer,final_explanation,dimension,response_scoring,awarded_score
Austria,I1,"Do you have a definition of open data reuse in your country?
 
For Explanation:
* If yes, please specify it.",yes,"Stipulated in the Austrian Framework for Open Government Platforms and the White Paper of the Cooperation OGD Austria, referring to the Open Principles and the Creative Commons Licence CC-BY 4.0. (https://www.data.gv.at/anleitung)

response to reviewers:
In Austria, the definition of open data reuse is stipulated in the Austrian Framework for Open Government Platforms and the White Paper of the Cooperation OGD Austria. It refers to the Open Principles and the Creative Commons Licence CC-BY 4.0. Specifically, open data reuse is defined as the use of data that is freely available to everyone to use, modify, and share for any purpose—subject to the terms specified under the Creative Commons Licence CC-BY 4.0. (Source: data.gv.at)",Confirm,,,yes,"Stipulated in the Austrian Framework for Open Government Platforms and the White Paper of the Cooperation OGD Austria, referring to the Open Principles and the Creative Commons Licence CC-BY 4.0. (https://www.data.gv.at/anleitung)

response to reviewers:
In Austria, the definition of open data reuse is stipulated in the Austrian Framework for Open Government Platforms and the White Paper of the Cooperation OGD Austria. It refers to the Open Principles and the Creative Commons Licence CC-BY 4.0. Specifically, open data reuse is defined as the use of data that is freely available to everyone to use, modify, and share for any purpose—subject to the terms specified under the Creative Commons Licence CC-BY 4.0. (Source: data.gv.at)",Impact,"{'yes': 20, 'no': 0}",20.0
Austria,I10,"Have any public bodies in your country developed any systematic way of gathering reuse cases?

For Explanation:
* If yes, please provide a brief explanation of the process: How does the gathering happen?",yes,Data.gv.at is gathering info about the creation of apps on the basis of provided open data. This is being performed for the whole of Austria. Source: https://www.data.gv.at/suche/?typeFilter%5B%5D=application,Confirm,,,yes,Data.gv.at is gathering info about the creation of apps on the basis of provided open data. This is being performed for the whole of Austria. Source: https://www.data.gv.at/suche/?typeFilter%5B%5D=application,Impact,"{'yes': 20, 'no': 0, ""i don't know"": 0}",20.0
Austria,I12,"Is any data on the impact created by open data on governmental challenges (e.g. efficiency, effectiveness, transparency, decision-making capacity) available in your country such as from research studies, impact assessments, or other systematic investigations that quantify the results or broader effects of open data being reused?

For Explanation:
* If yes, please (1) specify what kind of data source proves this impact and (2) provide the URLs to this data.",yes,"o) a study was performed on the effect of data accessibility and data sources on trust levels: Austrian open data like the punctuality of public transport, number of infrstructural defects per day, average rent in €/m2 was used in the study. It ws shown that open data is a catalyst for citizen trust and public performance information. Impact study link: https://www.researchgate.net/publication/366747566_Trust_in_Public_Performance_Information_The_Effect_of_Data_Accessibility_and_Data_Source",Confirm,,,yes,"o) a study was performed on the effect of data accessibility and data sources on trust levels: Austrian open data like the punctuality of public transport, number of infrstructural defects per day, average rent in €/m2 was used in the study. It ws shown that open data is a catalyst for citizen trust and public performance information. Impact study link: https://www.researchgate.net/publication/366747566_Trust_in_Public_Performance_Information_The_Effect_of_Data_Accessibility_and_Data_Source",Impact,"{'yes': 20, 'no': 0, ""i don't know"": 0}",20.0
Austria,I17,"Is any data on the impact created by open data on social challenges (e.g. inequality, healthcare, education) available in your country such as from research studies, impact assessments, or other systematic investigations that quantify the results or broader effects of open data being reused?

For Explanation:
* If yes, please (1) specify what kind of data source proves this impact and (2) provide the URLs to this data.",no,The project AUTO-WELF investigates the extensive implementation of automated decision-making (ADM) in the welfare sector. (https://www.oeaw.ac.at/en/ita/projects/auto-welf),Change,No,"Consultation round: The AUTO-WELF project investigates the extensive implementation of automated decision-making (ADM) in welfare provision across eight European countries. It analyzes how data-based infrastructures and ADM systems affect citizens, public management, and welfare provision, considering issues like transparency, systemic biases, and social inequalities. However, its public materials focus on qualitative research, ethical/political implications, and stakeholder perspectives rather than providing quantitative metrics or direct assessments regarding the reuse of open data. Other sources that quanitify the impact of open data are unknown to us at the moment. 
===
The project AUTO-WELF investigates the extensive implementation of automated decision-making (ADM) in the welfare sector based on qualitative data. (https://www.oeaw.ac.at/en/ita/projects/auto-welf)",No,"Consultation round: The AUTO-WELF project investigates the extensive implementation of automated decision-making (ADM) in welfare provision across eight European countries. It analyzes how data-based infrastructures and ADM systems affect citizens, public management, and welfare provision, considering issues like transparency, systemic biases, and social inequalities. However, its public materials focus on qualitative research, ethical/political implications, and stakeholder perspectives rather than providing quantitative metrics or direct assessments regarding the reuse of open data. Other sources that quanitify the impact of open data are unknown to us at the moment. 
===
The project AUTO-WELF investigates the extensive implementation of automated decision-making (ADM) in the welfare sector based on qualitative data. (https://www.oeaw.ac.at/en/ita/projects/auto-welf)",Impact,"{'yes': 20, 'no': 0, ""i don't know"": 0}",0.0
Austria,I2,"Are there any processes in place to monitor the level of reuse of your country's open data?
 
For Explanation:
* If yes, please (1) briefly describe these processes and (2) provide the URLs to support the answer.",yes,"o The reuse of open government data is being monitored systematically by the number of visitors, downloads, and re-use, through the list of applications on the Austrian Data Portal and by using the web analytics tool Matomo provided by the national data portal: https://www.data.gv.at/application/ 
o In 2021, an online survey among users of the national portal has been performed: https://www.data.gv.at/2021/01/20/umfrage-gestartet/
o The City of Vienna performs incremental monitoring and quality checks through its Data Excellence Strategy (circular view on data provision and feedback).",Confirm,,,yes,"o The reuse of open government data is being monitored systematically by the number of visitors, downloads, and re-use, through the list of applications on the Austrian Data Portal and by using the web analytics tool Matomo provided by the national data portal: https://www.data.gv.at/application/ 
o In 2021, an online survey among users of the national portal has been performed: https://www.data.gv.at/2021/01/20/umfrage-gestartet/
o The City of Vienna performs incremental monitoring and quality checks through its Data Excellence Strategy (circular view on data provision and feedback).",Impact,"{'yes': 20, 'no': 0, ""i don't know"": 0}",20.0
Austria,I27,"Is any data on the economic impact (e.g. GDP, employment, productivity, innovation,  new businesses created etc.) of open data available in your country such as from research studies, impact assessments, or other systematic investigations that quantify the results or broader effects of open data being reused?

For Explanation:
* If yes, please specify what kind of data source proves this impact and provide the URLs to this data.",yes,"Open Data is a key resource for the development of the digital economy and knowledge society, in particular for SMEs and startups which are the backbone of Austria's economy. There is an abundance of examples on how the re-use of open data has contributed to innovative solutions.
o In this regard, please see the overview of applications that have been created by using open government data. https://www.data.gv.at/application/",Confirm,,,yes,"Open Data is a key resource for the development of the digital economy and knowledge society, in particular for SMEs and startups which are the backbone of Austria's economy. There is an abundance of examples on how the re-use of open data has contributed to innovative solutions.
o In this regard, please see the overview of applications that have been created by using open government data. https://www.data.gv.at/application/",Impact,"{'yes': 20, 'no': 0, ""i don't know"": 0}",20.0
Austria,I9,"Have any public bodies in your country launched or performed any activities in the past year to better understand reusers' needs in order to further stimulate the reuse of open data?

For Explanation:
* If yes, which of the following activities have been performed? Please describe how the activity has helped you better stimulate reuse.
* Multiple answers are possible.",yes,,Confirm,,,yes,,Impact,"{'yes': 40, 'no': 0, ""i don't know"": 0}",40.0
Austria,P1,"Is there a national open data policy in your country and, if your country is an EU Member State, does this include a national legislation for the transposition of the Open Data Directive?

For Explanation:
* If yes, please provide (1) the URL and (2) title of the policy document and (3) briefly describe.
* If ‘other’, please provide (1) a brief explanation to support your answer choice and (2) provide the URL and indicate the policy section which explicitly references open data.",yes,"2024:
o Basis: Federal Act on the Re-Use of Public Sector Information 2022 (Informationsweiterverwendungsgesetz – IWG 2022). https://www.ris.bka.gv.at/GeltendeFassung.wxe?Abfrage=Bundesnormen&Gesetzesnummer=20011973
o Responsible authority for the implementation of the Open Data Directive 2019/1024 & IWG 2022: Federal Ministry of Labour and Economy (BMAW) (possible change after the federal elections in 2024)
o Responsible authority for the national data portal: Federal Chancellery of Austria (BKA)
o Austrian Digital Action Plan (https://www.digitalaustria.gv.at/Strategien/Digitaler-Aktionsplan.html) of the Federal Chancellery of Austria (BKA)
o The Cooperation Open Government Data (OGD) Austria perpetuates open data governance at all levels (federal-regional-local) within the Austrian public sector
(https://www.data.gv.at/infos/cooperation-ogd-austria/)
2023:
o Basis: Federal Act on the Re-Use of Public Sector Information 2022 (Informationsweiterverwendungsgesetz – IWG 2022). https://www.ris.bka.gv.at/GeltendeFassung.wxe?Abfrage=Bundesnormen&Gesetzesnummer=20011973
o Responsible authority for the implementation of the Open Data Directive 2019/1024 & IWG: Federal Ministry of Labour and Economy (BMAW) (https://www.bmaw.gv.at/Themen/Europa/Wettbewerbspolitik/Open-Data.html)
o Responsible authority for the national data portal: Federal Ministry of Finance (BMF)
o Austrian Digital Action Plan (https://www.digitalaustria.gv.at/Strategien/Digitaler-Aktionsplan.html) of the Federal Ministry of Finance (BMF)
o The Cooperation Open Government Data (OGD) Austria perpetuates open data governance at all levels (federal-regional-local) within the Austrian public sector
(https://www.data.gv.at/infos/cooperation-ogd-austria/)",Complement,Yes,"o Basis: Federal Act on the Re-Use of Public Sector Information 2022 (Informationsweiterverwendungsgesetz – IWG 2022). https://www.ris.bka.gv.at/GeltendeFassung.wxe?Abfrage=Bundesnormen&Gesetzesnummer=20011973
o Responsible authority for the implementation of the Open Data Directive 2019/1024 & IWG 2022: Federal Chancellery of Austria (BKA)
o Responsible authority for the national data portal: Federal Chancellery of Austria (BKA)
o The Cooperation Open Government Data (OGD) Austria perpetuates open data governance at all levels (federal-regional-local) within the Austrian public sector
(https://www.data.gv.at/infos/cooperation-ogd-austria/)",Yes,"o Basis: Federal Act on the Re-Use of Public Sector Information 2022 (Informationsweiterverwendungsgesetz – IWG 2022). https://www.ris.bka.gv.at/GeltendeFassung.wxe?Abfrage=Bundesnormen&Gesetzesnummer=20011973
o Responsible authority for the implementation of the Open Data Directive 2019/1024 & IWG 2022: Federal Chancellery of Austria (BKA)
o Responsible authority for the national data portal: Federal Chancellery of Austria (BKA)
o The Cooperation Open Government Data (OGD) Austria perpetuates open data governance at all levels (federal-regional-local) within the Austrian public sector
(https://www.data.gv.at/infos/cooperation-ogd-austria/)",Policy,"{'yes': 40, 'no': 0, 'other': 40}",40.0
Austria,P13,"Is there a governance structure in place that enables the participation and/or inclusion of various open data stakeholders? 

For Explanation:
*  If yes, please briefly describe the governance structure and its operating model",yes,"o The Cooperation OGD Austria represents the essential governance structure in Austria, including the federal level, states, cities and municipalities. 
o The open data portal data.gv.at is a cooperation project of the Federal Chancellery of Austria (BKA) and the nine federal states with a steering committee and an expert group (cooperation agreement: https://www.data.gv.at/wp-content/uploads/2021/09/data.gv_.at_Kooperationsvereinbarung.pdf)
o The Federal Ministry of Labour and Economy is responsible for the implementation of the Federal Law on the Re-Use of Information (IWG), including the Implementing Regulation (EU) 2023/138 on high value datasets.",Complement,Yes,"o The Cooperation OGD Austria represents the essential governance structure in Austria, including the federal level, states, cities and municipalities. 
o The open data portal data.gv.at is a cooperation project of the Federal Chancellery of Austria (BKA) and the nine federal states with a steering committee and an expert group (cooperation agreement: https://www.data.gv.at/wp-content/uploads/2021/09/data.gv_.at_Kooperationsvereinbarung.pdf)
o The Federal Chancellery is responsible for the implementation of the Federal Law on the Re-Use of Information (IWG), including the Implementing Regulation (EU) 2023/138 on high value datasets.",Yes,"o The Cooperation OGD Austria represents the essential governance structure in Austria, including the federal level, states, cities and municipalities. 
o The open data portal data.gv.at is a cooperation project of the Federal Chancellery of Austria (BKA) and the nine federal states with a steering committee and an expert group (cooperation agreement: https://www.data.gv.at/wp-content/uploads/2021/09/data.gv_.at_Kooperationsvereinbarung.pdf)
o The Federal Chancellery is responsible for the implementation of the Federal Law on the Re-Use of Information (IWG), including the Implementing Regulation (EU) 2023/138 on high value datasets.",Policy,"{'yes': 40, 'no': 0}",40.0
Austria,P16,"To what degree do local/regional public bodies conduct open data initiatives? 

For Explanation:
* If not applicable, please explain why.",the majority of public bodies,"All metadata of regional / local public bodies are published on data.gv.at > more than 1,400 organizations",Confirm,,,the majority of public bodies,"All metadata of regional / local public bodies are published on data.gv.at > more than 1,400 organizations",Policy,"{'all public bodies': 20, 'the majority of public bodies': 15, 'approximately half of the public bodies': 10, 'few public bodies': 5, 'none of the public bodies': 0, 'not applicable': 20}",15.0
Austria,P2,"Is there a national open data strategy in your country?

For Explanation:
* If yes, please provide (1) the URL to the strategy and (2) describe the main highlights.  
* If 'not applicable', please provide (1) a brief explanation to support your answer choice and provide (2) the URL and indicate the policy section which explicitly references objectives, actions/measures, delivery timelines etc.",yes,"o The Austrian open data policy “Framework for Open Government Data platforms” initated by the Cooperation OGD Austria sets out a framework consisting of legal, technical and organizational requirements to be adhered to when providing public, non-personalized data. Proper alignment with these key elements should foster a smooth transition from traditional government structures to a government 2.0, where transparency, participation and collaboration are of paramount priority.
URL: https://go.gv.at/ogdframeen 
o The Chief Digital Officers have adopted a white paper on introducing a national open data strategy.
o The Austrian Digital Action Plan (2020) contains a dedicated action plan on data, including open data (https://www.digitalaustria.gv.at/digitalisierungsbericht.html)",Complement,Yes,"o The Austrian open data policy “Framework for Open Government Data platforms” initated by the Cooperation OGD Austria sets out a framework consisting of legal, technical and organizational requirements to be adhered to when providing public, non-personalized data. Proper alignment with these key elements should foster a smooth transition from traditional government structures to a government 2.0, where transparency, participation and collaboration are of paramount priority.
URL: https://go.gv.at/ogdframeen 
o The Austrian Digital Action Plan on Data (2020) contains a dedicated action plan on data, including open data (https://www.digitalaustria.gv.at/Strategien/Digitaler-Aktionsplan.html)
o The Data Strategy for Austria (2024) contains 45 measures to boost the re-use of data. Amongst those measures, an opn data strategy should be developed (https://www.digitalaustria.gv.at/Strategien/Datenstrategie.html)",Yes,"o The Austrian open data policy “Framework for Open Government Data platforms” initated by the Cooperation OGD Austria sets out a framework consisting of legal, technical and organizational requirements to be adhered to when providing public, non-personalized data. Proper alignment with these key elements should foster a smooth transition from traditional government structures to a government 2.0, where transparency, participation and collaboration are of paramount priority.
URL: https://go.gv.at/ogdframeen 
o The Austrian Digital Action Plan on Data (2020) contains a dedicated action plan on data, including open data (https://www.digitalaustria.gv.at/Strategien/Digitaler-Aktionsplan.html)
o The Data Strategy for Austria (2024) contains 45 measures to boost the re-use of data. Amongst those measures, an opn data strategy should be developed (https://www.digitalaustria.gv.at/Strategien/Datenstrategie.html)",Policy,"{'yes': 40, 'no': 0, 'not applicable': 40}",40.0
Austria,P22,"Do data publication plans exist at public body level?

For Explanation:
* If yes, please provide the URL and briefly highlight the key aspects covered.",yes,"o The City of Vienna has an offical publication plan. Open government data is published quarterly and presented at OGD meet-up events (https://digitales.wien.gv.at/wp-content/uploads/sites/47/2023/04/50-Programm-Open-Data-MeetUp-Wien.pdf)
o The Federal Act on the Re-Use of Public Sector Information stipulates that each public sector body or public undertaking at federal level needs to nominate an Open Data Coordinator. The coordinators have to implement screenings or publication plans.
o At federal level a screening of data has been performed in 2017 (OGD-Screening im Bund), checking existing government data regarding its suitability for open government data. As a whole, more than 700 datasets have been identified, many of them having been published soon thereafter. (https://www.data.gv.at/2017/11/03/open-government-data-screening-im-bund-bericht-zu-potentiell-ogd-faehigen-datensaetzen-publiziert/)",Confirm,,,yes,"o The City of Vienna has an offical publication plan. Open government data is published quarterly and presented at OGD meet-up events (https://digitales.wien.gv.at/wp-content/uploads/sites/47/2023/04/50-Programm-Open-Data-MeetUp-Wien.pdf)
o The Federal Act on the Re-Use of Public Sector Information stipulates that each public sector body or public undertaking at federal level needs to nominate an Open Data Coordinator. The coordinators have to implement screenings or publication plans.
o At federal level a screening of data has been performed in 2017 (OGD-Screening im Bund), checking existing government data regarding its suitability for open government data. As a whole, more than 700 datasets have been identified, many of them having been published soon thereafter. (https://www.data.gv.at/2017/11/03/open-government-data-screening-im-bund-bericht-zu-potentiell-ogd-faehigen-datensaetzen-publiziert/)",Policy,"{'yes': 20, 'no': 0}",20.0
Austria,P24,"Are there processes to ensure that the open data policies/strategy previously mentioned are updated and revised as needed?

For explanation:
* If yes, please describe the process and any recent updates made to strategy/policy",yes,"Upon initiative of the State Secretary for Digitalisation in 2023, the decision has been made to elaborate a first national data strategy for Austria. From 2023 until 2024 expert interviews, and discussions with relevant stakeholders and institutions have been performed. The elaboration process also included accompanying research. The draft of the strategy was circulated among ministries for feedback. In May 2024, a public consultation was performed on the draft of the strategy allowing for public feedback. In the aftermath, the data strategy has been finalised according to the feedback provided. The data strategy should be published in 2024 as an adaptive strategy with the possibility of amending it whenever necessary. The data strategy will contain about 45 measures to be addressed. A key element will be the establishment of regular discussion fora on measures of the strategy and further necessary improvements (e.g. an administrative forum and a public forum for stakeholders).",Complement,Yes,"According to the Data Strategy for Austria that was published in October 2024, open data policies will be revised by a new Open Data Strategy. The data strategy itself was designed as an adaptive strategy with the possibility of amending it whenever necessary. The data strategy contains about 45 measures to be addressed. A key element will be the establishment of regular discussion fora on measures of the strategy and further necessary improvements (e.g. an administrative forum and a public forum for stakeholders).",Yes,"According to the Data Strategy for Austria that was published in October 2024, open data policies will be revised by a new Open Data Strategy. The data strategy itself was designed as an adaptive strategy with the possibility of amending it whenever necessary. The data strategy contains about 45 measures to be addressed. A key element will be the establishment of regular discussion fora on measures of the strategy and further necessary improvements (e.g. an administrative forum and a public forum for stakeholders).",Policy,"{'yes': 20, 'no': 0}",20.0
Austria,P3,"Is there an open data policy/strategy at regional or local level?

For Explanation:
* If yes, please (1) provide the URL and (2) title of the document(s) and (3) briefly describe.",yes,"2024:
The State/City of Vienna pursues a ""Data Excellence strategy"" with the leading principle ""open by default"" for open data 
(https://go.gv.at/l9dxstrategie). The Open Data Strategy of the City of Vienna has been evaluated in 2024 (https://www.data.gv.at/2024/05/06/evaluation-der-open-data-strategie-der-stadt-wien)
2023:
The State/City of Vienna pursues a ""Data Excellence strategy"" with the leading principle ""open by default"" for open data 
(https://go.gv.at/l9dxstrategie)",Confirm,,,yes,"2024:
The State/City of Vienna pursues a ""Data Excellence strategy"" with the leading principle ""open by default"" for open data 
(https://go.gv.at/l9dxstrategie). The Open Data Strategy of the City of Vienna has been evaluated in 2024 (https://www.data.gv.at/2024/05/06/evaluation-der-open-data-strategie-der-stadt-wien)
2023:
The State/City of Vienna pursues a ""Data Excellence strategy"" with the leading principle ""open by default"" for open data 
(https://go.gv.at/l9dxstrategie)",Policy,"{'yes': 20, 'no': 0, 'not applicable': 20}",20.0
Austria,P4,"Does the national strategy/policy include an action plan with measures to be implemented in the open data field?

For Explanation:
If yes, please briefly describe the main measures described by the action plan.",yes,"The Austrian Digital Action Plan on Data contains a leading theme on data. The aim is to position Austria as digital innovation location. Data solidarity should be achieved through sharing data. Main measures are e.g.: Increased social and economic added value through better use of data, better data literacy through education and training, Austria as an attractive data location for science and the economy, ensuring transparency and the traceable use of data. The Action Plan also envisages the establishment of a national data hub.",Complement,Yes,"o The Austrian Digital Action Plan on Data contains a leading theme on data. The aim is to position Austria as digital innovation location. Data solidarity should be achieved through sharing data. Main measures are e.g.: Increased social and economic added value through better use of data, better data literacy through education and training, Austria as an attractive data location for science and the economy, ensuring transparency and the traceable use of data. The Action Plan also envisages the establishment of a national data hub. (https://www.digitalaustria.gv.at/Strategien/Digitaler-Aktionsplan.html)
o The Data Strategy for Austria (2024) contains 45 measures to boost the re-use of data. Amongst those measures, an opn data strategy should be developed (https://www.digitalaustria.gv.at/Strategien/Datenstrategie.html)",Yes,"o The Austrian Digital Action Plan on Data contains a leading theme on data. The aim is to position Austria as digital innovation location. Data solidarity should be achieved through sharing data. Main measures are e.g.: Increased social and economic added value through better use of data, better data literacy through education and training, Austria as an attractive data location for science and the economy, ensuring transparency and the traceable use of data. The Action Plan also envisages the establishment of a national data hub. (https://www.digitalaustria.gv.at/Strategien/Digitaler-Aktionsplan.html)
o The Data Strategy for Austria (2024) contains 45 measures to boost the re-use of data. Amongst those measures, an opn data strategy should be developed (https://www.digitalaustria.gv.at/Strategien/Datenstrategie.html)",Policy,"{'yes': 20, 'no': 0}",20.0
Belgium,I1,"Do you have a definition of open data reuse in your country?
 
For Explanation:
* If yes, please specify it.",yes,"Use of non-private data in an easy (for automated tools) to process format by businesses, NPOs or other administrations than the administration publishing the data, in practical tools, services, visualisations or analyses",Confirm,,,yes,"Use of non-private data in an easy (for automated tools) to process format by businesses, NPOs or other administrations than the administration publishing the data, in practical tools, services, visualisations or analyses",Impact,"{'yes': 20, 'no': 0}",20.0
Belgium,I10,"Have any public bodies in your country developed any systematic way of gathering reuse cases?

For Explanation:
* If yes, please provide a brief explanation of the process: How does the gathering happen?",no,Rather on an ad-hoc basis,Confirm,,,no,Rather on an ad-hoc basis,Impact,"{'yes': 20, 'no': 0, ""i don't know"": 0}",0.0
Belgium,I12,"Is any data on the impact created by open data on governmental challenges (e.g. efficiency, effectiveness, transparency, decision-making capacity) available in your country such as from research studies, impact assessments, or other systematic investigations that quantify the results or broader effects of open data being reused?

For Explanation:
* If yes, please (1) specify what kind of data source proves this impact and (2) provide the URLs to this data.",i don't know,"As far as I know no hard figures, though impact is mentioned in projects and initiatives",Change,No,"Walloon Region: publication of a best practices document for local authorities: https://nadi.unamur.be/research/smart-cities-and-e-government/open-data-guide -  https://www.sciencedirect.com/science/article/abs/pii/S0740624X21000265 - This article uses open data to create a Dashboard to visualize data from the city of Liège, demonstrating the value of open data for local administrations (i.e. administrations not only publishing but also using open data)",No,"Walloon Region: publication of a best practices document for local authorities: https://nadi.unamur.be/research/smart-cities-and-e-government/open-data-guide -  https://www.sciencedirect.com/science/article/abs/pii/S0740624X21000265 - This article uses open data to create a Dashboard to visualize data from the city of Liège, demonstrating the value of open data for local administrations (i.e. administrations not only publishing but also using open data)",Impact,"{'yes': 20, 'no': 0, ""i don't know"": 0}",0.0
Belgium,I17,"Is any data on the impact created by open data on social challenges (e.g. inequality, healthcare, education) available in your country such as from research studies, impact assessments, or other systematic investigations that quantify the results or broader effects of open data being reused?

For Explanation:
* If yes, please (1) specify what kind of data source proves this impact and (2) provide the URLs to this data.",yes,"The Flemish Provinces use the open data dashboard on SDGs to track progress of municipalities in achieving these goals, see also https://cdn.flxml.eu/m-7e0dddf44851770ee2dd728bc7106997da4f071c55402b3d, and to create the ""Kansarmoede Atlas"" (see https://kansarmoede.west-vlaanderen.be/gwportal/apps/sites/#/kansarmoede-atlas) and reports to create awareness on gender inequality in pensions (e.g. https://www.plan.be/uploaded/documents/202404250919410.REP_PensionGenderCapsEU_Report2_13001.pdf)",Confirm,,,yes,"The Flemish Provinces use the open data dashboard on SDGs to track progress of municipalities in achieving these goals, see also https://cdn.flxml.eu/m-7e0dddf44851770ee2dd728bc7106997da4f071c55402b3d, and to create the ""Kansarmoede Atlas"" (see https://kansarmoede.west-vlaanderen.be/gwportal/apps/sites/#/kansarmoede-atlas) and reports to create awareness on gender inequality in pensions (e.g. https://www.plan.be/uploaded/documents/202404250919410.REP_PensionGenderCapsEU_Report2_13001.pdf)",Impact,"{'yes': 20, 'no': 0, ""i don't know"": 0}",20.0
Belgium,I2,"Are there any processes in place to monitor the level of reuse of your country's open data?
 
For Explanation:
* If yes, please (1) briefly describe these processes and (2) provide the URLs to support the answer.",yes,"Yearly search for thesises published with/about open data (https://data.gov.be/nl/studies-en-thesissen) and looking for reuse (also on regional level, see https://www.vlaanderen.be/datavindplaats/inspiratie)",Complement,,Slightly different location for the studies: https://data.gov.be/en/documentation/studies-and-dissertations,yes,Slightly different location for the studies: https://data.gov.be/en/documentation/studies-and-dissertations,Impact,"{'yes': 20, 'no': 0, ""i don't know"": 0}",20.0
Belgium,I27,"Is any data on the economic impact (e.g. GDP, employment, productivity, innovation,  new businesses created etc.) of open data available in your country such as from research studies, impact assessments, or other systematic investigations that quantify the results or broader effects of open data being reused?

For Explanation:
* If yes, please specify what kind of data source proves this impact and provide the URLs to this data.",yes,"Linked Open Data Economie (Dutch), on economic impact of data from the Cities of Bruges and Ghent (https://stad.gent/sites/default/files/media/documents/LODE%20finaal%20rapport.pdf)",Confirm,,,yes,"Linked Open Data Economie (Dutch), on economic impact of data from the Cities of Bruges and Ghent (https://stad.gent/sites/default/files/media/documents/LODE%20finaal%20rapport.pdf)",Impact,"{'yes': 20, 'no': 0, ""i don't know"": 0}",20.0
Belgium,I9,"Have any public bodies in your country launched or performed any activities in the past year to better understand reusers' needs in order to further stimulate the reuse of open data?

For Explanation:
* If yes, which of the following activities have been performed? Please describe how the activity has helped you better stimulate reuse.
* Multiple answers are possible.",yes,,Confirm,Yes,,Yes,,Impact,"{'yes': 40, 'no': 0, ""i don't know"": 0}",40.0
Belgium,P1,"Is there a national open data policy in your country and, if your country is an EU Member State, does this include a national legislation for the transposition of the Open Data Directive?

For Explanation:
* If yes, please provide (1) the URL and (2) title of the policy document and (3) briefly describe.
* If ‘other’, please provide (1) a brief explanation to support your answer choice and (2) provide the URL and indicate the policy section which explicitly references open data.",yes,"2024:
The law (https://www.ejustice.just.fgov.be/eli/loi/2016/05/04/2016009236/justel) has been updated to transpose the 3rd version of the EU PSI/Open Data Directive
2023:
Transposition of 2nd version of the PSI (3rd version in progress) https://www.ejustice.just.fgov.be/eli/loi/2016/05/04/2016009236/justel  (Loi relative à la réutilisation des informations du secteur public)",Confirm,,,yes,"2024:
The law (https://www.ejustice.just.fgov.be/eli/loi/2016/05/04/2016009236/justel) has been updated to transpose the 3rd version of the EU PSI/Open Data Directive
2023:
Transposition of 2nd version of the PSI (3rd version in progress) https://www.ejustice.just.fgov.be/eli/loi/2016/05/04/2016009236/justel  (Loi relative à la réutilisation des informations du secteur public)",Policy,"{'yes': 40, 'no': 0, 'other': 40}",40.0
Belgium,P13,"Is there a governance structure in place that enables the participation and/or inclusion of various open data stakeholders? 

For Explanation:
*  If yes, please briefly describe the governance structure and its operating model",yes,"At federal level there is an open data task force and ""FedAX"" network of CDOs + informal meetings with members of the ""OpenKnowledge Foundation"" + by allowing anyone to request access to datasets, similar initiatives/governance at regional level
At Walloon Level, this is carried out by the SPW",Confirm,,,yes,"At federal level there is an open data task force and ""FedAX"" network of CDOs + informal meetings with members of the ""OpenKnowledge Foundation"" + by allowing anyone to request access to datasets, similar initiatives/governance at regional level
At Walloon Level, this is carried out by the SPW",Policy,"{'yes': 40, 'no': 0}",40.0
Belgium,P16,"To what degree do local/regional public bodies conduct open data initiatives? 

For Explanation:
* If not applicable, please explain why.",all public bodies,All 3 Regions have open data initiatives + a few larger cities (smaller cities require support of Regional level),Confirm,,,all public bodies,All 3 Regions have open data initiatives + a few larger cities (smaller cities require support of Regional level),Policy,"{'all public bodies': 20, 'the majority of public bodies': 15, 'approximately half of the public bodies': 10, 'few public bodies': 5, 'none of the public bodies': 0, 'not applicable': 20}",20.0
Belgium,P2,"Is there a national open data strategy in your country?

For Explanation:
* If yes, please provide (1) the URL to the strategy and (2) describe the main highlights.  
* If 'not applicable', please provide (1) a brief explanation to support your answer choice and provide (2) the URL and indicate the policy section which explicitly references objectives, actions/measures, delivery timelines etc.",yes,"https://data.gov.be/sites/default/files/public/content/compressed_fr-strategisch-dossier.pdf, focus on ""open by default"", economic aspects, and interaction with the community",Complement,,"Slight change of location, file can now be found on https://data.gov.be/sites/default/files/files/content/compressed_nlstrategisch-dossier.pdf",yes,"Slight change of location, file can now be found on https://data.gov.be/sites/default/files/files/content/compressed_nlstrategisch-dossier.pdf",Policy,"{'yes': 40, 'no': 0, 'not applicable': 40}",40.0
Belgium,P22,"Do data publication plans exist at public body level?

For Explanation:
* If yes, please provide the URL and briefly highlight the key aspects covered.",yes,"2024:
Only for some datasets, like Statistics and Cadaster at federal level. At Walloon Region, there is a plan (https://spw.wallonie.be/sites/default/files/2024-06/Memorandum_complet_SPW%20EER%20%281%29_0.pdf)
2023:
Only for Statistics and Cadaster data, eg. https://statbel.fgov.be/fr/calendar",Confirm,,,yes,"2024:
Only for some datasets, like Statistics and Cadaster at federal level. At Walloon Region, there is a plan (https://spw.wallonie.be/sites/default/files/2024-06/Memorandum_complet_SPW%20EER%20%281%29_0.pdf)
2023:
Only for Statistics and Cadaster data, eg. https://statbel.fgov.be/fr/calendar",Policy,"{'yes': 20, 'no': 0}",20.0
Belgium,P24,"Are there processes to ensure that the open data policies/strategy previously mentioned are updated and revised as needed?

For explanation:
* If yes, please describe the process and any recent updates made to strategy/policy",no,Plociy at the federal level not yet approved,Confirm,,,no,Plociy at the federal level not yet approved,Policy,"{'yes': 20, 'no': 0}",0.0
Belgium,P3,"Is there an open data policy/strategy at regional or local level?

For Explanation:
* If yes, please (1) provide the URL and (2) title of the document(s) and (3) briefly describe.",yes,"2024:
Flanders Region: https://www.vlaanderen.be/digitaal-vlaanderen/vlaamse-digitale-strategie/vlaamse-datastrategie, Vlaamse Data Strategie, focus on data awareness / ecosystem and governance / quality. 
Walloon Region: part of https://www.wallonie.be/sites/default/files/2021-10/plan_de_relance_de_la_wallonie_octobre_2021.pdf, Plan de Relance de la Wallonie (projects 139 - develop and govern open data, 297 - data centric approach, 298 - operalization of open data) 
2023:
E.g. Flanders Region, part of the general data strategy: https://www.vlaanderen.be/digitaal-vlaanderen/vlaamse-digitale-strategie/vlaamse-datastrategie",Confirm,,,yes,"2024:
Flanders Region: https://www.vlaanderen.be/digitaal-vlaanderen/vlaamse-digitale-strategie/vlaamse-datastrategie, Vlaamse Data Strategie, focus on data awareness / ecosystem and governance / quality. 
Walloon Region: part of https://www.wallonie.be/sites/default/files/2021-10/plan_de_relance_de_la_wallonie_octobre_2021.pdf, Plan de Relance de la Wallonie (projects 139 - develop and govern open data, 297 - data centric approach, 298 - operalization of open data) 
2023:
E.g. Flanders Region, part of the general data strategy: https://www.vlaanderen.be/digitaal-vlaanderen/vlaamse-digitale-strategie/vlaamse-datastrategie",Policy,"{'yes': 20, 'no': 0, 'not applicable': 20}",20.0
Belgium,P4,"Does the national strategy/policy include an action plan with measures to be implemented in the open data field?

For Explanation:
If yes, please briefly describe the main measures described by the action plan.",yes,"Response to reviewer: the datasets being released are mostly request-driven, in communication with open data users and community. Main points of the plan are listed on pg 7: e.g reduce number of licenses, using DCAT for metadata exchange",Confirm,,,yes,"Response to reviewer: the datasets being released are mostly request-driven, in communication with open data users and community. Main points of the plan are listed on pg 7: e.g reduce number of licenses, using DCAT for metadata exchange",Policy,"{'yes': 20, 'no': 0}",20.0
Bulgaria,I1,"Do you have a definition of open data reuse in your country?
 
For Explanation:
* If yes, please specify it.",yes,"Open data is the public information collected, created and maintained by public sector organizations and published in an open machine-readable format (CSV, RDF, XML, JSON, etc.), allowing re-use for commercial or non-commercial purposes.
Reuse of public sector information is the use also for commercial or non-commercial purposes other than the original purpose for which it was created within the powers or functions of a public sector organization. The provision of public sector information to a public sector organization in connection with the exercise of its powers or functions is not reuse within the meaning of Access to Public Information Act. (Article 2a, APIA).

https://e-gov.bg/wps/portal/agency/home/data/data",Confirm,,,yes,"Open data is the public information collected, created and maintained by public sector organizations and published in an open machine-readable format (CSV, RDF, XML, JSON, etc.), allowing re-use for commercial or non-commercial purposes.
Reuse of public sector information is the use also for commercial or non-commercial purposes other than the original purpose for which it was created within the powers or functions of a public sector organization. The provision of public sector information to a public sector organization in connection with the exercise of its powers or functions is not reuse within the meaning of Access to Public Information Act. (Article 2a, APIA).

https://e-gov.bg/wps/portal/agency/home/data/data",Impact,"{'yes': 20, 'no': 0}",20.0
Bulgaria,I10,"Have any public bodies in your country developed any systematic way of gathering reuse cases?

For Explanation:
* If yes, please provide a brief explanation of the process: How does the gathering happen?",yes,"Each administration, according to Art. 15 of the Access to Public Information Act, prepares an annual report on the received applications for access to public information and for the reuse of information from the public sector, which also includes data on the refusals made and the reasons for this. The annual report is part of the annual reports under Art. 62, para. 1 of the Administration and Summary Information Act is published in the annual report of IISDA.
One section of the Council of Ministers report examines the implementation of the obligations of state institutions following the Access to Public Information Act (APIA) to adopt internal rules for work under the Access to Public Information Act, to publish certain categories of information on their websites and to provide explanatory information on the exercise of the right of access to information by citizens and legal entities.
An element of this part of the analysis is the data on the preferred form of obtaining the requested public information. The re-use summary section in the report is under development. results will be visible in next year report. 
https://www.strategy.bg/Publications/View.aspx?lang=bg-BG&Id=81
https://ariisda.government.bg/AdmReports/ReportingPeriods/QuestionnairePreview
https://www.aip-bg.org/",Confirm,,,yes,"Each administration, according to Art. 15 of the Access to Public Information Act, prepares an annual report on the received applications for access to public information and for the reuse of information from the public sector, which also includes data on the refusals made and the reasons for this. The annual report is part of the annual reports under Art. 62, para. 1 of the Administration and Summary Information Act is published in the annual report of IISDA.
One section of the Council of Ministers report examines the implementation of the obligations of state institutions following the Access to Public Information Act (APIA) to adopt internal rules for work under the Access to Public Information Act, to publish certain categories of information on their websites and to provide explanatory information on the exercise of the right of access to information by citizens and legal entities.
An element of this part of the analysis is the data on the preferred form of obtaining the requested public information. The re-use summary section in the report is under development. results will be visible in next year report. 
https://www.strategy.bg/Publications/View.aspx?lang=bg-BG&Id=81
https://ariisda.government.bg/AdmReports/ReportingPeriods/QuestionnairePreview
https://www.aip-bg.org/",Impact,"{'yes': 20, 'no': 0, ""i don't know"": 0}",20.0
Bulgaria,I12,"Is any data on the impact created by open data on governmental challenges (e.g. efficiency, effectiveness, transparency, decision-making capacity) available in your country such as from research studies, impact assessments, or other systematic investigations that quantify the results or broader effects of open data being reused?

For Explanation:
* If yes, please (1) specify what kind of data source proves this impact and (2) provide the URLs to this data.",no,"The system for electronic budget payments (SEBRA) is a system for monitoring payments initiated by budget enterprises included in it and managing payments within pre-set limits. The implementation and improvement of SEBRA is a major component of the budget reform and, in particular, of the reform of the payment system for the budget sector, through which the following main goals are achieved:
- improvement of the budget payments and rationalization of the payment process by centralizing the monetary resource in BGN in the Bulgarian National Bank and decentralized management and control of the payments of the individual systems, through the relevant primary administrator;
- implementation of aggregated control and management of payments by setting a general limit for payments to the relevant budget appropriations, with a view to ensuring rhythmicity in the financing of state expenditures.
Achieved results:
- modernization, simplification and rationalization of cash management and budget execution;
- improving efficiency in the management of budgetary resources;
- limiting cash payments to the maximum extent;
- increasing fiscal transparency;
- improvement of fiscal discipline.
https://e-gov.bg/wps/portal/agency/about-us/open-management/sebra-info
https://data.egov.bg/data/view/6f3d3e61-9788-4092-b8bd-f37436ebd0f5

The platform for access to public information was created and is maintained by the administration of the Council of Ministers according to Art. 15c, para. 1 of the Act on Access to Public Information (APIA). It represents a single, central, public web-based information system that provides electronically the entire process of submitting and considering an application for access to information, referral by competence if necessary, provision of a decision and publication of the relevant information by those obliged under the Law on Access to Public Information entities subject to the protection of the applicant's personal data according to the Personal Data Protection Act.
https://pitay.government.bg/PDoiExt/
Portal for public consultations
https://www.strategy.bg/

The opening of this data has led to a great deal of public interest and discussion. These data were requested through an annual list of priority data sets approved by Decision of the Council of Ministers to be published and updated continuously. This led to strong public interest, making easier and more adequate decisions by experts based on open data and information.

The Open Data team maintains an ongoing dialogue with multiple users and owners of open data to improve the access and impact of this data.
An internship program was announced at the beginning of the year, which supported an intern to work with the open data team.
 
The impact on government open data challenges can be seen in the way government policy has changed to take open data requirements into account.
In recent months there has been serious discussion and debate by the government with the implementation and transposition of the Open Data Directive. This has led to increased transparency in government and has pushed public bodies to improve their data management and publishing processes.",Confirm,,,no,"The system for electronic budget payments (SEBRA) is a system for monitoring payments initiated by budget enterprises included in it and managing payments within pre-set limits. The implementation and improvement of SEBRA is a major component of the budget reform and, in particular, of the reform of the payment system for the budget sector, through which the following main goals are achieved:
- improvement of the budget payments and rationalization of the payment process by centralizing the monetary resource in BGN in the Bulgarian National Bank and decentralized management and control of the payments of the individual systems, through the relevant primary administrator;
- implementation of aggregated control and management of payments by setting a general limit for payments to the relevant budget appropriations, with a view to ensuring rhythmicity in the financing of state expenditures.
Achieved results:
- modernization, simplification and rationalization of cash management and budget execution;
- improving efficiency in the management of budgetary resources;
- limiting cash payments to the maximum extent;
- increasing fiscal transparency;
- improvement of fiscal discipline.
https://e-gov.bg/wps/portal/agency/about-us/open-management/sebra-info
https://data.egov.bg/data/view/6f3d3e61-9788-4092-b8bd-f37436ebd0f5

The platform for access to public information was created and is maintained by the administration of the Council of Ministers according to Art. 15c, para. 1 of the Act on Access to Public Information (APIA). It represents a single, central, public web-based information system that provides electronically the entire process of submitting and considering an application for access to information, referral by competence if necessary, provision of a decision and publication of the relevant information by those obliged under the Law on Access to Public Information entities subject to the protection of the applicant's personal data according to the Personal Data Protection Act.
https://pitay.government.bg/PDoiExt/
Portal for public consultations
https://www.strategy.bg/

The opening of this data has led to a great deal of public interest and discussion. These data were requested through an annual list of priority data sets approved by Decision of the Council of Ministers to be published and updated continuously. This led to strong public interest, making easier and more adequate decisions by experts based on open data and information.

The Open Data team maintains an ongoing dialogue with multiple users and owners of open data to improve the access and impact of this data.
An internship program was announced at the beginning of the year, which supported an intern to work with the open data team.
 
The impact on government open data challenges can be seen in the way government policy has changed to take open data requirements into account.
In recent months there has been serious discussion and debate by the government with the implementation and transposition of the Open Data Directive. This has led to increased transparency in government and has pushed public bodies to improve their data management and publishing processes.",Impact,"{'yes': 20, 'no': 0, ""i don't know"": 0}",0.0
Bulgaria,I17,"Is any data on the impact created by open data on social challenges (e.g. inequality, healthcare, education) available in your country such as from research studies, impact assessments, or other systematic investigations that quantify the results or broader effects of open data being reused?

For Explanation:
* If yes, please (1) specify what kind of data source proves this impact and (2) provide the URLs to this data.",no,"Social challenges in the ""Education"" sector are annually presented in the form of open data on the National Portal, on the basis of which high school applicants can analyze their chances of ranking in certain educational institutions. Statistics and criteria for the current year are maintained and published by the Ministry of Education. There is data on schools, profiles and specialties suitable for disadvantaged youth - youth at social risk or who have dropped out of the education system to continue their education, get basic knowledge and guidance in choosing a profession.
https://data.egov.bg/data/view/b56288b6-25aa-4049-9aa6-de2cd4cdabf8
https://data.egov.bg/data?access=&q=%D0%B8%D0%B7%D0%BA%D0%BB%D1%8E%D1%87%D0%B2%D0%B0%D0 %BD%D0%B5+%D1%83%D1%87%D0%B8%D0%BB%D0%B8%D1%89%D0%B5&page=2
https://data.egov.bg/data/view/342373b3-ff81-411e-ab01-1bfe597e8348
https://web.mon.bg/bg/1

""Access to information"" program - cases received with a request for legal comment or advice are recorded and determined according to several criteria. This allows the arrangement of all the case studies and the comments on them in a database, which allows them to be systematized over time, as well as allowing various statistical inquiries to be made:
Legal Qualification – This criterion determines the type of right violated.
Institution – This criterion indicates the institution that the information seeker has contacted or wishes to contact.
Type of legal aid provided
https://www.aip-bg.org/cases/%D0%A1%D1%82%D0%B0%D1%82%D0%B8%D1%81%D1%82%D0%B8%D0%BA %D0%B0/
https://www.aip-bg.org/trainings/ Foundation Program Access to Information

The State Agency for Child Protection maintains statistical resources based on information and analytical reports for children at risk, refugees, raised and educated in specialized institutions.
https://sacp.government.bg/%D1%81%D1%82%D0%B0%D1%82%D0%B8%D1%81%D1%82%D0%B8%D0%BA%D0%B0",Confirm,,,no,"Social challenges in the ""Education"" sector are annually presented in the form of open data on the National Portal, on the basis of which high school applicants can analyze their chances of ranking in certain educational institutions. Statistics and criteria for the current year are maintained and published by the Ministry of Education. There is data on schools, profiles and specialties suitable for disadvantaged youth - youth at social risk or who have dropped out of the education system to continue their education, get basic knowledge and guidance in choosing a profession.
https://data.egov.bg/data/view/b56288b6-25aa-4049-9aa6-de2cd4cdabf8
https://data.egov.bg/data?access=&q=%D0%B8%D0%B7%D0%BA%D0%BB%D1%8E%D1%87%D0%B2%D0%B0%D0 %BD%D0%B5+%D1%83%D1%87%D0%B8%D0%BB%D0%B8%D1%89%D0%B5&page=2
https://data.egov.bg/data/view/342373b3-ff81-411e-ab01-1bfe597e8348
https://web.mon.bg/bg/1

""Access to information"" program - cases received with a request for legal comment or advice are recorded and determined according to several criteria. This allows the arrangement of all the case studies and the comments on them in a database, which allows them to be systematized over time, as well as allowing various statistical inquiries to be made:
Legal Qualification – This criterion determines the type of right violated.
Institution – This criterion indicates the institution that the information seeker has contacted or wishes to contact.
Type of legal aid provided
https://www.aip-bg.org/cases/%D0%A1%D1%82%D0%B0%D1%82%D0%B8%D1%81%D1%82%D0%B8%D0%BA %D0%B0/
https://www.aip-bg.org/trainings/ Foundation Program Access to Information

The State Agency for Child Protection maintains statistical resources based on information and analytical reports for children at risk, refugees, raised and educated in specialized institutions.
https://sacp.government.bg/%D1%81%D1%82%D0%B0%D1%82%D0%B8%D1%81%D1%82%D0%B8%D0%BA%D0%B0",Impact,"{'yes': 20, 'no': 0, ""i don't know"": 0}",0.0
Bulgaria,I2,"Are there any processes in place to monitor the level of reuse of your country's open data?
 
For Explanation:
* If yes, please (1) briefly describe these processes and (2) provide the URLs to support the answer.",yes,"The National Open Data Portal has processes in place at national level to monitor the reuse of open data. Tools are available to measure reuse, including number of users, dataset views and downloads, and overall portal usage. Using Google Analytics and Tableau, these statistics are publicly available at https://data.egov.bg/statistika?section=1&item=1 and https://lookerstudio.google.com/reporting/20a22fa9-a6dc-4f09-9c7b -192d5b24d1d1/page/DsNMB?s=jyhzby8b7FY.
Also there are regular meetings with the Open Data Portal' Users. Their feedback, comments and suggestions on existing data are sought and invited to suggest additional data that may be useful to them.",Confirm,,,yes,"The National Open Data Portal has processes in place at national level to monitor the reuse of open data. Tools are available to measure reuse, including number of users, dataset views and downloads, and overall portal usage. Using Google Analytics and Tableau, these statistics are publicly available at https://data.egov.bg/statistika?section=1&item=1 and https://lookerstudio.google.com/reporting/20a22fa9-a6dc-4f09-9c7b -192d5b24d1d1/page/DsNMB?s=jyhzby8b7FY.
Also there are regular meetings with the Open Data Portal' Users. Their feedback, comments and suggestions on existing data are sought and invited to suggest additional data that may be useful to them.",Impact,"{'yes': 20, 'no': 0, ""i don't know"": 0}",20.0
Bulgaria,I27,"Is any data on the economic impact (e.g. GDP, employment, productivity, innovation,  new businesses created etc.) of open data available in your country such as from research studies, impact assessments, or other systematic investigations that quantify the results or broader effects of open data being reused?

For Explanation:
* If yes, please specify what kind of data source proves this impact and provide the URLs to this data.",no,"Bulgarian Small and Medium Enterprises Promotion Agency publishes information about all its initiatives in one place, which leads to increased visibility and economic impact. It also publishes regular reports on the state of SMEs with information on newly established enterprises in the country by year. Entrepreneurship contributes to employment, prosperity, competitiveness and economic growth. Encouraging entrepreneurship and the creation of start-ups is of crucial importance for the development and competitiveness of the Bulgarian economy as well as nationally as well as regionally. Open Data is a key resource for the development of SMEs and especially startups. 
https://e-sme.government.bg/Public/RegisterMSP#
https://www.sme.government.bg/uploads/2023/03/%D0%94%D0%9E%D0%9A%D0%9B%D0%90%D0%94_%D0%9C%D0%A1%D0%9F-2022.pdf

The National Institute of Statistics provides extensive information on unemployment and various types of indices
https://nsi.bg/bg
https://infostat.nsi.bg/infostat/pages/module.jsf?x_2=13
https://nsi.bg/bg/content/7697/%D0%B1%D1%80%D0%BE%D0%B9-%D0%BD%D0%B0-%D0%BF%D1%80%D0%B5%D0%B4%D0%BF%D1%80%D0%B8%D1%8F%D1%82%D0%B8%D1%8F%D1%82%D0%B0

Ministry of Labor and Social Policy and
Employment agencies announce daily vacancies
https://www.az.government.bg/bg/ejobs/view_prl/
The Executive Agency for Small and Medium Enterpriseshttps://www.sme.government.bg/

Innovations and project proposals is on the page of https://www.mig.government.bg/",Confirm,,,no,"Bulgarian Small and Medium Enterprises Promotion Agency publishes information about all its initiatives in one place, which leads to increased visibility and economic impact. It also publishes regular reports on the state of SMEs with information on newly established enterprises in the country by year. Entrepreneurship contributes to employment, prosperity, competitiveness and economic growth. Encouraging entrepreneurship and the creation of start-ups is of crucial importance for the development and competitiveness of the Bulgarian economy as well as nationally as well as regionally. Open Data is a key resource for the development of SMEs and especially startups. 
https://e-sme.government.bg/Public/RegisterMSP#
https://www.sme.government.bg/uploads/2023/03/%D0%94%D0%9E%D0%9A%D0%9B%D0%90%D0%94_%D0%9C%D0%A1%D0%9F-2022.pdf

The National Institute of Statistics provides extensive information on unemployment and various types of indices
https://nsi.bg/bg
https://infostat.nsi.bg/infostat/pages/module.jsf?x_2=13
https://nsi.bg/bg/content/7697/%D0%B1%D1%80%D0%BE%D0%B9-%D0%BD%D0%B0-%D0%BF%D1%80%D0%B5%D0%B4%D0%BF%D1%80%D0%B8%D1%8F%D1%82%D0%B8%D1%8F%D1%82%D0%B0

Ministry of Labor and Social Policy and
Employment agencies announce daily vacancies
https://www.az.government.bg/bg/ejobs/view_prl/
The Executive Agency for Small and Medium Enterpriseshttps://www.sme.government.bg/

Innovations and project proposals is on the page of https://www.mig.government.bg/",Impact,"{'yes': 20, 'no': 0, ""i don't know"": 0}",0.0
Bulgaria,I9,"Have any public bodies in your country launched or performed any activities in the past year to better understand reusers' needs in order to further stimulate the reuse of open data?

For Explanation:
* If yes, which of the following activities have been performed? Please describe how the activity has helped you better stimulate reuse.
* Multiple answers are possible.",yes,,Confirm,,,yes,,Impact,"{'yes': 40, 'no': 0, ""i don't know"": 0}",40.0
Bulgaria,P1,"Is there a national open data policy in your country and, if your country is an EU Member State, does this include a national legislation for the transposition of the Open Data Directive?

For Explanation:
* If yes, please provide (1) the URL and (2) title of the policy document and (3) briefly describe.
* If ‘other’, please provide (1) a brief explanation to support your answer choice and (2) provide the URL and indicate the policy section which explicitly references open data.",yes,"https://e-gov.bg/wps/portal/agency/home/data/opendata/opendata-legal/opendata-legal-national 
The policy has been included in the Access to Public Information Act, the Ordinance on the standard terms and conditions for public sector information reuse and its publishing in open format, which contains specific provisions regarding publishing and reuse of public information in open format and in Decisions of the Council of Ministers approving the List of data sets by priority areas to be published in open format annually. The Act and the Ordinance settle the provisions regarding the right of access to public information, as well as the reuse of the public sector information. 
Pursuant the Electronic Government Act the Ministry of e-Government (MEG)  issues methodical guidelines and supports the administrations in defining the structure and contents of the datasets to be published on the Open Data Portal of the Republic of Bulgaria under the Access to Public Information Act.
The updated National eGovernment Strategy and the Roadmap for its implementation  including open data, and builds on the implementation of the objectives after 2018.
https://egov.government.bg/wps/portal/ministry-meu/strategies-policies/strategic-documents

Second Action Plan of the Republic of Bulgaria under  the “Open Government Partnership”: http://www.strategy.bg/Articles/View.aspx?lang=bg-BG&categoryId=&Id=15&y=&m=&d
Third Action Plan of the Republic of Bulgaria under the “Open Government Partnership”: http://www.strategy.bg/PublicConsultations/View.aspx?lang=bg-BG&Id=2130
The Fourth Action Plan of the Republic of Bulgaria under the “Open Government Partnership”: 
http://www.strategy.bg/Articles/List.aspx?lang=bg-BG&categoryId=17

Digital Bulgaria 2025, Roadmap and Reports:
https://egov.government.bg/wps/portal/ministry-meu/digital.transformation/itis-national-strategic-documents/np-digital-bulgaria-2025",Confirm,,,yes,"https://e-gov.bg/wps/portal/agency/home/data/opendata/opendata-legal/opendata-legal-national 
The policy has been included in the Access to Public Information Act, the Ordinance on the standard terms and conditions for public sector information reuse and its publishing in open format, which contains specific provisions regarding publishing and reuse of public information in open format and in Decisions of the Council of Ministers approving the List of data sets by priority areas to be published in open format annually. The Act and the Ordinance settle the provisions regarding the right of access to public information, as well as the reuse of the public sector information. 
Pursuant the Electronic Government Act the Ministry of e-Government (MEG)  issues methodical guidelines and supports the administrations in defining the structure and contents of the datasets to be published on the Open Data Portal of the Republic of Bulgaria under the Access to Public Information Act.
The updated National eGovernment Strategy and the Roadmap for its implementation  including open data, and builds on the implementation of the objectives after 2018.
https://egov.government.bg/wps/portal/ministry-meu/strategies-policies/strategic-documents

Second Action Plan of the Republic of Bulgaria under  the “Open Government Partnership”: http://www.strategy.bg/Articles/View.aspx?lang=bg-BG&categoryId=&Id=15&y=&m=&d
Third Action Plan of the Republic of Bulgaria under the “Open Government Partnership”: http://www.strategy.bg/PublicConsultations/View.aspx?lang=bg-BG&Id=2130
The Fourth Action Plan of the Republic of Bulgaria under the “Open Government Partnership”: 
http://www.strategy.bg/Articles/List.aspx?lang=bg-BG&categoryId=17

Digital Bulgaria 2025, Roadmap and Reports:
https://egov.government.bg/wps/portal/ministry-meu/digital.transformation/itis-national-strategic-documents/np-digital-bulgaria-2025",Policy,"{'yes': 40, 'no': 0, 'other': 40}",40.0
Bulgaria,P13,"Is there a governance structure in place that enables the participation and/or inclusion of various open data stakeholders? 

For Explanation:
*  If yes, please briefly describe the governance structure and its operating model",no,Ministry of e-Government,Confirm,No,"Yes, in Bulgaria the Ministry of e-Government holds the primary responsibility for coordinating the open data policy, managing the National Open Data Portal (data.egov.bg), and issuing methodological guidelines for data publication. These responsibilities are regulated under Article 7v, paragraph 2, item 17 of the Electronic Governance Act",No,"Yes, in Bulgaria the Ministry of e-Government holds the primary responsibility for coordinating the open data policy, managing the National Open Data Portal (data.egov.bg), and issuing methodological guidelines for data publication. These responsibilities are regulated under Article 7v, paragraph 2, item 17 of the Electronic Governance Act",Policy,"{'yes': 40, 'no': 0}",0.0
Bulgaria,P16,"To what degree do local/regional public bodies conduct open data initiatives? 

For Explanation:
* If not applicable, please explain why.",few public bodies,,Complement,Few public bodies,"Local and regional public bodies in Bulgaria carry out open data initiatives to a limited extent, with significant variation between individual administrations. Some larger municipalities (e.g. Sofia Municipality, Burgas, Plovdiv) demonstrate a certain level of activity — most often by publishing data on the national portal (data.egov.bg). However, the majority of municipalities and regional administrations lack capacity, resources, and institutional focus, which results in weak or merely symbolic engagement.",Few public bodies,"Local and regional public bodies in Bulgaria carry out open data initiatives to a limited extent, with significant variation between individual administrations. Some larger municipalities (e.g. Sofia Municipality, Burgas, Plovdiv) demonstrate a certain level of activity — most often by publishing data on the national portal (data.egov.bg). However, the majority of municipalities and regional administrations lack capacity, resources, and institutional focus, which results in weak or merely symbolic engagement.",Policy,"{'all public bodies': 20, 'the majority of public bodies': 15, 'approximately half of the public bodies': 10, 'few public bodies': 5, 'none of the public bodies': 0, 'not applicable': 20}",5.0
Bulgaria,P2,"Is there a national open data strategy in your country?

For Explanation:
* If yes, please provide (1) the URL to the strategy and (2) describe the main highlights.  
* If 'not applicable', please provide (1) a brief explanation to support your answer choice and provide (2) the URL and indicate the policy section which explicitly references objectives, actions/measures, delivery timelines etc.",not applicable,"The open data principles are embedded in the National Updated eGovernment Strategy 2019-2025 - https://e-gov.bg/wps/wcm/connect/e-gov.bg-18083/1506d64e-0f16-4954-ba0b-dfd77ae58184/%D0%A1%D1%82%D1%80%D0%B0%D1%82%D0%B5%D0%B3%D0%B8%D1%8F+%D0%B7%D0%B0+%D1%80%D0%B0%D0%B7%D0%B2%D0%B8%D1%82%D0%B8%D0%B5+%D0%BD%D0%B0+%D0%B5%D0%BB%D0%B5%D0%BA%D1%82%D1%80%D0%BE%D0%BD%D0%BD%D0%BE%D1%82%D0%BE+%D1%83%D0%BF%D1%80%D0%B0%D0%B2%D0%BB%D0%B5%D0%BD%D0%B8%D0%B5+2019-2025.pdf?MOD=AJPERES&CVID=nyx-ndJ&useDefaultText=0&useDefaultDesc=0
The Strategy provides for:
- the implementation of a Registry reform, which clearly provides for open data;
- decreasing the use of unstructured data;  
obligatory compliance with the open data principle (data generated by the public sector shall be in an open 
-machine-readable format, allowing for their reuse)",Confirm,,,not applicable,"The open data principles are embedded in the National Updated eGovernment Strategy 2019-2025 - https://e-gov.bg/wps/wcm/connect/e-gov.bg-18083/1506d64e-0f16-4954-ba0b-dfd77ae58184/%D0%A1%D1%82%D1%80%D0%B0%D1%82%D0%B5%D0%B3%D0%B8%D1%8F+%D0%B7%D0%B0+%D1%80%D0%B0%D0%B7%D0%B2%D0%B8%D1%82%D0%B8%D0%B5+%D0%BD%D0%B0+%D0%B5%D0%BB%D0%B5%D0%BA%D1%82%D1%80%D0%BE%D0%BD%D0%BD%D0%BE%D1%82%D0%BE+%D1%83%D0%BF%D1%80%D0%B0%D0%B2%D0%BB%D0%B5%D0%BD%D0%B8%D0%B5+2019-2025.pdf?MOD=AJPERES&CVID=nyx-ndJ&useDefaultText=0&useDefaultDesc=0
The Strategy provides for:
- the implementation of a Registry reform, which clearly provides for open data;
- decreasing the use of unstructured data;  
obligatory compliance with the open data principle (data generated by the public sector shall be in an open 
-machine-readable format, allowing for their reuse)",Policy,"{'yes': 40, 'no': 0, 'not applicable': 40}",40.0
Bulgaria,P22,"Do data publication plans exist at public body level?

For Explanation:
* If yes, please provide the URL and briefly highlight the key aspects covered.",yes,"2024:
The internal processes of the organization are based on the requirements in the Access to Public Information Act, where it is regulated that public sector organizations create, maintain, update and publish in their profile in the Open Data Portal datasets and metadata to them, defined by the order of art. 15b of the Law on Access to Public Information. In this regard, the designated data officers of each organization pursuant to Art. 8, paragraph 3 of the Ordinance plan, publish and update the already published data on the portal. As the planning of the new data sets for publication of the POD is carried out by these officials, based on an internal review of the data and systems, including the upgraded or newly created information systems, registers or databases agreed according to the order of Art. 58a of the Law on Electronic Government. Employees give their annual proposals to the leaders of their organizations. The approved proposals are included in the annual operational plans of each organization, are submitted as a plan in the Integrated Information System of the State Administration (IISDA) and are checked by the officials authorized by the Minister of e-Government under Art. 43 of ZDOI. The obligations of these persons are charged with an order (accompanied by publication instructions) on the model of the Minister of e-Government and are published on the portal. The general procedure for planning, prioritizing, publishing and updating information is outlined in the portal. Specific procedures for different organizations may be spelled out in internal procedures or rules at the discretion of the specific manager.
2023:
o Each year, since the Directive 37/2013/EU was implemented in the national legislative framework, the Council of Ministers adopts action plans for gradual opening of the numerous datasets in prioritised fields. This action plans are in the form of a Decision of the Council of Ministers, which includes also the list of datasets to be published in the current year by the public bodies. So far, the adopted decisions are as follows: Decision No. 103 of the Council of Ministers (CoM)dated 17 February 2015 on approving the List of data sets by priority area to be published in open format;
o Decision  No. 214 of the Council of Ministers dated 25 March 2016 on approving the List of data sets by priority area to be published in open format;
o Decision No. 897 of the Council of Ministers dated 21 October 2016 on amending and supplementing  of Decision No. 214 of the CoM dated 25 March 2016
o Decision No. 436 of the Council of Ministers of 04 August 2017 on the adoption of a List of data sets by priority area to be published in open format on the Open Data Portal
o Decision No. 54 of the Council of Ministers of 01 February 2019 on the adoption of a List of data sets by priority area to be published in open format on the Open Data Portal
Decision No. 435 of the Council of Ministers of 03 July 2020 on the adoption of a List of data sets by priority area to be published in open format on the Open Data Portal
Decision No. 567 of the Council of Ministers of 30 July 2021 on the adoption of a List of data sets by priority area to be published in open format on the Open Data Portal
Decision No. 406 of the Council of Ministers of 23 June 2022 on the adoption of a List of data sets by priority area to be published in open format on the Open Data Portal
https://egov.government.bg/wps/portal/ministry-meu/home/data/open-data/legislation/opendata-legal-national/",Complement,Yes,"In Bulgaria, public bodies are legally required to develop and publish annual open data publication plans. This obligation is stipulated in Article 15a of the Access to Public Information Act (Закон за достъп до обществена информация - ЗДОИ), which mandates each administrative structure to annually publish a list of data categories intended for release, along with the formats in which this information will be accessible. These publication plans are typically made available through the National Open Data Portal: https://data.egov.bg. The key aspects covered in these plans include: Identification of datasets maintained by the public body; Specification of the formats in which the data will be published, ensuring they are open and machine-readable; Timelines for the phased publication of the datasets.",Yes,"In Bulgaria, public bodies are legally required to develop and publish annual open data publication plans. This obligation is stipulated in Article 15a of the Access to Public Information Act (Закон за достъп до обществена информация - ЗДОИ), which mandates each administrative structure to annually publish a list of data categories intended for release, along with the formats in which this information will be accessible. These publication plans are typically made available through the National Open Data Portal: https://data.egov.bg. The key aspects covered in these plans include: Identification of datasets maintained by the public body; Specification of the formats in which the data will be published, ensuring they are open and machine-readable; Timelines for the phased publication of the datasets.",Policy,"{'yes': 20, 'no': 0}",20.0
Bulgaria,P24,"Are there processes to ensure that the open data policies/strategy previously mentioned are updated and revised as needed?

For explanation:
* If yes, please describe the process and any recent updates made to strategy/policy",yes,We will plan next revision in policy/strategy revision in 2025 and we will consider the specific findings based on collected data.,Complement,Yes,"Yes. The update of the open data policy in Bulgaria takes place within the broader framework of digital governance processes and through commitments under international initiatives such as the Open Government Partnership (https://www.opengovpartnership.org/documents/bulgaria-action-plan-review-2022-2024/?utm_source=chatgpt.com). The most recent update is linked to the OGP National Action Plan 2022–2024, which includes measures related to transparency and access to data.",Yes,"Yes. The update of the open data policy in Bulgaria takes place within the broader framework of digital governance processes and through commitments under international initiatives such as the Open Government Partnership (https://www.opengovpartnership.org/documents/bulgaria-action-plan-review-2022-2024/?utm_source=chatgpt.com). The most recent update is linked to the OGP National Action Plan 2022–2024, which includes measures related to transparency and access to data.",Policy,"{'yes': 20, 'no': 0}",20.0
Bulgaria,P3,"Is there an open data policy/strategy at regional or local level?

For Explanation:
* If yes, please (1) provide the URL and (2) title of the document(s) and (3) briefly describe.",no,,Confirm,,,no,,Policy,"{'yes': 20, 'no': 0, 'not applicable': 20}",0.0
Bulgaria,P4,"Does the national strategy/policy include an action plan with measures to be implemented in the open data field?

For Explanation:
If yes, please briefly describe the main measures described by the action plan.",yes,"Establish measures for:
o Amendments in the existing legal framework (APIA and relative Ordinance);
o Appoint responsible persons (data officers) from each public body for opening and monitoring the usage of their own data;
o Support public bodies to define their data which to be provided in an open machine readable format;
o Issue guidelines for defining the structure and content of datasets and metadata;
o Motivate public bodies to prioritize datasets and to publish in maximum details high value datasets;
o Develop a channel of communication between public bodies and re-users;
o Increase citizens’ awareness;
o Initiate activities to explore the opinion of the potential users of the open data portal and promote the portal and priority datasets;
o Create a forum/working group with all stakeholders in open data process to engage data community
o Create mechanism for benchmarking of data openness and maturity on national level;
o Conduct a pilot project for cooperation among institutions for measuring the re-use;
o Take action to ensure that consumers are confident about the timeliness of the information by introducing mandatory binding of categories of information in the list within the meaning of Article 15a p.3 of APIA with active links to the place of their publication;
o Develop and validate internal rules / procedures for the maintenance and operation of the Open Data Portal

The updated National eGovernment Strategy ensures the implementation of the current European principles of e-government, introduced at national level, aincluding open data, and builds on the implementation of the objectives after 2018. This Strategy serves as a framework on the basis of which the policy strategies will be created by the relevant administrative bodies and their administrations. The Roadmap for its implementation has also been updated, taking into account the progress made in the implementation of the priorities set so far, as well as the agreements, partnerships and opportunities reached by the administration and its partners for further actions.",Confirm,,,yes,"Establish measures for:
o Amendments in the existing legal framework (APIA and relative Ordinance);
o Appoint responsible persons (data officers) from each public body for opening and monitoring the usage of their own data;
o Support public bodies to define their data which to be provided in an open machine readable format;
o Issue guidelines for defining the structure and content of datasets and metadata;
o Motivate public bodies to prioritize datasets and to publish in maximum details high value datasets;
o Develop a channel of communication between public bodies and re-users;
o Increase citizens’ awareness;
o Initiate activities to explore the opinion of the potential users of the open data portal and promote the portal and priority datasets;
o Create a forum/working group with all stakeholders in open data process to engage data community
o Create mechanism for benchmarking of data openness and maturity on national level;
o Conduct a pilot project for cooperation among institutions for measuring the re-use;
o Take action to ensure that consumers are confident about the timeliness of the information by introducing mandatory binding of categories of information in the list within the meaning of Article 15a p.3 of APIA with active links to the place of their publication;
o Develop and validate internal rules / procedures for the maintenance and operation of the Open Data Portal

The updated National eGovernment Strategy ensures the implementation of the current European principles of e-government, introduced at national level, aincluding open data, and builds on the implementation of the objectives after 2018. This Strategy serves as a framework on the basis of which the policy strategies will be created by the relevant administrative bodies and their administrations. The Roadmap for its implementation has also been updated, taking into account the progress made in the implementation of the priorities set so far, as well as the agreements, partnerships and opportunities reached by the administration and its partners for further actions.",Policy,"{'yes': 20, 'no': 0}",20.0
Estonia,I1,"Do you have a definition of open data reuse in your country?
 
For Explanation:
* If yes, please specify it.",yes,"According to Public Information Act (https://www.riigiteataja.ee/en/eli/ee/510122021005/consolide/current) § 3.  Re-use of public information
 (1) The re-use of information is the use of such public information, the public use of which is not restricted by law or pursuant to the procedure established by law (hereinafter open data), by natural persons or legal persons for commercial or non-commercial purposes other than the initial purpose within the public duties for which the information was obtained or produced. The exchange of information between holders of information for the performance of their public duties does not constitute re-use of information.",Confirm,,,yes,"According to Public Information Act (https://www.riigiteataja.ee/en/eli/ee/510122021005/consolide/current) § 3.  Re-use of public information
 (1) The re-use of information is the use of such public information, the public use of which is not restricted by law or pursuant to the procedure established by law (hereinafter open data), by natural persons or legal persons for commercial or non-commercial purposes other than the initial purpose within the public duties for which the information was obtained or produced. The exchange of information between holders of information for the performance of their public duties does not constitute re-use of information.",Impact,"{'yes': 20, 'no': 0}",20.0
Estonia,I10,"Have any public bodies in your country developed any systematic way of gathering reuse cases?

For Explanation:
* If yes, please provide a brief explanation of the process: How does the gathering happen?",yes,"The MoEAC doing it through meet-ups with other public sector representatives, NGOs, academia, and private sector.

The following answer was partial from our end. A key part in collecting reuse cases is through yearly data maturity assessment, where public bodies are required to provide information on reuse cases, an overview of last years maturity assessment can be found in https://avaandmed.eesti.ee/instructions/public-sector-impact-assessment-of-open-data-2022. We also carry out assessment in the private sector. During the last assessment, we involved roughly 2000 Estonian companies representing different areas and sizes for representative purposes, in addition to interviewing and meeting with representative bodies, universities and clusters. These are regular activities we do to understand private  sector, NGO and other stakeholder needs and requirements regarding open data. During the meetups, focus group interviews and 1-1 interviews, we collect information on data re-use, stakeholder needs, investment requirements and so forth.",Complement,,"Now open data team is a part of the Ministry of Justice and Digital Affairs, not the Ministry of Economics and Communications (MoEAC) and all activities mentioned previous years caried out by the MoEAC are now transfered to the Ministry of Justice and Digital Affairs.",yes,"Now open data team is a part of the Ministry of Justice and Digital Affairs, not the Ministry of Economics and Communications (MoEAC) and all activities mentioned previous years caried out by the MoEAC are now transfered to the Ministry of Justice and Digital Affairs.",Impact,"{'yes': 20, 'no': 0, ""i don't know"": 0}",20.0
Estonia,I12,"Is any data on the impact created by open data on governmental challenges (e.g. efficiency, effectiveness, transparency, decision-making capacity) available in your country such as from research studies, impact assessments, or other systematic investigations that quantify the results or broader effects of open data being reused?

For Explanation:
* If yes, please (1) specify what kind of data source proves this impact and (2) provide the URLs to this data.",yes,"Main impact includes government being more efficient and transparent. Also, we see an increasing trend on data-driven decision/making on governmental level. We notice that enteties tend to have more willingness to develope technologies and find the ways of solving problems using data. 
The impact can be monitored mostly by the reuse. Open data reuse is very popular internally within the organization: many institutions have created interesting usage stories based on their open data, the most common of which are data visualizations. There are institutions that have found that they help non-thematic parties to better interpret very specific data and thus alleviate the institution's workload of clarifying the data logic.  Reuse cases can be found on our national portal in the use cases section https://avaandmed.eesti.ee/usage-stories. The number of use cases is constantly growing.  
Every year we carry out an impact assessment of open data and data managment in the public sector, results are published on our open data portal (on estonian language). Year 2022  - https://avaandmed.eesti.ee/instructions/avaandmete-mojuhinnang-avalikus-sektoris-2022

The yearly impact assessments are a systematic study, not anecdotal. Which are in addition assisted with additional studies and impact assessment requirements for public bodies. There are examples in all ministries and areas, where impact has been created and measured. For instance, Estonian Agricultural Registry is using satellite data (open data available through esthub) to verify whether the grasslands have been mowed to automate and support decision-making capacity, transportation authority is using open data to understand the likelihood of traffic accidents happening and plan investments to improve traffic management, Tallinn is using open data gathered through crowdsourcing to plan public investments in road maintenance and planning (https://gis.tallinn.ee/andmekorje/?fbclid=IwAR14eN87q_KGScM_E8jJVHHPdbOUdKnUKsss3rD-a24dFMZYMosQZ-JH_aU), and so forth. 

For instance, in the traffic accident likelihood project, we understood what are the key factors that contribute to the traffic accidents and how likely it is that traffic accidents take place, the F1 score was for specific classes (road which are less likely to have any major accidents and thus need intervention) was 0.98794618 and so forth. In the agriculture use-cases, the precision is roughly 85%, which means in most cases the public official doesn’t need to do on-site inspections, thus contributing to efficiency.",Confirm,,,yes,"Main impact includes government being more efficient and transparent. Also, we see an increasing trend on data-driven decision/making on governmental level. We notice that enteties tend to have more willingness to develope technologies and find the ways of solving problems using data. 
The impact can be monitored mostly by the reuse. Open data reuse is very popular internally within the organization: many institutions have created interesting usage stories based on their open data, the most common of which are data visualizations. There are institutions that have found that they help non-thematic parties to better interpret very specific data and thus alleviate the institution's workload of clarifying the data logic.  Reuse cases can be found on our national portal in the use cases section https://avaandmed.eesti.ee/usage-stories. The number of use cases is constantly growing.  
Every year we carry out an impact assessment of open data and data managment in the public sector, results are published on our open data portal (on estonian language). Year 2022  - https://avaandmed.eesti.ee/instructions/avaandmete-mojuhinnang-avalikus-sektoris-2022

The yearly impact assessments are a systematic study, not anecdotal. Which are in addition assisted with additional studies and impact assessment requirements for public bodies. There are examples in all ministries and areas, where impact has been created and measured. For instance, Estonian Agricultural Registry is using satellite data (open data available through esthub) to verify whether the grasslands have been mowed to automate and support decision-making capacity, transportation authority is using open data to understand the likelihood of traffic accidents happening and plan investments to improve traffic management, Tallinn is using open data gathered through crowdsourcing to plan public investments in road maintenance and planning (https://gis.tallinn.ee/andmekorje/?fbclid=IwAR14eN87q_KGScM_E8jJVHHPdbOUdKnUKsss3rD-a24dFMZYMosQZ-JH_aU), and so forth. 

For instance, in the traffic accident likelihood project, we understood what are the key factors that contribute to the traffic accidents and how likely it is that traffic accidents take place, the F1 score was for specific classes (road which are less likely to have any major accidents and thus need intervention) was 0.98794618 and so forth. In the agriculture use-cases, the precision is roughly 85%, which means in most cases the public official doesn’t need to do on-site inspections, thus contributing to efficiency.",Impact,"{'yes': 20, 'no': 0, ""i don't know"": 0}",20.0
Estonia,I17,"Is any data on the impact created by open data on social challenges (e.g. inequality, healthcare, education) available in your country such as from research studies, impact assessments, or other systematic investigations that quantify the results or broader effects of open data being reused?

For Explanation:
* If yes, please (1) specify what kind of data source proves this impact and (2) provide the URLs to this data.",yes,"Main impact is seen on raising the level of citizen's awarness, spreading  knowledge about social problems and tackling them. Also data helps to find out the problems, which have to be solved. .
The impact is monitored mostly by the re-use cases of open data. Some of them are brought below. More re-use cases can be found on our national portal in the use cases section https://avaandmed.eesti.ee/usage-stories . The number of use cases is constantly growing. 
Every year we carry out an impact assessment of open data and data managment in the public sector, results are published on our open data portal (on estonian language). Year 2022  - https://avaandmed.eesti.ee/instructions/avaandmete-mojuhinnang-avalikus-sektoris-2022

We have additional information to question 47 as requested.",Confirm,,,yes,"Main impact is seen on raising the level of citizen's awarness, spreading  knowledge about social problems and tackling them. Also data helps to find out the problems, which have to be solved. .
The impact is monitored mostly by the re-use cases of open data. Some of them are brought below. More re-use cases can be found on our national portal in the use cases section https://avaandmed.eesti.ee/usage-stories . The number of use cases is constantly growing. 
Every year we carry out an impact assessment of open data and data managment in the public sector, results are published on our open data portal (on estonian language). Year 2022  - https://avaandmed.eesti.ee/instructions/avaandmete-mojuhinnang-avalikus-sektoris-2022

We have additional information to question 47 as requested.",Impact,"{'yes': 20, 'no': 0, ""i don't know"": 0}",20.0
Estonia,I2,"Are there any processes in place to monitor the level of reuse of your country's open data?
 
For Explanation:
* If yes, please (1) briefly describe these processes and (2) provide the URLs to support the answer.",yes,"Use-cases of open data can be found through national portal, page called use-cases (https://avaandmed.eesti.ee/usage-stories). As well, natinal portal provides information on the number of dataset's downloads, which can indirectly indicate the level of re-use. We also discuss use-cases during monthly working group meetings, where authorities present their use-cases. Use-cases are also shared during big annual event - Open Data Forum.",Confirm,,,yes,"Use-cases of open data can be found through national portal, page called use-cases (https://avaandmed.eesti.ee/usage-stories). As well, natinal portal provides information on the number of dataset's downloads, which can indirectly indicate the level of re-use. We also discuss use-cases during monthly working group meetings, where authorities present their use-cases. Use-cases are also shared during big annual event - Open Data Forum.",Impact,"{'yes': 20, 'no': 0, ""i don't know"": 0}",20.0
Estonia,I27,"Is any data on the economic impact (e.g. GDP, employment, productivity, innovation,  new businesses created etc.) of open data available in your country such as from research studies, impact assessments, or other systematic investigations that quantify the results or broader effects of open data being reused?

For Explanation:
* If yes, please specify what kind of data source proves this impact and provide the URLs to this data.",yes,"We are working closely with private sector to detect their needs in open data and share the knowledge we currently poses, so they won't need to spend time and money on the things, which already exist and can be reused. As well we try to inspire them to publish their open data. Our goal is to have more open data use cases generated by private sector, which can be used for creating servises and technologies as well as making private sector more transperant. We notice that there is still some lack of knowledge regarding opportuities government can provide, but we are working on it. From our side we conduct different projects, which bring together public and private sector or create some other value.  
In advance, the impact is monitored mostly by the re-use cases of open data. The number of external uses reported to us is lower, but this is often also due to the fact that institutions often do not know how exactly the data has been re-used. The profile of the users is known, but the exact cases of use are not. In most cases, open data is also published under such a license that, in the case of re-use, it is not necessary to refer to the owner, so it is not possible to fully identify all usage stories – especially those where several data sets are interconnected. Some of them are brought below https://avaandmed.eesti.ee/usage-stories . The number of use cases is constantly growing.
Every year we carry out an impact assessment of open data and data managment in the public sector, results are published on our open data portal (on estonian language). Year 2022  - https://avaandmed.eesti.ee/instructions/avaandmete-mojuhinnang-avalikus-sektoris-2022  

For clarification, we base and evaluate the economic impact of open data on the following dataset: https://ec.europa.eu/newsroom/dae/redirection/document/93686 and https://ec.europa.eu/newsroom/dae/redirection/document/93915. There are also dashboards available at: https://tooturg.stat.ee/, which are used to decide and plan measures for the nation regarding employment and supporting economy. Various tools are also built to support the decision-making based on the changes in the labour market, for example OTT and MALLE (https://www.etag.ee/wp-content/uploads/2022/05/RITA_MAITT_LOPPARUANNE_FINAL.pdf).",Confirm,,,yes,"We are working closely with private sector to detect their needs in open data and share the knowledge we currently poses, so they won't need to spend time and money on the things, which already exist and can be reused. As well we try to inspire them to publish their open data. Our goal is to have more open data use cases generated by private sector, which can be used for creating servises and technologies as well as making private sector more transperant. We notice that there is still some lack of knowledge regarding opportuities government can provide, but we are working on it. From our side we conduct different projects, which bring together public and private sector or create some other value.  
In advance, the impact is monitored mostly by the re-use cases of open data. The number of external uses reported to us is lower, but this is often also due to the fact that institutions often do not know how exactly the data has been re-used. The profile of the users is known, but the exact cases of use are not. In most cases, open data is also published under such a license that, in the case of re-use, it is not necessary to refer to the owner, so it is not possible to fully identify all usage stories – especially those where several data sets are interconnected. Some of them are brought below https://avaandmed.eesti.ee/usage-stories . The number of use cases is constantly growing.
Every year we carry out an impact assessment of open data and data managment in the public sector, results are published on our open data portal (on estonian language). Year 2022  - https://avaandmed.eesti.ee/instructions/avaandmete-mojuhinnang-avalikus-sektoris-2022  

For clarification, we base and evaluate the economic impact of open data on the following dataset: https://ec.europa.eu/newsroom/dae/redirection/document/93686 and https://ec.europa.eu/newsroom/dae/redirection/document/93915. There are also dashboards available at: https://tooturg.stat.ee/, which are used to decide and plan measures for the nation regarding employment and supporting economy. Various tools are also built to support the decision-making based on the changes in the labour market, for example OTT and MALLE (https://www.etag.ee/wp-content/uploads/2022/05/RITA_MAITT_LOPPARUANNE_FINAL.pdf).",Impact,"{'yes': 20, 'no': 0, ""i don't know"": 0}",20.0
Estonia,I9,"Have any public bodies in your country launched or performed any activities in the past year to better understand reusers' needs in order to further stimulate the reuse of open data?

For Explanation:
* If yes, which of the following activities have been performed? Please describe how the activity has helped you better stimulate reuse.
* Multiple answers are possible.",yes,,Confirm,,,yes,,Impact,"{'yes': 40, 'no': 0, ""i don't know"": 0}",40.0
Estonia,P1,"Is there a national open data policy in your country and, if your country is an EU Member State, does this include a national legislation for the transposition of the Open Data Directive?

For Explanation:
* If yes, please provide (1) the URL and (2) title of the policy document and (3) briefly describe.
* If ‘other’, please provide (1) a brief explanation to support your answer choice and (2) provide the URL and indicate the policy section which explicitly references open data.",yes,"The Open Data Directive was adopted in Estonia as a legislative act called Public Information Act (PIA) https://www.riigiteataja.ee/en/eli/ee/510122021005/consolide/current .  This piece of legislation regulates data publishing in Estonia, including regulations regarding open data publishing, re-use of open data, high-value datasets, etc; There is also the Green Paper on Machine-Readable Open Government Data, which gives guidelines on open data publishing https://www.riha.ee/api/v1/systems/eaatv/files/cdbfa8bd-2594-8ad3-6022-ff3d3dbf6781",Confirm,,,yes,"The Open Data Directive was adopted in Estonia as a legislative act called Public Information Act (PIA) https://www.riigiteataja.ee/en/eli/ee/510122021005/consolide/current .  This piece of legislation regulates data publishing in Estonia, including regulations regarding open data publishing, re-use of open data, high-value datasets, etc; There is also the Green Paper on Machine-Readable Open Government Data, which gives guidelines on open data publishing https://www.riha.ee/api/v1/systems/eaatv/files/cdbfa8bd-2594-8ad3-6022-ff3d3dbf6781",Policy,"{'yes': 40, 'no': 0, 'other': 40}",40.0
Estonia,P13,"Is there a governance structure in place that enables the participation and/or inclusion of various open data stakeholders? 

For Explanation:
*  If yes, please briefly describe the governance structure and its operating model",yes,"We have large network of data-related experts from the public, private sector and academia, which includes around 600 people. 
The Ministry of Economic Affairs and Communications (MoEAC) is responsible for leading open data policy in Estonia.
The have established public sector inter-departmental open data working group, which involves members from different interested ministries and other public sector organizations (e.g. National Audit Office, City of Tallinn). The working group meets on a regular basis (at least once a month) and participation is also open to non-members (e.g. civil society, private companies, academia). The working group aim is to share news, upcoming changes, share experiences. 
Other stakeholders can participate in the governance process through stakeholder discussion events, such as the annual Open Data Forum or smaller workshops throughout the year devoted to specific open data issues. 
Almost two years ago the MoEAC together with other public authorities established Data Stewards Steering Group. Data Stewards Steering Group brings together data stewards from different public authorities to ensure the sustainable and balanced development of the data field. Steering group focuses on such topics as data retrieval, data quality improvement, data re-use, data life cycle management, and data protection requirements.
Moreover, we have our own network on place connecting more than 600+ public sector officials, which we use for information sharing, conducting surveys, promotion of events, etc.",Complement,,Our community has grown and now we have around 700 people.,yes,Our community has grown and now we have around 700 people.,Policy,"{'yes': 40, 'no': 0}",40.0
Estonia,P16,"To what degree do local/regional public bodies conduct open data initiatives? 

For Explanation:
* If not applicable, please explain why.",all public bodies,,Confirm,,,all public bodies,,Policy,"{'all public bodies': 20, 'the majority of public bodies': 15, 'approximately half of the public bodies': 10, 'few public bodies': 5, 'none of the public bodies': 0, 'not applicable': 20}",20.0
Estonia,P2,"Is there a national open data strategy in your country?

For Explanation:
* If yes, please provide (1) the URL to the strategy and (2) describe the main highlights.  
* If 'not applicable', please provide (1) a brief explanation to support your answer choice and provide (2) the URL and indicate the policy section which explicitly references objectives, actions/measures, delivery timelines etc.",yes,"2024:
Last year mentioned open data action plan is now available on our webpage https://www.kratid.ee/andmehalduse-tegevused. In addition, this year we are working on creation of the data white book, outlining strategic goals for the next 5 years, including open data field (e.g. enabling access to all state data through national data portal; assigning new HVD categories; assessing risks to state security, which open data can possess, etc).
2023:
Our Open Data Action Plan was recently renewed and covers actions and strategic goals for years 2023-2024. New action plan is yet to be approved by the government, so it isn't publicly available yet. The main highlights of the plan include actions and strategies in 4 dimensions (public sector, private sector, education and legislation) with a focus on upskilling public officials, publishing open data and its quality improvement, as well as open data reuse growth. The general goals (publishing public sector data as open by default) are stipulated in the Public Information Act: https://www.riigiteataja.ee/en/eli/ee/510122021005/consolide/current. (includes the goal of fostering open access to publicly funded research data among other known principals from the OD PSI Directive). Previous Open Data and Data Management action plans for 2021-2022 are available on the national open data portal https://avaandmed.eesti.ee/instructions/action-plans-for-open-data-and-data-management-2021-2022.",Confirm,,,yes,"2024:
Last year mentioned open data action plan is now available on our webpage https://www.kratid.ee/andmehalduse-tegevused. In addition, this year we are working on creation of the data white book, outlining strategic goals for the next 5 years, including open data field (e.g. enabling access to all state data through national data portal; assigning new HVD categories; assessing risks to state security, which open data can possess, etc).
2023:
Our Open Data Action Plan was recently renewed and covers actions and strategic goals for years 2023-2024. New action plan is yet to be approved by the government, so it isn't publicly available yet. The main highlights of the plan include actions and strategies in 4 dimensions (public sector, private sector, education and legislation) with a focus on upskilling public officials, publishing open data and its quality improvement, as well as open data reuse growth. The general goals (publishing public sector data as open by default) are stipulated in the Public Information Act: https://www.riigiteataja.ee/en/eli/ee/510122021005/consolide/current. (includes the goal of fostering open access to publicly funded research data among other known principals from the OD PSI Directive). Previous Open Data and Data Management action plans for 2021-2022 are available on the national open data portal https://avaandmed.eesti.ee/instructions/action-plans-for-open-data-and-data-management-2021-2022.",Policy,"{'yes': 40, 'no': 0, 'not applicable': 40}",40.0
Estonia,P22,"Do data publication plans exist at public body level?

For Explanation:
* If yes, please provide the URL and briefly highlight the key aspects covered.",yes,"Public bodies have their own data publication plans, which they compile as part of their organizations' strategies and action plans (e.g One of the strategies of The Information Technology Centre of the Ministry of the Environment includes open data publication plans for every year from 2022-2025 https://envir.ee/media/5809/download )
Some public organisations apply for monetary support provided by the MoEAC for carrying out their IT projects, one of the conditions for getting the support is open data publication, which would emerge during the project or be used for the project. This way open data publication plan becomes a part of the IT project plan.",Confirm,,,yes,"Public bodies have their own data publication plans, which they compile as part of their organizations' strategies and action plans (e.g One of the strategies of The Information Technology Centre of the Ministry of the Environment includes open data publication plans for every year from 2022-2025 https://envir.ee/media/5809/download )
Some public organisations apply for monetary support provided by the MoEAC for carrying out their IT projects, one of the conditions for getting the support is open data publication, which would emerge during the project or be used for the project. This way open data publication plan becomes a part of the IT project plan.",Policy,"{'yes': 20, 'no': 0}",20.0
Estonia,P24,"Are there processes to ensure that the open data policies/strategy previously mentioned are updated and revised as needed?

For explanation:
* If yes, please describe the process and any recent updates made to strategy/policy",yes,"Our action plans cover 2-year period, which allows as to keep them up-to-date with the rapid development of technology and the level of progress public authorities make during this period.",Confirm,,,yes,"Our action plans cover 2-year period, which allows as to keep them up-to-date with the rapid development of technology and the level of progress public authorities make during this period.",Policy,"{'yes': 20, 'no': 0}",20.0
Estonia,P3,"Is there an open data policy/strategy at regional or local level?

For Explanation:
* If yes, please (1) provide the URL and (2) title of the document(s) and (3) briefly describe.",yes,"Digital transformation is handled on all levels. There are agencies and municipalities, which include topics related to digitalization and open data in their strategies. For example The Development Strategy Tallinn 2035 (https://strateegia.tallinn.ee/) includes goals on spatial data like making them more available. Environmental Board strategy 2022–2025 (https://keskkonnaamet.ee/en/media/3613/download) has separate chapter dedecated to open data, where they underline the importance of the freely available data high of quality and its impact on boosting innovation and making informed decisions. Similar tendecies can be notices across over agencies as well.",Confirm,,,yes,"Digital transformation is handled on all levels. There are agencies and municipalities, which include topics related to digitalization and open data in their strategies. For example The Development Strategy Tallinn 2035 (https://strateegia.tallinn.ee/) includes goals on spatial data like making them more available. Environmental Board strategy 2022–2025 (https://keskkonnaamet.ee/en/media/3613/download) has separate chapter dedecated to open data, where they underline the importance of the freely available data high of quality and its impact on boosting innovation and making informed decisions. Similar tendecies can be notices across over agencies as well.",Policy,"{'yes': 20, 'no': 0, 'not applicable': 20}",20.0
Estonia,P4,"Does the national strategy/policy include an action plan with measures to be implemented in the open data field?

For Explanation:
If yes, please briefly describe the main measures described by the action plan.",yes,"2024:
Last year mentioned open data action plan is now available on our webpage https://www.kratid.ee/andmehalduse-tegevused
2023:
The Open Data Action plan 2023-2024 includes concrete actions divided into quarters for the next two years in a four main categories - public sector, private sector, education and legislation. Activities include, but are not limited to, upskilling public officials, further developments of the national open data portal, events, communication, support of the open data projects, support of open data publication and its reuse etc.",Confirm,,,yes,"2024:
Last year mentioned open data action plan is now available on our webpage https://www.kratid.ee/andmehalduse-tegevused
2023:
The Open Data Action plan 2023-2024 includes concrete actions divided into quarters for the next two years in a four main categories - public sector, private sector, education and legislation. Activities include, but are not limited to, upskilling public officials, further developments of the national open data portal, events, communication, support of the open data projects, support of open data publication and its reuse etc.",Policy,"{'yes': 20, 'no': 0}",20.0
France,I1,"Do you have a definition of open data reuse in your country?
 
For Explanation:
* If yes, please specify it.",yes,"In France, according to a broad definition that is commonly accepted, “reuse” refers to the use of public data by third parties for purposes other than the public service mission for which the data was produced or received (this definition has been recalled here : (https://www.data.gouv.fr/fr/posts/nos-reflexions-sur-les-reutilisations-des-donnees-ouvertes/).

This definition stems from the Code of Relations between the Public and the Administration : “Public information contained in documents communicated or published by the administrations mentioned in the first paragraph of article L. 300-2 may be used by any person who wishes to do so for purposes other than those of the public service mission for which the documents were produced or received.” (https://www.legifrance.gouv.fr/codes/article_lc/LEGIARTI000033219044). This definition is similar to the PSI Directive definition : “Public sector bodies collect, produce, reproduce and disseminate documents in order to fulfil their public service mission. The use of these documents for other purposes constitutes re-use.”

The complexity and the need to clarify the definition of reuse has been emphasised in the literature, particularly with respect to research data, a key issue being the distinction between use and reuse.

Besides that definition, more restrictive approaches have also emerged : some consider that only perennial uses of data are reuses while others consider any use of data as reuse.

In our day to day operations, any exploitation of data in order to obtain information is considered as reuse, whether this exploitation is freely accessible or not : following that definition, a use of private data or a data journalist’s work to prepare for an investigation will be considered as reuse.",Complement,Yes,"In France, according to a broad definition that is commonly accepted, « reuse » refers to the use of public data by third parties for purposes other than the public service mission for which the data was produced or received (this definition has been recalled in the legal guide provided by the French open data team : https://guides.data.gouv.fr/guides-open-data/guide-juridique/reutilisateurs-de-donnees/respecter-les-conditions-de-reutilisation). This definition directly stems from the Code of Relations between the Public and the Administration : « Public information contained in documents communicated or published by the administrations mentioned in the first paragraph of documents communicated or published by the administrations mentioned in the first paragraph of article L.300-2 may be used by any person who wishes to do so for purposes other than those of the public service mission for which the documents were produced or received. » (https://www.legifrance.gouv.fr/codes/article_lc/LEGIARTI000033219044)

This definition is similar to the PSI Directive definition : « Public sector bodies collect, produce, reproduce and disseminate documents in order to fulfill their public service mission. The use of these documents for other purposes constitutes reuse ».

The complexity and the need to clarify the definition of reuse has been emphasised in the literature, particularly with respect to research data, a key issue being the distinction between use and reuse. Besides that definition, more restrictive approaches have also emerged : some consider that only perennial uses of data are reuses while others consider any use of data as reuse. In our day to day operations, any exploitation of data in order to obtain information is considered as reuse, whether this exploitation is freely accessible or not : following that definition, a use of private data or a data journalist’s work to prepare for an investigation will be considered as reuse.",Yes,"In France, according to a broad definition that is commonly accepted, « reuse » refers to the use of public data by third parties for purposes other than the public service mission for which the data was produced or received (this definition has been recalled in the legal guide provided by the French open data team : https://guides.data.gouv.fr/guides-open-data/guide-juridique/reutilisateurs-de-donnees/respecter-les-conditions-de-reutilisation). This definition directly stems from the Code of Relations between the Public and the Administration : « Public information contained in documents communicated or published by the administrations mentioned in the first paragraph of documents communicated or published by the administrations mentioned in the first paragraph of article L.300-2 may be used by any person who wishes to do so for purposes other than those of the public service mission for which the documents were produced or received. » (https://www.legifrance.gouv.fr/codes/article_lc/LEGIARTI000033219044)

This definition is similar to the PSI Directive definition : « Public sector bodies collect, produce, reproduce and disseminate documents in order to fulfill their public service mission. The use of these documents for other purposes constitutes reuse ».

The complexity and the need to clarify the definition of reuse has been emphasised in the literature, particularly with respect to research data, a key issue being the distinction between use and reuse. Besides that definition, more restrictive approaches have also emerged : some consider that only perennial uses of data are reuses while others consider any use of data as reuse. In our day to day operations, any exploitation of data in order to obtain information is considered as reuse, whether this exploitation is freely accessible or not : following that definition, a use of private data or a data journalist’s work to prepare for an investigation will be considered as reuse.",Impact,"{'yes': 20, 'no': 0}",20.0
France,I10,"Have any public bodies in your country developed any systematic way of gathering reuse cases?

For Explanation:
* If yes, please provide a brief explanation of the process: How does the gathering happen?",yes,"The national open data portal data.gouv.fr allows anyone to publish reuses linked to datasets on the portal ([https://www.data.gouv.fr/fr/pages/onboarding/reutilisateurs/#referencer)](https://www.data.gouv.fr/fr/pages/onboarding/reutilisateurs/#referencer)) and the team behind the platform does its best to give incentives for them to do so, as a way to systematically gather re-use cases in one consolidated catalogue. To this day, more than 3000 reuses have been published on the portal and we are working on engaging more reusers to publish their projects, for example with a custom user flow : [https://www.data.gouv.fr/fr/pages/onboarding/reutilisateurs/](https://www.data.gouv.fr/fr/pages/onboarding/reutilisateurs/)

On some thematics, there are more restrictive licence where we track reuse more systematically (i.e. mobility data  : [https://doc.transport.data.gouv.fr/reutilisateurs/utilisation-par-les-reutilisateurs-de-donnees](https://doc.transport.data.gouv.fr/reutilisateurs/utilisation-par-les-reutilisateurs-de-donnees))

From April 18th 2023 to May 15th 2023, OpenDataFrance has launched a national survey to identify open data reuses deployed by local authorities : [https://www.opendatafrance.net/2023/04/12/data-impact-identifions-ensemble-les-cas-dusages-territoriaux-de-donnees/](https://www.opendatafrance.net/2023/04/12/data-impact-identifions-ensemble-les-cas-dusages-territoriaux-de-donnees/).",Complement,Yes,"The national open data platform data.gouv.fr allows anyone who reuses open data to publish their reuse work on the portal, and link it to reused datasets (https://www.data.gouv.fr/fr/pages/onboarding/reutilisateurs/#referencer). It has been thought as the best way to systematically gather reuse cases in one consolidated catalogue : to this day 4300+ reuses have already been published on the portal. The French open data team is working on engaging more reusers to share their work. For instance, it runs social media campaigns calling for reusers to declare their reuse work and publish it on data.gouv.fr : https://www.linkedin.com/feed/update/urn:li:activity:7316010914124615680.",Yes,"The national open data platform data.gouv.fr allows anyone who reuses open data to publish their reuse work on the portal, and link it to reused datasets (https://www.data.gouv.fr/fr/pages/onboarding/reutilisateurs/#referencer). It has been thought as the best way to systematically gather reuse cases in one consolidated catalogue : to this day 4300+ reuses have already been published on the portal. The French open data team is working on engaging more reusers to share their work. For instance, it runs social media campaigns calling for reusers to declare their reuse work and publish it on data.gouv.fr : https://www.linkedin.com/feed/update/urn:li:activity:7316010914124615680.",Impact,"{'yes': 20, 'no': 0, ""i don't know"": 0}",20.0
France,I12,"Is any data on the impact created by open data on governmental challenges (e.g. efficiency, effectiveness, transparency, decision-making capacity) available in your country such as from research studies, impact assessments, or other systematic investigations that quantify the results or broader effects of open data being reused?

For Explanation:
* If yes, please (1) specify what kind of data source proves this impact and (2) provide the URLs to this data.",yes,"2024:
In 2023, the data.gouv.fr team conducted an extensive survey on the impact of open data.

This survey is based on the French methodology for impact measurement and is inspired by European work, particularly the ""Indicators for an Open Data Impact Assessment.""

The study outlines the outputs, outcomes, and impacts for the four dimensions of impact (governmental, environmental, social, economic).

Regarding the outputs, a selection of indicators among those identified by the Commission were selected, including:
- Number of datasets on the theme
- Number of new datasets on the theme in 2023
- Number of views on these datasets in 2023
- Downloads of these datasets in 2023
- Number of discussions
- Number of reuses on the theme
- Number of new reuses on the theme in 2023
- Reuses by type
- Number of views on the reuses in 2023
- Discussions on the reuses

Regarding the outcomes and impacts, the use cases examined were selected from three main sources:
- The reuse catalog of the data.gouv.fr platform;
- The catalog of digital public services developed within beta.gouv.fr;
- The catalog of research publications on scanr.

And according to three criteria:
- High potential impact;
- Availability of resources and information;
- A balanced distribution in the four impact categories defined by the Open Data Maturity Report.

For each use case, a literature search was conducted and interviews were sometimes conducted with their designers to document the services, the data used, and the impacts created.

The results of this study will be published in 2024 in the form of six articles on data.gouv.fr and consolidated into a more comprehensive paper.

This is not the only study; we can notably mention the work of OpenDataFrance (DataImpact: new edition of the study on the reuse cases of environmental data - Open data france https://opendatafrance.fr/dataimpact-publication/) as well as the book by Dr. in Sociology Samuel Goëta “Les données de la démocratie: open data, pouvoirs et contre-pouvoirs” (https://cfeditions.com/donnees-democratie/) which provides a critical assessment of the impact of open data.
2023:
In 2022, Etalab has conducted a thorough study to measure the impact of open data in France. In this study, we carried out the methodology described in question 34 of this questionnaire : we combined quantitative and qualitative approaches by both analysing data.gouv.fr metrics and interviewing with data producers and reusers. Impactful use cases on different impact areas have been identified, reviewed and researched, among which governmental impact. Data on the impact created by open data on governmental challenges is available in this working paper (p.29-30 ; p.40) : : [https://www.data.gouv.fr/fr/datasets/r/a61e1fcc-cd61-46bd-a6c5-af94cb9f8459](https://www.data.gouv.fr/fr/datasets/r/a61e1fcc-cd61-46bd-a6c5-af94cb9f8459).

The FING has also led an impact study on open data. Impact created by open data on governmental challenges is analysed here (from p.18 to p.25) : [https://fing.org/wp-content/uploads/2020/02/Open-Data-impact-bilan-2010-2018-de-l-open-data.pdf#page=18](https://fing.org/wp-content/uploads/2020/02/Open-Data-impact-bilan-2010-2018-de-l-open-data.pdf#page=18).",Complement,Yes,"In 2024, the French open data team (data.gouv.fr) conducted an extensive survey on the impact of open data. This survey is based on a methodology developed in France for impact measurement and is inspired by the work currently being carried out at an European level such as the paper “Indicators for an Open Data Impact Assessment” https://data.europa.eu/sites/default/files/report/Indicators for an open data impact assessment.pdf. The study outlines the outputs, outcomes and impacts for open data four impact dimensions (governmental, environmental, social, economic). https://www.data.gouv.fr/fr/datasets/r/b647386b-b143-4fa3-891e-1ad9d31a19ab

Other studies were conducted to assess the impact of open data on government : 
- “The data of democracy: open data, powers and counterpowers” (Samuel Goeta) which provides a critical assessment of the impact of open data https://cfeditions.com/donnees-democratie/ 
- “Smart City Based on Open Data: A survey” (University of Avignon and University of Clermont Auvergne) https://ieeexplore.ieee.org/ielx7/6287639/10005208/10144740.pdf 
- “Determinants of local public governance innovations: the open data project within French local authorities” (Université Paris Panthéon Assas) https://hal.science/hal-04527579 
- “The 3rd edition of the national barometer on data and AI in French territories” (Observatoire Data Publica) https://nextcloud.datactivist.coop/s/wcpYHpcsB6pKeQs 
- “Open data in French local authorities” (Observatoire Data Publica) https://nextcloud.datactivist.coop/s/KqGBtZNeHMni9tQ",Yes,"In 2024, the French open data team (data.gouv.fr) conducted an extensive survey on the impact of open data. This survey is based on a methodology developed in France for impact measurement and is inspired by the work currently being carried out at an European level such as the paper “Indicators for an Open Data Impact Assessment” https://data.europa.eu/sites/default/files/report/Indicators for an open data impact assessment.pdf. The study outlines the outputs, outcomes and impacts for open data four impact dimensions (governmental, environmental, social, economic). https://www.data.gouv.fr/fr/datasets/r/b647386b-b143-4fa3-891e-1ad9d31a19ab

Other studies were conducted to assess the impact of open data on government : 
- “The data of democracy: open data, powers and counterpowers” (Samuel Goeta) which provides a critical assessment of the impact of open data https://cfeditions.com/donnees-democratie/ 
- “Smart City Based on Open Data: A survey” (University of Avignon and University of Clermont Auvergne) https://ieeexplore.ieee.org/ielx7/6287639/10005208/10144740.pdf 
- “Determinants of local public governance innovations: the open data project within French local authorities” (Université Paris Panthéon Assas) https://hal.science/hal-04527579 
- “The 3rd edition of the national barometer on data and AI in French territories” (Observatoire Data Publica) https://nextcloud.datactivist.coop/s/wcpYHpcsB6pKeQs 
- “Open data in French local authorities” (Observatoire Data Publica) https://nextcloud.datactivist.coop/s/KqGBtZNeHMni9tQ",Impact,"{'yes': 20, 'no': 0, ""i don't know"": 0}",20.0
France,I17,"Is any data on the impact created by open data on social challenges (e.g. inequality, healthcare, education) available in your country such as from research studies, impact assessments, or other systematic investigations that quantify the results or broader effects of open data being reused?

For Explanation:
* If yes, please (1) specify what kind of data source proves this impact and (2) provide the URLs to this data.",yes,"2024:
In 2023, the data.gouv.fr team conducted an extensive survey on the impact of open data.

This survey is based on the French methodology for impact measurement and is inspired by European work, particularly the ""Indicators for an Open Data Impact Assessment.""

The study outlines the outputs, outcomes, and impacts for the four dimensions of impact (governmental, environmental, social, economic).

Regarding the outputs, a selection of indicators among those identified by the Commission were selected, including:
- Number of datasets on the theme
- Number of new datasets on the theme in 2023
- Number of views on these datasets in 2023
- Downloads of these datasets in 2023
- Number of discussions
- Number of reuses on the theme
- Number of new reuses on the theme in 2023
- Reuses by type
- Number of views on the reuses in 2023
- Discussions on the reuses

Regarding the outcomes and impacts, the use cases examined were selected from three main sources:
- The reuse catalog of the data.gouv.fr platform;
- The catalog of digital public services developed within beta.gouv.fr;
- The catalog of research publications on scanr.

And according to three criteria:
- High potential impact;
- Availability of resources and information;
- A balanced distribution in the four impact categories defined by the Open Data Maturity Report.

For each use case, a literature search was conducted and interviews were sometimes conducted with their designers to document the services, the data used, and the impacts created.

The results of this study will be published in 2024 in the form of six articles on data.gouv.fr and consolidated into a more comprehensive paper.

This is not the only study; we can notably mention the work of OpenDataFrance (DataImpact: new edition of the study on the reuse cases of environmental data - Open data france https://opendatafrance.fr/dataimpact-publication/) as well as the book by Dr. in Sociology Samuel Goëta “Les données de la démocratie: open data, pouvoirs et contre-pouvoirs” (https://cfeditions.com/donnees-democratie/) which provides a critical assessment of the impact of open data.
2023:
In 2022, Etalab has conducted a thorough study to measure the impact of open data in France. In this study, we carried out the methodology described in question 34 of this questionnaire : we combined quantitative and qualitative approaches by both analysing data.gouv.fr metrics and interviewing with data producers and reusers. Impactful use cases on different impact areas have been identified, reviewed and researched, among which social impact. Data on the impact created by open data on social challenges are available in this working paper (i.e. p.30-33 ; p.44) : https://www.data.gouv.fr/fr/datasets/r/a61e1fcc-cd61-46bd-a6c5-af94cb9f8459.",Complement,Yes,"In 2024, the French open data team (data.gouv.fr) conducted an extensive survey on the impact of open data. This survey is based on a methodology developed in France for impact measurement and is inspired by the work currently being carried out at an European level such as the paper “Indicators for an Open Data Impact Assessment” https://data.europa.eu/sites/default/files/report/Indicators for an open data impact assessment.pdf. The study outlines the outputs, outcomes and impacts for open data four impact dimensions (governmental, environmental, social, economic). https://www.data.gouv.fr/fr/datasets/r/b647386b-b143-4fa3-891e-1ad9d31a19ab

Other studies were conducted to assess the social impact of open data: 
- “Open data and data reuse” (Sciences Po Paris) https://hal.science/hal-04583909",Yes,"In 2024, the French open data team (data.gouv.fr) conducted an extensive survey on the impact of open data. This survey is based on a methodology developed in France for impact measurement and is inspired by the work currently being carried out at an European level such as the paper “Indicators for an Open Data Impact Assessment” https://data.europa.eu/sites/default/files/report/Indicators for an open data impact assessment.pdf. The study outlines the outputs, outcomes and impacts for open data four impact dimensions (governmental, environmental, social, economic). https://www.data.gouv.fr/fr/datasets/r/b647386b-b143-4fa3-891e-1ad9d31a19ab

Other studies were conducted to assess the social impact of open data: 
- “Open data and data reuse” (Sciences Po Paris) https://hal.science/hal-04583909",Impact,"{'yes': 20, 'no': 0, ""i don't know"": 0}",20.0
France,I2,"Are there any processes in place to monitor the level of reuse of your country's open data?
 
For Explanation:
* If yes, please (1) briefly describe these processes and (2) provide the URLs to support the answer.",yes,"In France, quantitative and qualitative processes have been implemented to grasp the level of open data re-use :

- The monitoring of datasets metrics through the national open data portal [data.gouv.fr](http://data.gouv.fr/) : datasets visit and download metrics as well as the metrics on reuses published are tracked to understand which datasets are the most popular and to follow popularity dynamics (https://stats.data.gouv.fr/). We are currently working on a new interface to showcase those metrics but also trends and dynamics : [http://activites-datagouv.app.etalab.studio/](http://activites-datagouv.app.etalab.studio/)
- The monitoring of reuses referenced on the national open data portal [data.gouv.fr](http://data.gouv.fr/) ([https://www.data.gouv.fr/fr/reuses/)](https://www.data.gouv.fr/fr/reuses/)) : reusers are encouraged to publish their reuse work linked to a dataset, and their publications are monitored by the [data.gouv.fr](http://data.gouv.fr/) team on a daily basis and also allow data producers to have visibility on the reuses developed from their open data. To this day, more than 3 000 reuses have been shared on the [data.gouv.fr](http://data.gouv.fr/) portal and we are working on engaging more reusers to publish their work in order to track them better, for example with a custom user flow : [https://www.data.gouv.fr/fr/pages/onboarding/reutilisateurs/](https://www.data.gouv.fr/fr/pages/onboarding/reutilisateurs/)
- Interviews with data producers and data reusers : the [data.gouv.fr](http://data.gouv.fr/) team regularly interviews data producers and data reusers to identify emblematic reuses on important datasets and gather information about them. Part of the learnings gathered from those interviews can be found here : [https://www.data.gouv.fr/fr/posts/comment-ladministration-utilise-les-donnees-publiques-lexemple-des-startups-detat/](https://www.data.gouv.fr/fr/posts/comment-ladministration-utilise-les-donnees-publiques-lexemple-des-startups-detat/) ; [https://www.data.gouv.fr/fr/posts/comment-les-donnees-de-transport-contribuent-a-ameliorer-la-mobilite-et-laction-publique/](https://www.data.gouv.fr/fr/posts/comment-les-donnees-de-transport-contribuent-a-ameliorer-la-mobilite-et-laction-publique/) ; [https://www.data.gouv.fr/fr/posts/comment-lopen-data-devient-un-outil-de-formation-essentiel-dans-lenseignement-superieur](https://www.data.gouv.fr/fr/posts/comment-lopen-data-devient-un-outil-de-formation-essentiel-dans-lenseignement-superieur) and more detailed here : [https://www.data.gouv.fr/fr/datasets/r/a61e1fcc-cd61-46bd-a6c5-af94cb9f8459](https://www.data.gouv.fr/fr/datasets/r/a61e1fcc-cd61-46bd-a6c5-af94cb9f8459)
- Surveys to gather reuse information from reusers : numerous data producers conduct those type of surveys, namely the Ministry of Culture who has carried out a public consultation on the reuse of cultural public data : [https://www.culture.gouv.fr/Thematiques/Innovation-numerique/Actualites/Open-data-decouvrez-les-resultats-de-la-consultation](https://www.culture.gouv.fr/Thematiques/Innovation-numerique/Actualites/Open-data-decouvrez-les-resultats-de-la-consultation)
- The animation of communities, that can be done at the level of an administration or with an interdepartmental scope.",Complement,Yes,"In France, quantitative and qualitative processes are implemented to grasp the level of open data reuse.

Quantitative processes :
- The monitoring of datasets metrics on the national open data portal data.gouv.fr (datasets visit and download metrics, metrics on reuses published, etc.) to understand which datasets are the most popular and to follow popularity dynamics (https://stats.data.gouv.fr/). Datasets metrics on the data.gouv.fr platform are displayed here : https://www.data.gouv.fr/fr/dashboard/ and on each dataset’s page.

Qualitative processes : 
- The monitoring of reuses referenced on the national open data platform data.gouv.fr (https://www.data.gouv.fr/fr/reuses/) : reuses can and are incentivised to publish their reuse work on data.gouv.fr and link them to reused datasets. These publications are monitored daily by the French open data team and also allow data producers to have visibility on their published data’s uses. To this day, 4300+ reuses have been shared on the data.gouv.fr platform and we are working on engaging more Reuters to publish their work so as to track them better, for example with a custom user flow : https://www.data.gouv.fr/fr/pages/onboarding/reutilisateurs/
- Surveys to gather reuse information from reusers : numerous data producers conduct surveys to better grasp who and how their published data is used. One example is from the National institute for geographic and forestry information who carries out a public consultation on the reuse of the national building standard dataset : https://tally.so/r/3xROXy
- Interviews with data producers and data reusers : the French open data team regularly interviews data producers and data reusers to identify emblematic reuse cases on important datasets and better understand their impact. The gathered information is often exposed on the data.gouv.fr platform as documented use cases : https://www.data.gouv.fr/fr/pages/onboarding/liste_cas_usage/
- Social media campaigns implemented by the French open data team promoting reuse cases and encouraging reusers to share their reuse work, so as to identify more of them : https://www.linkedin.com/feed/update/urn:li:activity:7310984416070123520 
- Open data community animation : the French open data team creates and animates spaces for data producers and data reusers to discuss and meet, allowing for more reuse creation and information gathering about them : https://www.data.gouv.fr/fr/posts/retour-sur-le-hackathon-donnees-ouvertes-meteo-france/ https://forum.data.gouv.fr/",Yes,"In France, quantitative and qualitative processes are implemented to grasp the level of open data reuse.

Quantitative processes :
- The monitoring of datasets metrics on the national open data portal data.gouv.fr (datasets visit and download metrics, metrics on reuses published, etc.) to understand which datasets are the most popular and to follow popularity dynamics (https://stats.data.gouv.fr/). Datasets metrics on the data.gouv.fr platform are displayed here : https://www.data.gouv.fr/fr/dashboard/ and on each dataset’s page.

Qualitative processes : 
- The monitoring of reuses referenced on the national open data platform data.gouv.fr (https://www.data.gouv.fr/fr/reuses/) : reuses can and are incentivised to publish their reuse work on data.gouv.fr and link them to reused datasets. These publications are monitored daily by the French open data team and also allow data producers to have visibility on their published data’s uses. To this day, 4300+ reuses have been shared on the data.gouv.fr platform and we are working on engaging more Reuters to publish their work so as to track them better, for example with a custom user flow : https://www.data.gouv.fr/fr/pages/onboarding/reutilisateurs/
- Surveys to gather reuse information from reusers : numerous data producers conduct surveys to better grasp who and how their published data is used. One example is from the National institute for geographic and forestry information who carries out a public consultation on the reuse of the national building standard dataset : https://tally.so/r/3xROXy
- Interviews with data producers and data reusers : the French open data team regularly interviews data producers and data reusers to identify emblematic reuse cases on important datasets and better understand their impact. The gathered information is often exposed on the data.gouv.fr platform as documented use cases : https://www.data.gouv.fr/fr/pages/onboarding/liste_cas_usage/
- Social media campaigns implemented by the French open data team promoting reuse cases and encouraging reusers to share their reuse work, so as to identify more of them : https://www.linkedin.com/feed/update/urn:li:activity:7310984416070123520 
- Open data community animation : the French open data team creates and animates spaces for data producers and data reusers to discuss and meet, allowing for more reuse creation and information gathering about them : https://www.data.gouv.fr/fr/posts/retour-sur-le-hackathon-donnees-ouvertes-meteo-france/ https://forum.data.gouv.fr/",Impact,"{'yes': 20, 'no': 0, ""i don't know"": 0}",20.0
France,I27,"Is any data on the economic impact (e.g. GDP, employment, productivity, innovation,  new businesses created etc.) of open data available in your country such as from research studies, impact assessments, or other systematic investigations that quantify the results or broader effects of open data being reused?

For Explanation:
* If yes, please specify what kind of data source proves this impact and provide the URLs to this data.",yes,"2024:
In 2023, the data.gouv.fr team conducted an extensive survey on the impact of open data.

This survey is based on the French methodology for impact measurement and is inspired by European work, particularly the ""Indicators for an Open Data Impact Assessment.""

The study outlines the outputs, outcomes, and impacts for the four dimensions of impact (governmental, environmental, social, economic).

Regarding the outputs, a selection of indicators among those identified by the Commission were selected, including:
- Number of datasets on the theme
- Number of new datasets on the theme in 2023
- Number of views on these datasets in 2023
- Downloads of these datasets in 2023
- Number of discussions
- Number of reuses on the theme
- Number of new reuses on the theme in 2023
- Reuses by type
- Number of views on the reuses in 2023
- Discussions on the reuses

Regarding the outcomes and impacts, the use cases examined were selected from three main sources:
- The reuse catalog of the data.gouv.fr platform;
- The catalog of digital public services developed within beta.gouv.fr;
- The catalog of research publications on scanr.

And according to three criteria:
- High potential impact;
- Availability of resources and information;
- A balanced distribution in the four impact categories defined by the Open Data Maturity Report.

For each use case, a literature search was conducted and interviews were sometimes conducted with their designers to document the services, the data used, and the impacts created.

The results of this study will be published in 2024 in the form of six articles on data.gouv.fr and consolidated into a more comprehensive paper.

This is not the only study; we can notably mention the work of OpenDataFrance (DataImpact: new edition of the study on the reuse cases of environmental data - Open data france https://opendatafrance.fr/dataimpact-publication/) as well as the book by Dr. in Sociology Samuel Goëta “Les données de la démocratie: open data, pouvoirs et contre-pouvoirs” (https://cfeditions.com/donnees-democratie/) which provides a critical assessment of the impact of open data.
2023:
In 2022, Etalab has conducted a thorough study to measure the impact of open data in France. In this study, we carried out the methodology described in question 34 of this questionnaire : we combined quantitative and qualitative approaches by both analysing data.gouv.fr metrics and interviewing with data producers and reusers. Impactful use cases on different impact areas have been identified, reviewed and researched, among which economic impact. Data on the economic impact of open data are available in this working paper (i.e. p.43 ; p.46-47) : [https://www.data.gouv.fr/fr/datasets/r/a61e1fcc-cd61-46bd-a6c5-af94cb9f8459](https://www.data.gouv.fr/fr/datasets/r/a61e1fcc-cd61-46bd-a6c5-af94cb9f8459).

The FING has also led an impact study on open data. Impact created by open data on the economy are analysed here (from p.13 to p.18) : [https://fing.org/wp-content/uploads/2020/02/Open-Data-impact-bilan-2010-2018-de-l-open-data.pdf#page=13](https://fing.org/wp-content/uploads/2020/02/Open-Data-impact-bilan-2010-2018-de-l-open-data.pdf#page=13).",Complement,Yes,"In 2024, the French open data team (data.gouv.fr) conducted an extensive survey on the impact of open data. This survey is based on a methodology developed in France for impact measurement and is inspired by the work currently being carried out at an European level such as the paper “Indicators for an Open Data Impact Assessment” https://data.europa.eu/sites/default/files/report/Indicators for an open data impact assessment.pdf. The study outlines the outputs, outcomes and impacts for open data four impact dimensions (governmental, environmental, social, economic). https://www.data.gouv.fr/fr/datasets/r/b647386b-b143-4fa3-891e-1ad9d31a19ab

Other studies were conducted to assess the economic impact of open government data : 
- “Big Data and Open Data - essential foundations for businesses” (Revue Marchés et Organisations) https://shs.cairn.info/revue-marche-et-organisations-2024-3-page-169?site_lang=fr
- “The economic impact of open data” (Université de Lille) https://dumas.ccsd.cnrs.fr/dumas-04235677/document",Yes,"In 2024, the French open data team (data.gouv.fr) conducted an extensive survey on the impact of open data. This survey is based on a methodology developed in France for impact measurement and is inspired by the work currently being carried out at an European level such as the paper “Indicators for an Open Data Impact Assessment” https://data.europa.eu/sites/default/files/report/Indicators for an open data impact assessment.pdf. The study outlines the outputs, outcomes and impacts for open data four impact dimensions (governmental, environmental, social, economic). https://www.data.gouv.fr/fr/datasets/r/b647386b-b143-4fa3-891e-1ad9d31a19ab

Other studies were conducted to assess the economic impact of open government data : 
- “Big Data and Open Data - essential foundations for businesses” (Revue Marchés et Organisations) https://shs.cairn.info/revue-marche-et-organisations-2024-3-page-169?site_lang=fr
- “The economic impact of open data” (Université de Lille) https://dumas.ccsd.cnrs.fr/dumas-04235677/document",Impact,"{'yes': 20, 'no': 0, ""i don't know"": 0}",20.0
France,I9,"Have any public bodies in your country launched or performed any activities in the past year to better understand reusers' needs in order to further stimulate the reuse of open data?

For Explanation:
* If yes, which of the following activities have been performed? Please describe how the activity has helped you better stimulate reuse.
* Multiple answers are possible.",yes,,Confirm,Yes,,Yes,,Impact,"{'yes': 40, 'no': 0, ""i don't know"": 0}",40.0
France,P1,"Is there a national open data policy in your country and, if your country is an EU Member State, does this include a national legislation for the transposition of the Open Data Directive?

For Explanation:
* If yes, please provide (1) the URL and (2) title of the policy document and (3) briefly describe.
* If ‘other’, please provide (1) a brief explanation to support your answer choice and (2) provide the URL and indicate the policy section which explicitly references open data.",yes,"2024:
Among the new developments in terms of policy, we can mention:

The roadmap of the DINUM, which places significant emphasis on valorizing and harnessing data as a lever for the effectiveness of public action.

https://www.numerique.gouv.fr/uploads/Feuille-de-route-DINUM.pdf
The Data and Territories report dedicated to enhancing access to public services and the deployment of digital technology in territories, which aims notably to establish governance to facilitate dialogue between the State and local authorities on data and to facilitate access to data for local authorities.

https://www.transformation.gouv.fr/files/ressource/Rapport_Mission_Data_Territoires.pdf.      The State and the territories have also co-constructed a technical and organizational strategy and developed a common action plan :  the ""Digital and Data"" Roadmap, created with more than 300 national and territorial public agents : https://www.info.gouv.fr/france-nation-verte/a-proposfeuille-de-route-numerique-donnees
2023:
The open data policy in France is called “Politique d’ouverture et de partage des données publiques”. The French government and the local authorities are strongly committed to opening government data and never ceases to reaffirm their desire to work toward.

Article 15 of the Declaration of the Rights of Man and the Citizen of 1789, which is part of the French constitution, states that Society has the right to hold any Public Official accountable for its administration. **This principle created very early a right to access the data and never stoped guided all the evolution in open data policy in France.**

The law of 17 July 1978 on freedom of access to administrative documents (”loi CADA”) establishes a framework on access to information, codified in the Code of relations between the public and the administration (Code des relations entre le public et l’administration).

The cornerstone of the French open data policy is the 2016’s Digital Republic Law [https://www.legifrance.gouv.fr/jorf/id/JORFTEXT000033202746](https://www.legifrance.gouv.fr/jorf/id/JORFTEXT000033202746), also transposed in the Code of relations between the public and the administration. **The Digital Republic Law** led to significant progress in terms of open data and national data policy including the “**Open Data by default**” principle and the Public Service Data.

**According to the french decree of october 25 2019, the Interministerial Digital directorate is in charge of the coordination and the promotion of the inventory, governance, production, circulation, use and opening of data. [https://www.legifrance.gouv.fr/loda/id/JORFTEXT000039281619](https://www.legifrance.gouv.fr/loda/id/JORFTEXT000039281619)**

**Recently edited by a modificative decree of April 22 2023, the french government confirmed the importance allocated to the open data policy in it’s governmental roadmap.**

[https://www.legifrance.gouv.fr/loda/id/JORFTEXT000047478124](https://www.legifrance.gouv.fr/loda/id/JORFTEXT000047478124?init=true&page=1&query=%222022%2F868%22&searchField=ALL&tab_selection=all)

In April 2021, Prime Minister Jean Castex, through a circular on the national data, algorithms and source code policy, reiterated the need for an ambitious open data policy, and called on the Government to make data a strategic priority: ""I would like the Government to have a renewed ambition in terms of the use, openness and circulation of public data, algorithms and source codes for the benefit of users, researchers, innovators and all our fellow citizens."" [https://www.legifrance.gouv.fr/circulaire/id/45162](https://www.legifrance.gouv.fr/circulaire/id/45162).

On top of the general framework, open data policy is also characterised by specific sectoral legislation. Here are few recent examples.

- The law on the orientation of mobility [https://www.ecologie.gouv.fr/loi-dorientation-des-mobilites](https://www.ecologie.gouv.fr/loi-dorientation-des-mobilites) with specific disposition on transport data including real-time data.
- The changes to the Research code [https://www.legifrance.gouv.fr/codes/texte_lc/LEGITEXT000006071190/](https://www.legifrance.gouv.fr/codes/texte_lc/LEGITEXT000006071190/) implemented by the Digital Republic Law regarding open research data

The Open Data Directive has already been transposed [https://eur-lex.europa.eu/legal-content/EN/NIM/?uri=uriserv:OJ.L_.2019.172.01.0056.01.ENG](https://eur-lex.europa.eu/legal-content/EN/NIM/?uri=uriserv:OJ.L_.2019.172.01.0056.01.ENG) and most provisions were already part of the French legal framework.

**In 2022, the french lawmaker once again get into high gear with the adoption of the “3DS” law (differentiation, decentralization, deconcentration and simplification) which stated for the acceleration of the sharing data processes between administrations, and especially between central administrations and local administrations.** [https://www.legifrance.gouv.fr/jorf/id/JORFSCTA000045197502](https://www.legifrance.gouv.fr/jorf/id/JORFSCTA000045197502)

**During the last Inter-ministerial Committee for Public Transformation (CITP), the Prime Minister announced that each ministry will adopt new ministerial roadmaps on data, algorithms and source code policy by the end of 2023. These new roadmaps, symbol of an invariably renewed ambition, present the ambitions and challenges of public policies related to data, algorithms and public source codes, the concrete priority actions to be launched and the governance set up to ensure their implementation.**

[https://www.gouvernement.fr/actualite/offrir-un-accompagnement-clair-et-des-solutions-rapides-au-francais](https://www.gouvernement.fr/actualite/offrir-un-accompagnement-clair-et-des-solutions-rapides-au-francais)",Complement,Yes,"Yes, France has a national open data policy supported by a comprehensive legal and strategic framework. It includes the full transposition of the EU Open Data Directive and is built on both constitutional principles and sectoral regulations. 1. Foundational Legal Basis - Article 15 of the 1789 Declaration of the Rights of Man and of the Citizen establishes the right of citizens to hold public officials accountable, laying the constitutional foundation for access to public data. 2. Key Legislation - Law of 17 July 1978 on access to administrative documents, now codified in the Code des relations entre le public et l’administration (CRPA). - Law for a Digital Republic (2016), which introduced the principle of “open data by default” and enshrined the obligation to publish certain datasets as open data. URL: https://www.legifrance.gouv.fr/jorf/id/JORFTEXT000033202746 - DINUM Decree (modified in April 2023) confirming the mission of the Interministerial Digital Directorate in coordinating and promoting data opening. URL: https://www.legifrance.gouv.fr/loda/id/JORFTEXT000047478124 3. EU Directive - The Open Data Directive (Directive (EU) 2019/1024) has been fully transposed into French law. Most of its principles were already present in national legislation, including free reuse and the definition of high-value datasets. 4. Sectoral Legislation For example : - Additional laws reinforce open data in specific fields: - Mobility (Law on the Orientation of Mobilities): https://www.ecologie.gouv.fr/loi-dorientation-des-mobilites - Research (Open access to public research data): https://www.legifrance.gouv.fr/codes/texte_lc/LEGITEXT000006071190/ - Environment and others also include open data requirements. 5. Strategic Frameworks These legal elements are complemented by strategic documents, such as: - DINUM Roadmap: https://www.numerique.gouv.fr/uploads/Feuille-de-route-DINUM.pdf - Data & Territories Report: https://www.transformation.gouv.fr/files/ressource/Rapport_Mission_Data_Territoires.pdf - Joint Digital and Data Roadmap of the State and territories: https://www.info.gouv.fr/france-nation-verte/a-proposfeuille-de-route-numerique-donnees These elements together form a robust, coherent national open data policy combining legal obligations with strategic guidance and sectoral adaptation.",Yes,"Yes, France has a national open data policy supported by a comprehensive legal and strategic framework. It includes the full transposition of the EU Open Data Directive and is built on both constitutional principles and sectoral regulations. 1. Foundational Legal Basis - Article 15 of the 1789 Declaration of the Rights of Man and of the Citizen establishes the right of citizens to hold public officials accountable, laying the constitutional foundation for access to public data. 2. Key Legislation - Law of 17 July 1978 on access to administrative documents, now codified in the Code des relations entre le public et l’administration (CRPA). - Law for a Digital Republic (2016), which introduced the principle of “open data by default” and enshrined the obligation to publish certain datasets as open data. URL: https://www.legifrance.gouv.fr/jorf/id/JORFTEXT000033202746 - DINUM Decree (modified in April 2023) confirming the mission of the Interministerial Digital Directorate in coordinating and promoting data opening. URL: https://www.legifrance.gouv.fr/loda/id/JORFTEXT000047478124 3. EU Directive - The Open Data Directive (Directive (EU) 2019/1024) has been fully transposed into French law. Most of its principles were already present in national legislation, including free reuse and the definition of high-value datasets. 4. Sectoral Legislation For example : - Additional laws reinforce open data in specific fields: - Mobility (Law on the Orientation of Mobilities): https://www.ecologie.gouv.fr/loi-dorientation-des-mobilites - Research (Open access to public research data): https://www.legifrance.gouv.fr/codes/texte_lc/LEGITEXT000006071190/ - Environment and others also include open data requirements. 5. Strategic Frameworks These legal elements are complemented by strategic documents, such as: - DINUM Roadmap: https://www.numerique.gouv.fr/uploads/Feuille-de-route-DINUM.pdf - Data & Territories Report: https://www.transformation.gouv.fr/files/ressource/Rapport_Mission_Data_Territoires.pdf - Joint Digital and Data Roadmap of the State and territories: https://www.info.gouv.fr/france-nation-verte/a-proposfeuille-de-route-numerique-donnees These elements together form a robust, coherent national open data policy combining legal obligations with strategic guidance and sectoral adaptation.",Policy,"{'yes': 40, 'no': 0, 'other': 40}",40.0
France,P13,"Is there a governance structure in place that enables the participation and/or inclusion of various open data stakeholders? 

For Explanation:
*  If yes, please briefly describe the governance structure and its operating model",yes,"The interaction between open data stakeholders and the networks is designed to be both structured and dynamic, fostering continuous engagement, feedback, and collaboration. Here’s how the process generally works:

Structured Interactions within Networks
State Network:
• General Data Administrator (GDA): The GDA plays a central role in coordinating the overall open data policy across ministries. This position is responsible for setting guidelines, monitoring compliance, and ensuring that data initiatives align with national objectives.
• Ministerial Data Administrators (MDAs): In each ministry, the MDA is responsible for implementing the open data strategy within their specific domain. They often work closely with an open data referent who focuses on the operational aspects of data publication and management. Both the General Data Administrator and the Ministerial Data Administrators are public-facing roles, serving as the primary points of contact for user inquiries.
You can view the list of these administrators here: List of Ministerial Data, Algorithms, and Source Code Administrators.
• Regular Meetings and Exchanges: The State Network maintains a regular schedule of meetings and exchanges, both formal (quarterly strategic meetings) and informal (e.g., working groups or workshops on specific topics). These interactions help ensure that the ministries are aligned in their approaches and can share best practices and challenges. However, it's important to note that exchanges between Ministerial Data Administrators in the Interministerial Data Administrators Committee (CIAD) are not public.

Territorial Network:
• Data Referents in Prefectures: These officials are responsible for ensuring that open data policies are implemented at the local level. They act as intermediaries between the central government and local authorities, helping to adapt national policies to local needs.
• National Agency for Territories: This agency provides support and resources to local authorities, helping them develop and implement their data strategies. The agency might offer training, technical assistance, and access to best practices.
• OpenDataFrance Association: This association serves as a hub for local authorities engaged in open data initiatives. It provides a platform for these authorities to collaborate, share resources, and advocate for their needs at the national level.
Community and Stakeholder Engagement
Events Organized by the National Platform or other data producers:
• Hackathons: These events bring together data producers, developers, and other stakeholders to collaboratively create solutions using open data. They serve as a practical way to explore the potential of open data, identify gaps, and foster innovation.
• Public Demonstrations and Workshops: Regularly organized public events. These events provide opportunities for direct interaction between data producers (e.g., government agencies) and data users (e.g., researchers, entrepreneurs).

Systematic Processes for Interaction
• Feedback Loops: Stakeholders are encouraged to provide feedback on the open data they use. This feedback is systematically collected through platforms like data.gouv.fr, where users can comment on datasets, request new data, or report issues.
• Consultation and Co-creation: When developing new policies or strategies, both the State and Territorial Networks may consult with stakeholders, including local authorities, private sector partners, and civil society. This process can involve surveys, public consultations, and pilot projects.

Challenges and Opportunities
While there is a structured framework for interaction, the open data ecosystem also relies heavily on the voluntary participation and collaboration of stakeholders. Continuous engagement, the willingness to share data, and the proactive identification of user needs are crucial for the system to function effectively. The systematic processes in place are designed to facilitate these interactions, but the success of the open data policy also depends on the commitment and responsiveness of all involved parties.",Confirm,Yes,"The interaction between open data stakeholders and the networks is designed to be both structured and dynamic, fostering continuous engagement, feedback, and collaboration. Here’s how the process generally works: Structured Interactions within Networks State Network: • General Data Administrator (GDA): The GDA plays a central role in coordinating the overall open data policy across ministries. This position is responsible for setting guidelines, monitoring compliance, and ensuring that data initiatives align with national objectives. • Ministerial Data Administrators (MDAs): In each ministry, the MDA is responsible for implementing the open data strategy within their specific domain. They often work closely with an open data referent who focuses on the operational aspects of data publication and management. Both the General Data Administrator and the Ministerial Data Administrators are public-facing roles, serving as the primary points of contact for user inquiries. You can view the list of these administrators here: List of Ministerial Data, Algorithms, and Source Code Administrators. • Regular Meetings and Exchanges: The State Network maintains a regular schedule of meetings and exchanges, both formal (quarterly strategic meetings) and informal (e.g., working groups or workshops on specific topics). These interactions help ensure that the ministries are aligned in their approaches and can share best practices and challenges. However, it's important to note that exchanges between Ministerial Data Administrators in the Interministerial Data Administrators Committee (CIAD) are not public. Territorial Network: • Data Referents in Prefectures: These officials are responsible for ensuring that open data policies are implemented at the local level. They act as intermediaries between the central government and local authorities, helping to adapt national policies to local needs. • National Agency for Territories: This agency provides support and resources to local authorities, helping them develop and implement their data strategies. The agency might offer training, technical assistance, and access to best practices. • OpenDataFrance Association: This association serves as a hub for local authorities engaged in open data initiatives. It provides a platform for these authorities to collaborate, share resources, and advocate for their needs at the national level. Community and Stakeholder Engagement Events Organized by the National Platform or other data producers: • Hackathons: These events bring together data producers, developers, and other stakeholders to collaboratively create solutions using open data. They serve as a practical way to explore the potential of open data, identify gaps, and foster innovation. • Public Demonstrations and Workshops: Regularly organized public events. These events provide opportunities for direct interaction between data producers (e.g., government agencies) and data users (e.g., researchers, entrepreneurs). Systematic Processes for Interaction • Feedback Loops: Stakeholders are encouraged to provide feedback on the open data they use. This feedback is systematically collected through platforms like data.gouv.fr, where users can comment on datasets, request new data, or report issues. • Consultation and Co-creation: When developing new policies or strategies, both the State and Territorial Networks may consult with stakeholders, including local authorities, private sector partners, and civil society. This process can involve surveys, public consultations, and pilot projects. Challenges and Opportunities While there is a structured framework for interaction, the open data ecosystem also relies heavily on the voluntary participation and collaboration of stakeholders. Continuous engagement, the willingness to share data, and the proactive identification of user needs are crucial for the system to function effectively. The systematic processes in place are designed to facilitate these interactions, but the success of the open data policy also depends on the commitment and responsiveness of all involved parties.",Yes,"The interaction between open data stakeholders and the networks is designed to be both structured and dynamic, fostering continuous engagement, feedback, and collaboration. Here’s how the process generally works: Structured Interactions within Networks State Network: • General Data Administrator (GDA): The GDA plays a central role in coordinating the overall open data policy across ministries. This position is responsible for setting guidelines, monitoring compliance, and ensuring that data initiatives align with national objectives. • Ministerial Data Administrators (MDAs): In each ministry, the MDA is responsible for implementing the open data strategy within their specific domain. They often work closely with an open data referent who focuses on the operational aspects of data publication and management. Both the General Data Administrator and the Ministerial Data Administrators are public-facing roles, serving as the primary points of contact for user inquiries. You can view the list of these administrators here: List of Ministerial Data, Algorithms, and Source Code Administrators. • Regular Meetings and Exchanges: The State Network maintains a regular schedule of meetings and exchanges, both formal (quarterly strategic meetings) and informal (e.g., working groups or workshops on specific topics). These interactions help ensure that the ministries are aligned in their approaches and can share best practices and challenges. However, it's important to note that exchanges between Ministerial Data Administrators in the Interministerial Data Administrators Committee (CIAD) are not public. Territorial Network: • Data Referents in Prefectures: These officials are responsible for ensuring that open data policies are implemented at the local level. They act as intermediaries between the central government and local authorities, helping to adapt national policies to local needs. • National Agency for Territories: This agency provides support and resources to local authorities, helping them develop and implement their data strategies. The agency might offer training, technical assistance, and access to best practices. • OpenDataFrance Association: This association serves as a hub for local authorities engaged in open data initiatives. It provides a platform for these authorities to collaborate, share resources, and advocate for their needs at the national level. Community and Stakeholder Engagement Events Organized by the National Platform or other data producers: • Hackathons: These events bring together data producers, developers, and other stakeholders to collaboratively create solutions using open data. They serve as a practical way to explore the potential of open data, identify gaps, and foster innovation. • Public Demonstrations and Workshops: Regularly organized public events. These events provide opportunities for direct interaction between data producers (e.g., government agencies) and data users (e.g., researchers, entrepreneurs). Systematic Processes for Interaction • Feedback Loops: Stakeholders are encouraged to provide feedback on the open data they use. This feedback is systematically collected through platforms like data.gouv.fr, where users can comment on datasets, request new data, or report issues. • Consultation and Co-creation: When developing new policies or strategies, both the State and Territorial Networks may consult with stakeholders, including local authorities, private sector partners, and civil society. This process can involve surveys, public consultations, and pilot projects. Challenges and Opportunities While there is a structured framework for interaction, the open data ecosystem also relies heavily on the voluntary participation and collaboration of stakeholders. Continuous engagement, the willingness to share data, and the proactive identification of user needs are crucial for the system to function effectively. The systematic processes in place are designed to facilitate these interactions, but the success of the open data policy also depends on the commitment and responsiveness of all involved parties.",Policy,"{'yes': 40, 'no': 0}",40.0
France,P16,"To what degree do local/regional public bodies conduct open data initiatives? 

For Explanation:
* If not applicable, please explain why.",all public bodies,"By law, every local authority with more than 3 500 inhabitants and more than 50 employees falls under national open data obligations.

Local and regional public bodies in France who publish open data have their own open data portal and/or a designated account on the national portal data.gouv.fr with some data already published.

Many have their own open data platform (automatically harvested by the national one). Here are some examples:

Cities : Paris (https://opendata.paris.fr/explore/?sort=modified), Rennes (https://data.rennesmetropole.fr/page/home/), Lyon (https://data.grandlyon.com/), Lille (http://opendata.regionpaca.fr/), Nantes (http://data.nantes.fr/), Bordeaux (http://opendata.bordeaux.fr/), Grenoble (http://data.metropolegrenoble.fr/) ...

Regions : Provence-Alpes-Côtes-d’Azur (http://opendata.regionpaca.fr/), Loire Atlantique (http://data.loire-atlantique.fr/), Auvergne-Rhône-Alpes (http://opendata.auvergnerhonealpes.eu/)

Department : Hérault (https://www.herault-data.fr/pages/accueil/), Morbihan (https://www.opendata56.fr/pages/home/) ...

The association OpenDataFrance manages an observatory that aims at listing all local open data initiatives [https://www.observatoire-opendata.fr](https://www.observatoire-opendata.fr/). The list of the initiatives is available here [https://airtable.com/shrKrV6KY7BlhHDx7](https://airtable.com/shrKrV6KY7BlhHDx7).

The list identifies more than 250 local and regional open data portals for more than 1060 local actors, including 850 local authorities (regions, departments, cities, metropolitan areas, groups of cities, etc.). This observatory confirms a French trend marked by a regular increase of approximately 150 local authorities per year, i.e. an increase of 18%, underlining the vitality and attractiveness of the practices of opening and circulating data at all levels and in all French territories. Moreover, it is possible to consider that all the local authorities have already been brought to collaborate within the framework of the national strategy in terms of open data, and more especially the communes (local administrative units) notably on the occasion of the publication in open data of the data relative to the elections and accessible on the national portal. In the same way, all French local authorities must contribute to the gathering of addresses from municipalities to constitute the national address database open to the public.

[https://www.observatoire-opendata.fr/wp-content/uploads/2023/03/Copie-de-Observatoire_Open_Data_Territoires_Edition2022.pptx-1.pdf](https://www.observatoire-opendata.fr/wp-content/uploads/2023/03/Copie-de-Observatoire_Open_Data_Territoires_Edition2022.pptx-1.pdf)",Confirm,All public bodies,"By law, every local authority with more than 3 500 inhabitants and more than 50 employees falls under national open data obligations. Local and regional public bodies in France who publish open data have their own open data portal and/or a designated account on the national portal data.gouv.fr with some data already published. Many have their own open data platform (automatically harvested by the national one). Here are some examples: Cities : Paris (https://opendata.paris.fr/explore/?sort=modified), Rennes (https://data.rennesmetropole.fr/page/home/), Lyon (https://data.grandlyon.com/), Lille (http://opendata.regionpaca.fr/), Nantes (http://data.nantes.fr/), Bordeaux (http://opendata.bordeaux.fr/), Grenoble (http://data.metropolegrenoble.fr/) ... Regions : Provence-Alpes-Côtes-d’Azur (http://opendata.regionpaca.fr/), Loire Atlantique (http://data.loire-atlantique.fr/), Auvergne-Rhône-Alpes (http://opendata.auvergnerhonealpes.eu/) Department : Hérault (https://www.herault-data.fr/pages/accueil/), Morbihan (https://www.opendata56.fr/pages/home/) ... The association OpenDataFrance manages an observatory that aims at listing all local open data initiatives [https://www.observatoire-opendata.fr](https://www.observatoire-opendata.fr/). The list of the initiatives is available here [https://airtable.com/shrKrV6KY7BlhHDx7](https://airtable.com/shrKrV6KY7BlhHDx7). The list identifies more than 250 local and regional open data portals for more than 1060 local actors, including 850 local authorities (regions, departments, cities, metropolitan areas, groups of cities, etc.). This observatory confirms a French trend marked by a regular increase of approximately 150 local authorities per year, i.e. an increase of 18%, underlining the vitality and attractiveness of the practices of opening and circulating data at all levels and in all French territories. Moreover, it is possible to consider that all the local authorities have already been brought to collaborate within the framework of the national strategy in terms of open data, and more especially the communes (local administrative units) notably on the occasion of the publication in open data of the data relative to the elections and accessible on the national portal. In the same way, all French local authorities must contribute to the gathering of addresses from municipalities to constitute the national address database open to the public. [https://www.observatoire-opendata.fr/wp-content/uploads/2023/03/Copie-de-Observatoire_Open_Data_Territoires_Edition2022.pptx-1.pdf](https://www.observatoire-opendata.fr/wp-content/uploads/2023/03/Copie-de-Observatoire_Open_Data_Territoires_Edition2022.pptx-1.pdf)",All public bodies,"By law, every local authority with more than 3 500 inhabitants and more than 50 employees falls under national open data obligations. Local and regional public bodies in France who publish open data have their own open data portal and/or a designated account on the national portal data.gouv.fr with some data already published. Many have their own open data platform (automatically harvested by the national one). Here are some examples: Cities : Paris (https://opendata.paris.fr/explore/?sort=modified), Rennes (https://data.rennesmetropole.fr/page/home/), Lyon (https://data.grandlyon.com/), Lille (http://opendata.regionpaca.fr/), Nantes (http://data.nantes.fr/), Bordeaux (http://opendata.bordeaux.fr/), Grenoble (http://data.metropolegrenoble.fr/) ... Regions : Provence-Alpes-Côtes-d’Azur (http://opendata.regionpaca.fr/), Loire Atlantique (http://data.loire-atlantique.fr/), Auvergne-Rhône-Alpes (http://opendata.auvergnerhonealpes.eu/) Department : Hérault (https://www.herault-data.fr/pages/accueil/), Morbihan (https://www.opendata56.fr/pages/home/) ... The association OpenDataFrance manages an observatory that aims at listing all local open data initiatives [https://www.observatoire-opendata.fr](https://www.observatoire-opendata.fr/). The list of the initiatives is available here [https://airtable.com/shrKrV6KY7BlhHDx7](https://airtable.com/shrKrV6KY7BlhHDx7). The list identifies more than 250 local and regional open data portals for more than 1060 local actors, including 850 local authorities (regions, departments, cities, metropolitan areas, groups of cities, etc.). This observatory confirms a French trend marked by a regular increase of approximately 150 local authorities per year, i.e. an increase of 18%, underlining the vitality and attractiveness of the practices of opening and circulating data at all levels and in all French territories. Moreover, it is possible to consider that all the local authorities have already been brought to collaborate within the framework of the national strategy in terms of open data, and more especially the communes (local administrative units) notably on the occasion of the publication in open data of the data relative to the elections and accessible on the national portal. In the same way, all French local authorities must contribute to the gathering of addresses from municipalities to constitute the national address database open to the public. [https://www.observatoire-opendata.fr/wp-content/uploads/2023/03/Copie-de-Observatoire_Open_Data_Territoires_Edition2022.pptx-1.pdf](https://www.observatoire-opendata.fr/wp-content/uploads/2023/03/Copie-de-Observatoire_Open_Data_Territoires_Edition2022.pptx-1.pdf)",Policy,"{'all public bodies': 20, 'the majority of public bodies': 15, 'approximately half of the public bodies': 10, 'few public bodies': 5, 'none of the public bodies': 0, 'not applicable': 20}",20.0
France,P2,"Is there a national open data strategy in your country?

For Explanation:
* If yes, please provide (1) the URL to the strategy and (2) describe the main highlights.  
* If 'not applicable', please provide (1) a brief explanation to support your answer choice and provide (2) the URL and indicate the policy section which explicitly references objectives, actions/measures, delivery timelines etc.",yes,"2024:
See previous question. We can also mention the national portal roadmap : https://www.data.gouv.fr/fr/pages/roadmap/
2023:
In April 2021, Prime Minister Jean Castex, in a circular, underlined that the national data policy must be a strategic priority for the State and its relations with local authorities and private actors : [https://www.legifrance.gouv.fr/circulaire/id/45162](https://www.legifrance.gouv.fr/circulaire/id/45162)

The Government made a commitment to open more high-impact key datasets, APIs and source codes in the near future. The list of such datasets and their publication schedule is available here [https://ouverture.data.gouv.fr/](https://ouverture.data.gouv.fr/)

Each ministry has defined its strategy in the field of data, algorithms and source codes, and has broken it down into a plan of action over a 2 to 3 year period. The Minister for Public Transformation and Civil Service unveiled these 15 roadmaps on Monday 27 September 2021. These roadmaps include actions for all central government organisations and agencies. **Most of these roadmaps are foreseeing actions until 2024.**

More information is available at the following page [https://www.etalab.gouv.fr/politique-de-la-donnee-des-algorithmes-et-des-codes-sources-15-strategies-ministerielles-et-500-actions-pour-accelerer/](https://www.etalab.gouv.fr/politique-de-la-donnee-des-algorithmes-et-des-codes-sources-15-strategies-ministerielles-et-500-actions-pour-accelerer/) 

The roadmaps are available here [https://www.data.gouv.fr/fr/datasets/feuilles-de-route-ministerielles-sur-la-politique-de-la-donnee-des-algorithmes-et-des-codes-sources/](https://www.data.gouv.fr/fr/datasets/feuilles-de-route-ministerielles-sur-la-politique-de-la-donnee-des-algorithmes-et-des-codes-sources/)

**At the same time, the the Interministerial direction of digital, and espacially it’s department Etalab - Prime Minister’s service is also in charge of the monitoring and the implementation of the open data strategy.**",Complement,Yes,"Yes, France has a national open data strategy structured through several strategic documents that define objectives, actions, and implementation mechanisms at different levels of public administration. 1. DINUM Roadmap (2023) URL: https://www.numerique.gouv.fr/uploads/Feuille-de-route-DINUM.pdf This roadmap outlines France’s strategic priorities for public digital transformation, with open data as a key pillar. It focuses on improving the circulation and use of public data, strengthening coordination across administrations, and reinforcing digital skills among civil servants. 2. Data & Territories Report URL: https://www.transformation.gouv.fr/files/ressource/Rapport_Mission_Data_Territoires.pdf This document focuses on improving access to data at the local level and strengthening collaboration between the State and local authorities. It proposes governance reforms, mechanisms for shared data infrastructures, and support for territorial data strategies. 3. Joint Digital and Data Roadmap of the State and Territories URL: https://www.info.gouv.fr/france-nation-verte/a-proposfeuille-de-route-numerique-donnees This roadmap was co-constructed by over 300 public officials at national and local levels. It sets out a shared action plan to promote digital services and open data across all layers of government, including governance mechanisms and delivery timelines. 4. Product-Specific Roadmap – data.gouv.fr URL: https://www.data.gouv.fr/fr/pages/roadmap/ This operational roadmap focuses on the continuous improvement of the national open data platform. It highlights current priorities, including search engine enhancement, API development, metadata quality, and thematic data verticals. In addition to these national documents, many ministries and local authorities (regions, cities, departments) have developed their own data strategies that align with national objectives. Together, these strategies form a coherent and multi-level framework for open data policy in France.",Yes,"Yes, France has a national open data strategy structured through several strategic documents that define objectives, actions, and implementation mechanisms at different levels of public administration. 1. DINUM Roadmap (2023) URL: https://www.numerique.gouv.fr/uploads/Feuille-de-route-DINUM.pdf This roadmap outlines France’s strategic priorities for public digital transformation, with open data as a key pillar. It focuses on improving the circulation and use of public data, strengthening coordination across administrations, and reinforcing digital skills among civil servants. 2. Data & Territories Report URL: https://www.transformation.gouv.fr/files/ressource/Rapport_Mission_Data_Territoires.pdf This document focuses on improving access to data at the local level and strengthening collaboration between the State and local authorities. It proposes governance reforms, mechanisms for shared data infrastructures, and support for territorial data strategies. 3. Joint Digital and Data Roadmap of the State and Territories URL: https://www.info.gouv.fr/france-nation-verte/a-proposfeuille-de-route-numerique-donnees This roadmap was co-constructed by over 300 public officials at national and local levels. It sets out a shared action plan to promote digital services and open data across all layers of government, including governance mechanisms and delivery timelines. 4. Product-Specific Roadmap – data.gouv.fr URL: https://www.data.gouv.fr/fr/pages/roadmap/ This operational roadmap focuses on the continuous improvement of the national open data platform. It highlights current priorities, including search engine enhancement, API development, metadata quality, and thematic data verticals. In addition to these national documents, many ministries and local authorities (regions, cities, departments) have developed their own data strategies that align with national objectives. Together, these strategies form a coherent and multi-level framework for open data policy in France.",Policy,"{'yes': 40, 'no': 0, 'not applicable': 40}",40.0
France,P22,"Do data publication plans exist at public body level?

For Explanation:
* If yes, please provide the URL and briefly highlight the key aspects covered.",yes,"2024:
See ouverture.data.gouv.fr to see the implementation of high value datasets. The latest Ministerials roadmap are not available yet. 
2023:
At the central government level, the main planning tool is the list of key datasets to open that has been established during the 5th interministerial committee of public transformation in february 2021. The plan is available here (https://ouverture.data.gouv.fr/).

In the same way, a similar planning tool will soon include the various datasets targeted into the HVDs implementation regulation.

Besides this central planning tool, ministries have their own publication plans in their roadmaps for data, algorithms and source codes. The roadmaps can be consulted here (https://www.data.gouv.fr/fr/datasets/feuilles-de-route-ministerielles-sur-la-politique-de-la-donnee-des-algorithmes-et-des-codes-sources/) and a consolidated list of actions is available here (https://www.data.gouv.fr/fr/datasets/liste-des-actions-prises-par-les-ministeres-dans-le-cadre-des-feuilles-de-routes-ministerielles/).",Complement,Yes,"Yes, data publication plans exist at the level of individual public bodies in France. - At the national level, ministries are encouraged to adopt dedicated digital and data roadmaps, which include open data objectives. These roadmaps define strategic priorities, identify key datasets to be published, and set out governance and monitoring mechanisms. For example, the roadmap of the Ministry for Ecological Transition addresses the opening and reuse of environmental data. - At the decentralized level, prefectures and other local state services may also adopt such plans to coordinate their data-related actions. - At the local level, cities, metropolitan areas, and regions often develop their own open data strategies. These may take the form of digital transition strategies or specific open data action plans. These plans generally cover data inventory, prioritization of datasets, licensing practices, quality assurance, and engagement with data users. Example : The 2024–2027 Action Plan for an Ambitious Data Policy in the Service of National Education, Youth and Sports: https://www.education.gouv.fr/le-plan-d-action-2024-2027-pour-une-politique-ambitieuse-de-la-donnee-au-service-de-l-education-340319",Yes,"Yes, data publication plans exist at the level of individual public bodies in France. - At the national level, ministries are encouraged to adopt dedicated digital and data roadmaps, which include open data objectives. These roadmaps define strategic priorities, identify key datasets to be published, and set out governance and monitoring mechanisms. For example, the roadmap of the Ministry for Ecological Transition addresses the opening and reuse of environmental data. - At the decentralized level, prefectures and other local state services may also adopt such plans to coordinate their data-related actions. - At the local level, cities, metropolitan areas, and regions often develop their own open data strategies. These may take the form of digital transition strategies or specific open data action plans. These plans generally cover data inventory, prioritization of datasets, licensing practices, quality assurance, and engagement with data users. Example : The 2024–2027 Action Plan for an Ambitious Data Policy in the Service of National Education, Youth and Sports: https://www.education.gouv.fr/le-plan-d-action-2024-2027-pour-une-politique-ambitieuse-de-la-donnee-au-service-de-l-education-340319",Policy,"{'yes': 20, 'no': 0}",20.0
France,P24,"Are there processes to ensure that the open data policies/strategy previously mentioned are updated and revised as needed?

For explanation:
* If yes, please describe the process and any recent updates made to strategy/policy",yes,"The data.gouv.fr team aims to promote the reuse of public data, a mission that is reflected in various objectives:

- Improving the discoverability of open data;
- Promoting the quality of open data;
- Encouraging the reuse of open data;
- Facilitating access to information.

In response to these objectives and the needs reported by users, we are prioritizing various projects for 2024. These are broad orientations that guide us and may be adjusted based on feedback.

We have implemented impact indicators that allow us to track our objectives and adapt our strategy accordingly.

Objective 1: data.gouv.fr promotes the discoverability of open data

This aims to measure to what extent users find the data they need.

Indicator: percentage of users who responded positively to the question, ""Did you find what you were looking for?""

Objective 2: data.gouv.fr promotes the quality of open data

This aims to measure if data.gouv.fr makes it easy to publish and reference quality data.

Indicator: average quality score of the 100 most downloaded datasets on the platform.

Objective 3: data.gouv.fr promotes the reuse of open data

This aims to measure to what extent data.gouv.fr facilitates interactions between data producers and reusers.

Indicator: average time for a ""legitimate"" response to discussions related to datasets (legitimate: response by a member of the organization publishing the dataset or a member of the data.gouv.fr team).

Objective 4: data.gouv.fr facilitates access to information on the most important datasets

This aims to measure to what extent data.gouv.fr contributes to access to information.

Indicator: number of top 100 datasets associated with a ""quality reuse"" (quality reuses are an editorial choice by the data.gouv.fr team).

COMPLEMENT : 
Refer to question PT26, where we detailed how we collect user feedback and how the team takes it into account.

An important point: we believe that it is not desirable to separate public policy from the product, as the two are closely intertwined. The product, technical, and support teams work together without distinctions, such as between project ownership and project management. Strategic and policy decisions impact the product, and conversely, technical choices are not neutral and have an influence on policy.

Therefore, strategic and technical directions evolve together in an agile, transparent, and collaborative manner.

We place particular importance on the transparency of our developments and decisions (public demos, opening our code and backlog, etc.).

We continuously gather user feedback, but also on an ad hoc basis for particularly important issues.

We can provide further details if necessary.",Complement,Yes,"The data.gouv.fr team aims to promote the reuse of public data, a mission that is reflected in various objectives: - Improving the discoverability of open data; - Promoting the quality of open data; - Encouraging the reuse of open data; - Facilitating access to information. In response to these objectives and the needs reported by users, we are prioritizing various projects for 2024. These are broad orientations that guide us and may be adjusted based on feedback. We have implemented impact indicators that allow us to track our objectives and adapt our strategy accordingly. Objective 1: data.gouv.fr promotes the discoverability of open data This aims to measure to what extent users find the data they need. Indicator: percentage of users who responded positively to the question, ""Did you find what you were looking for?"" Objective 2: data.gouv.fr promotes the quality of open data This aims to measure if data.gouv.fr makes it easy to publish and reference quality data. Indicator: average quality score of the 100 most downloaded datasets on the platform. Objective 3: data.gouv.fr promotes the reuse of open data This aims to measure to what extent data.gouv.fr facilitates interactions between data producers and reusers. Indicator: average time for a ""legitimate"" response to discussions related to datasets (legitimate: response by a member of the organization publishing the dataset or a member of the data.gouv.fr team). Objective 4: data.gouv.fr facilitates access to information on the most important datasets This aims to measure to what extent data.gouv.fr contributes to access to information. Indicator: number of top 100 datasets associated with a ""quality reuse"" (quality reuses are an editorial choice by the data.gouv.fr team). See our indicators : https://www.data.gouv.fr/fr/datasets/indicateurs-dimpact-de-data-gouv-fr/ COMPLEMENT :  Refer to question PT26, where we detailed how we collect user feedback and how the team takes it into account. An important point: we believe that it is not desirable to separate public policy from the product, as the two are closely intertwined. The product, technical, and support teams work together without distinctions, such as between project ownership and project management. Strategic and policy decisions impact the product, and conversely, technical choices are not neutral and have an influence on policy. Therefore, strategic and technical directions evolve together in an agile, transparent, and collaborative manner. We place particular importance on the transparency of our developments and decisions (public demos, opening our code and backlog, etc.). We continuously gather user feedback, but also on an ad hoc basis for particularly important issues. We can provide further details if necessary.",Yes,"The data.gouv.fr team aims to promote the reuse of public data, a mission that is reflected in various objectives: - Improving the discoverability of open data; - Promoting the quality of open data; - Encouraging the reuse of open data; - Facilitating access to information. In response to these objectives and the needs reported by users, we are prioritizing various projects for 2024. These are broad orientations that guide us and may be adjusted based on feedback. We have implemented impact indicators that allow us to track our objectives and adapt our strategy accordingly. Objective 1: data.gouv.fr promotes the discoverability of open data This aims to measure to what extent users find the data they need. Indicator: percentage of users who responded positively to the question, ""Did you find what you were looking for?"" Objective 2: data.gouv.fr promotes the quality of open data This aims to measure if data.gouv.fr makes it easy to publish and reference quality data. Indicator: average quality score of the 100 most downloaded datasets on the platform. Objective 3: data.gouv.fr promotes the reuse of open data This aims to measure to what extent data.gouv.fr facilitates interactions between data producers and reusers. Indicator: average time for a ""legitimate"" response to discussions related to datasets (legitimate: response by a member of the organization publishing the dataset or a member of the data.gouv.fr team). Objective 4: data.gouv.fr facilitates access to information on the most important datasets This aims to measure to what extent data.gouv.fr contributes to access to information. Indicator: number of top 100 datasets associated with a ""quality reuse"" (quality reuses are an editorial choice by the data.gouv.fr team). See our indicators : https://www.data.gouv.fr/fr/datasets/indicateurs-dimpact-de-data-gouv-fr/ COMPLEMENT :  Refer to question PT26, where we detailed how we collect user feedback and how the team takes it into account. An important point: we believe that it is not desirable to separate public policy from the product, as the two are closely intertwined. The product, technical, and support teams work together without distinctions, such as between project ownership and project management. Strategic and policy decisions impact the product, and conversely, technical choices are not neutral and have an influence on policy. Therefore, strategic and technical directions evolve together in an agile, transparent, and collaborative manner. We place particular importance on the transparency of our developments and decisions (public demos, opening our code and backlog, etc.). We continuously gather user feedback, but also on an ad hoc basis for particularly important issues. We can provide further details if necessary.",Policy,"{'yes': 20, 'no': 0}",20.0
France,P3,"Is there an open data policy/strategy at regional or local level?

For Explanation:
* If yes, please (1) provide the URL and (2) title of the document(s) and (3) briefly describe.",yes,"2024:
See the Data and Territories report https://www.transformation.gouv.fr/files/ressource/Rapport_Mission_Data_Territoires.pdf
2023:
Subnational governments (regions for NUTS 1, departments for NUTS 3, and communes as local administrative units) remain independent in their own strategy and are not obliged to publish their data on the national portal data.gouv.fr. Nonetheless, the principle of open data by default enshrined in the law (Code des relations entre le public et l'administration) applies to all subnational governments with at least 3500 inhabitants.

Every year, more and more local actors are adopting strategies within this framework. According to the last local open data observatory provided by the french national association “Open Data France”, the number of local authorities involved in an open data strategy increased by 18% compared to 2021. Today, there are approximately 250 local open data portals in France.

(https://www.observatoire-opendata.fr/wp-content/uploads/2023/03/Copie-de-Observatoire_Open_Data_Territoires_Edition2022.pptx-1.pdf)

For example : 

- Lyon : https://data.grandlyon.com/demarche)
- Lille : https://opendata.lillemetropole.fr/page/demarche/
- Nantes’ metropolitan data charter https://metropole.nantes.fr/charte-donnee
- DataSud : https://www.datasud.fr/presentation-du-projet-datasud/

On top of that, the data, algorithms and source codes roadmap of the Ministry of Territorial Cohesion points out the strategy of the State on how to improve data sharing between national and local actors. 

(https://www.numerique.gouv.fr/uploads/feuillederoute_mctrct.pdf)

In a different way, the french government also allocated a “Digital transformation of local authorities (ITN7)"" fund, part of the France Relance plan, in order to grant various projects to help local authorities to adopt open data practices and draw their own strategies in this area. This fund contributed to the implementation of “Collec-Data”, a praised project on the occasion of “Digital and Territories day”, that has helped Breton local authorities to scale up their use of open data. The Collec-data platform now allows more than 1600 local authorities to automatically publish their data and will soon allows them to massify the publication of data and systematize the valorization.

(https://www.numerique.gouv.fr/actualites/retour-sur-la-journee-numerique-et-territoires/)

This movement is also promised to a strong acceleration thanks to the adoption of the 3DS law, previously mentioned, which is going to facilitate the coordination of data exchanges between the national and local levels. In addition, and to support this movement, the french minister of transformation and public service charged three politicians to identify the opportunities for the enhancement of data exploitation by local authorities with a strong impact-driving focus. This analysis should help local authorities in the construction of their own data policies and strategies at their own level and incentivise their initiatives in the open data field.

(https://www.transformation.gouv.fr/files/presse/cp_utilisation_donnee_collectivites_territoriales_mission.pdf)

Moreover, the national association Open Data France is also currently conducting a study on the whole french territory to identify all the local open data use cases, in close connection with many different public bodies such as the national portal data.gouv.fr.

(https://www.opendatafrance.net/2023/04/12/data-impact-identifions-ensemble-les-cas-dusages-territoriaux-de-donnees/)",Complement,Yes,"Yes, many regional and local authorities in France have their own open data policies or strategies. These strategies are often aligned with national objectives but adapted to local priorities and contexts. Coordination – Open Data France Open Data France is a national association that brings together local governments committed to open data. It provides support, tools, and coordination to develop and harmonize local open data strategies across France. URL: https://www.opendatafrance.net/ Examples : Rennes Métropole – RUDI Project (Rennes Urban Data Interface) URL: https://blog.rudi.bzh/ Description: RUDI is an ambitious local data governance initiative supported by Rennes Métropole. It aims to develop a shared data platform and ecosystem involving public, private, and civil society actors. The strategy promotes transparency, data sharing, and citizen engagement through structured governance and local partnerships. Métropole de Lyon – Open Data Approach URL: https://data.grandlyon.com/portail/fr/demarche Description: Lyon’s open data strategy focuses on transparency, innovation, and support for local services. It includes a dedicated data platform, thematic datasets (e.g. mobility, environment), and regular dialogue with users and reusers to improve accessibility and quality.",Yes,"Yes, many regional and local authorities in France have their own open data policies or strategies. These strategies are often aligned with national objectives but adapted to local priorities and contexts. Coordination – Open Data France Open Data France is a national association that brings together local governments committed to open data. It provides support, tools, and coordination to develop and harmonize local open data strategies across France. URL: https://www.opendatafrance.net/ Examples : Rennes Métropole – RUDI Project (Rennes Urban Data Interface) URL: https://blog.rudi.bzh/ Description: RUDI is an ambitious local data governance initiative supported by Rennes Métropole. It aims to develop a shared data platform and ecosystem involving public, private, and civil society actors. The strategy promotes transparency, data sharing, and citizen engagement through structured governance and local partnerships. Métropole de Lyon – Open Data Approach URL: https://data.grandlyon.com/portail/fr/demarche Description: Lyon’s open data strategy focuses on transparency, innovation, and support for local services. It includes a dedicated data platform, thematic datasets (e.g. mobility, environment), and regular dialogue with users and reusers to improve accessibility and quality.",Policy,"{'yes': 20, 'no': 0, 'not applicable': 20}",20.0
France,P4,"Does the national strategy/policy include an action plan with measures to be implemented in the open data field?

For Explanation:
If yes, please briefly describe the main measures described by the action plan.",yes,"2024:
Roadmap are still produced for each ministries. The latest are not available yet. The State and the territories have also co-constructed a technical and organizational strategy and developed a common action plan :  the ""Digital and Data"" Roadmap, created with more than 300 national and territorial public agents : https://www.info.gouv.fr/france-nation-verte/a-proposfeuille-de-route-numerique-donnees
2023:
In April 2021, the Prime Minister, in a circular, underlined that the national data policy must be a strategic priority for the State and its relations with local authorities and private actors. The circular mandates that:

- All ministries, as well as all regional State authorities (préfets) have to nominate a CDO in order to ensure a data opening governance at the highest hierarchical level;
- The Interministerial Director for Digital Affairs, acting as General Data Administrator, will coordinate the network of CDOs
- An ""ombudsman for general interest data"" will be nominated to negotiate with private actors that have data that is deemed to be of general interest;
- The Ministry of Research will set up a charter to speed up the processing of requests from researchers wishing to access data;
- Each Ministry will need to animate the ecosystems of data and source code reusers, in order to identify high value-added datasets, define possible standards and encourage sharing, with a focus on the Open Government Partnership forum as an arena for such exchanges;
- Each ministry will have to set up a roadmap for data, algorithms and source code strategy, with actions and deadlines. The roadmap will also list the skills in those fields within the personnel of the ministries.
- Open data will be referenced in the national portal data.gouv.fr

Moreover, the Government made a commitment to open more high-impact key datasets, APIs and source codes in the near future. Some of those engagements are marking out their action until 2025.** The list of such datasets and their publication schedule is available here (https://www.data.gouv.fr/fr/datasets/tableau-de-suivi-des-ouvertures-de-donnees-codes-sources-et-api-publics-avril-2021/)",Complement,Yes,"Yes, the national strategy includes action plans with concrete measures for the open data field. The national and ministerial roadmaps clearly identify datasets to be opened or created. These plans define priorities, timelines, and responsible actors. The datasets listed in these roadmaps are centrally referenced on: https://ouverture.data.gouv.fr A key example is the France Nation Verte roadmap, which outlines numerous datasets to be opened to support ecological planning and public policy transparency. It specifies thematic priorities (e.g. environment, energy, biodiversity), associated datasets, and the public bodies responsible for their publication. URL: https://www.info.gouv.fr/france-nation-verte/a-proposfeuille-de-route-numerique-donnees",Yes,"Yes, the national strategy includes action plans with concrete measures for the open data field. The national and ministerial roadmaps clearly identify datasets to be opened or created. These plans define priorities, timelines, and responsible actors. The datasets listed in these roadmaps are centrally referenced on: https://ouverture.data.gouv.fr A key example is the France Nation Verte roadmap, which outlines numerous datasets to be opened to support ecological planning and public policy transparency. It specifies thematic priorities (e.g. environment, energy, biodiversity), associated datasets, and the public bodies responsible for their publication. URL: https://www.info.gouv.fr/france-nation-verte/a-proposfeuille-de-route-numerique-donnees",Policy,"{'yes': 20, 'no': 0}",20.0
Germany,I1,"Do you have a definition of open data reuse in your country?
 
For Explanation:
* If yes, please specify it.",yes,"Although there is no single definition, § 12a (6) EGovG regulates the re-use of open data as follows:

""The retrieval of data pursuant to the first sentence of (1) [(= § 12a (1) contains the obligation for publishing open data by federal authorities)] shall be made possible free of charge and for the unrestricted re-use of the data by any person. Retrieval of data pursuant to the first sentence of (1) should be possible at any time, without mandatory registration and without justification.""

Furthermore the open data strategy defines as follows:
""When is open government data for the purposes of this [open data]strategy?
- Authorities have collected the data themselves or have them collected by third parties;
- freely accessible on public networks,
- machine-readable,
- non-personal
- freely usable,
- No safety-related information.""",Confirm,,,yes,"Although there is no single definition, § 12a (6) EGovG regulates the re-use of open data as follows:

""The retrieval of data pursuant to the first sentence of (1) [(= § 12a (1) contains the obligation for publishing open data by federal authorities)] shall be made possible free of charge and for the unrestricted re-use of the data by any person. Retrieval of data pursuant to the first sentence of (1) should be possible at any time, without mandatory registration and without justification.""

Furthermore the open data strategy defines as follows:
""When is open government data for the purposes of this [open data]strategy?
- Authorities have collected the data themselves or have them collected by third parties;
- freely accessible on public networks,
- machine-readable,
- non-personal
- freely usable,
- No safety-related information.""",Impact,"{'yes': 20, 'no': 0}",20.0
Germany,I10,"Have any public bodies in your country developed any systematic way of gathering reuse cases?

For Explanation:
* If yes, please provide a brief explanation of the process: How does the gathering happen?",yes,"2024:
Bavaria: Use Cases are collected with a possibility to report new ones at https://oc.bydata.de/using/usecases

Berlin: Prototyping of data with the ODIS

North Rhine-Westphalia: Reuse cases are published in a showroom (https://open.nrw/open-data/open-data-showroom)
2023:
e.g. at regional levels:
NRW: Research; possibility to report on the portal: https://open.nrw/open-data/showroom
Berlin: Open Data Projects are collected on this website: https://odis-berlin.de/projekte/",Complement,Yes,"There is no uniform, systematic process. However, use cases are generally provided by the relevant open data portals as well as on the open data forum, allowing authorities to access this information at any time.

Examples:
National Portal GovData: https://www.govdata.de/suche?type=showcase
Portal Bavaria: https://oc.bydata.de/using/usecases
Open Data Forum: https://discourse.opencode.de/c/opendata/755",Yes,"There is no uniform, systematic process. However, use cases are generally provided by the relevant open data portals as well as on the open data forum, allowing authorities to access this information at any time.

Examples:
National Portal GovData: https://www.govdata.de/suche?type=showcase
Portal Bavaria: https://oc.bydata.de/using/usecases
Open Data Forum: https://discourse.opencode.de/c/opendata/755",Impact,"{'yes': 20, 'no': 0, ""i don't know"": 0}",20.0
Germany,I12,"Is any data on the impact created by open data on governmental challenges (e.g. efficiency, effectiveness, transparency, decision-making capacity) available in your country such as from research studies, impact assessments, or other systematic investigations that quantify the results or broader effects of open data being reused?

For Explanation:
* If yes, please (1) specify what kind of data source proves this impact and (2) provide the URLs to this data.",yes,"Berlin: the study ""Open data in der Berliner Verwaltung"": https://odis-berlin.de/file-download/01_Handout-OpenData-Kurzerklaert.pdf",Confirm,,,yes,"Berlin: the study ""Open data in der Berliner Verwaltung"": https://odis-berlin.de/file-download/01_Handout-OpenData-Kurzerklaert.pdf",Impact,"{'yes': 20, 'no': 0, ""i don't know"": 0}",20.0
Germany,I17,"Is any data on the impact created by open data on social challenges (e.g. inequality, healthcare, education) available in your country such as from research studies, impact assessments, or other systematic investigations that quantify the results or broader effects of open data being reused?

For Explanation:
* If yes, please (1) specify what kind of data source proves this impact and (2) provide the URLs to this data.",no,"BMAS:
There is currently no study or data available that fits exactly the question. The answer must therefore be ‘no’.
=====
The social budget dataset offers an overview of the range of services and the financing of the social security system in Germany. The social budget dataset is linked as open data with www.govdata.de. The publication of the dataset increases transparency and accountability in Germany (https://www.bmas.de/DE/Service/Publikationen/Broschueren/a230-23-sozialbudget-2022.html).

The Federal Government is required to regularly present a Poverty and Wealth Report as an instrument to review political measures and to suggest new ones. Six reports have been published so far. All reports as well as their accompanying scientific research are published on the internet. 
ARB - Startseite (armuts-und-reichtumsbericht.de)
Within the framework of the Poverty and Wealth Report, indicators are published on the internet and made available as open data files.
ARB - Open Data (armuts-und-reichtumsbericht.de)

Fakten zur Rente (Facts on Pensions) is an information base. Its aim is to support the discussion on the future of old-age security. With facts and figures on old-age provision, a contribution is to be made to objectifying the debate. In doing so, both development lines and the current status of selected aspects of old-age provision are described, thus providing a basis for a better understanding of the topic of old-age provision.
BMAS - Klargestellt: Fakten zur Rente, Link: https://www.bmas.de/DE/Soziales/Rente-und-
Hamburg: -Hamburg: -The social impact is hereby defined as the beneficial effect of the use of open data on four specific challenges for society: 1) Including minorities, migrants, and/or refugees  and reducing inequality, 2) Alleviating housing issues, 3) Fostering health and wellbeing, 4) Improving education.

Altersvorsorge/Fakten-zur-Rente/fakten-zur-rente.html
In a separate section, the data used is presented in an open data format for the interested public.
BMAS - Daten zur Rente zum Download, Link: https://www.bmas.de/DE/Service/Statistiken-Open-Data/Daten-zur-Rente/daten-zur-rente.html

The Federal Ministry for Food and Agriculture provides several datasets e.g. on nutritional behaviour

examples at regional level:
Berlin (state): we have an ""Sozialinformationssystem"" which is an Open Data Portal on topics like social challenges
https://www.sozial-informations-system.de/home?lang=de

Hamburg: Hamburg: -The social impact is hereby defined as the beneficial effect of the use of open data on four specific challenges for society: 1) Including minorities, migrants, and/or refugees  and reducing inequality, 2) Alleviating housing issues, 3) Fostering health and wellbeing, 4) Improving education.",Change,Yes,"The social budget dataset offers an overview of the range of services and the financing of the social security system in Germany. The social budget dataset is linked as open data with www.govdata.de. The publication of the dataset increases transparency and accountability in Germany (https://www.bmas.de/DE/Service/Publikationen/Broschueren/a230-23-sozialbudget-2022.html).

The Federal Government is required to regularly present a Poverty and Wealth Report as an instrument to review political measures and to suggest new ones. Six reports have been published so far. All reports as well as their accompanying scientific research are published on the internet. 
ARB - Startseite (armuts-und-reichtumsbericht.de)
Within the framework of the Poverty and Wealth Report, indicators are published on the internet and made available as open data files.
ARB - Open Data (armuts-und-reichtumsbericht.de)

Fakten zur Rente (Facts on Pensions) is an information base. Its aim is to support the discussion on the future of old-age security. With facts and figures on old-age provision, a contribution is to be made to objectifying the debate. In doing so, both development lines and the current status of selected aspects of old-age provision are described, thus providing a basis for a better understanding of the topic of old-age provision.
BMAS - Klargestellt: Fakten zur Rente, Link: https://www.bmas.de/DE/Soziales/Rente-und-
Hamburg: -Hamburg: -The social impact is hereby defined as the beneficial effect of the use of open data on four specific challenges for society: 1) Including minorities, migrants, and/or refugees  and reducing inequality, 2) Alleviating housing issues, 3) Fostering health and wellbeing, 4) Improving education.

Altersvorsorge/Fakten-zur-Rente/fakten-zur-rente.html
In a separate section, the data used is presented in an open data format for the interested public.
BMAS - Daten zur Rente zum Download, Link: https://www.bmas.de/DE/Service/Statistiken-Open-Data/Daten-zur-Rente/daten-zur-rente.html

The Federal Ministry for Food and Agriculture provides several datasets e.g. on nutritional behaviour

examples at regional level:
Berlin (state): we have an ""Sozialinformationssystem"" which is an Open Data Portal on topics like social challenges
https://www.sozial-informations-system.de/home?lang=de

Hamburg: Hamburg: -The social impact is hereby defined as the beneficial effect of the use of open data on four specific challenges for society: 1) Including minorities, migrants, and/or refugees  and reducing inequality, 2) Alleviating housing issues, 3) Fostering health and wellbeing, 4) Improving education.",Yes,"The social budget dataset offers an overview of the range of services and the financing of the social security system in Germany. The social budget dataset is linked as open data with www.govdata.de. The publication of the dataset increases transparency and accountability in Germany (https://www.bmas.de/DE/Service/Publikationen/Broschueren/a230-23-sozialbudget-2022.html).

The Federal Government is required to regularly present a Poverty and Wealth Report as an instrument to review political measures and to suggest new ones. Six reports have been published so far. All reports as well as their accompanying scientific research are published on the internet. 
ARB - Startseite (armuts-und-reichtumsbericht.de)
Within the framework of the Poverty and Wealth Report, indicators are published on the internet and made available as open data files.
ARB - Open Data (armuts-und-reichtumsbericht.de)

Fakten zur Rente (Facts on Pensions) is an information base. Its aim is to support the discussion on the future of old-age security. With facts and figures on old-age provision, a contribution is to be made to objectifying the debate. In doing so, both development lines and the current status of selected aspects of old-age provision are described, thus providing a basis for a better understanding of the topic of old-age provision.
BMAS - Klargestellt: Fakten zur Rente, Link: https://www.bmas.de/DE/Soziales/Rente-und-
Hamburg: -Hamburg: -The social impact is hereby defined as the beneficial effect of the use of open data on four specific challenges for society: 1) Including minorities, migrants, and/or refugees  and reducing inequality, 2) Alleviating housing issues, 3) Fostering health and wellbeing, 4) Improving education.

Altersvorsorge/Fakten-zur-Rente/fakten-zur-rente.html
In a separate section, the data used is presented in an open data format for the interested public.
BMAS - Daten zur Rente zum Download, Link: https://www.bmas.de/DE/Service/Statistiken-Open-Data/Daten-zur-Rente/daten-zur-rente.html

The Federal Ministry for Food and Agriculture provides several datasets e.g. on nutritional behaviour

examples at regional level:
Berlin (state): we have an ""Sozialinformationssystem"" which is an Open Data Portal on topics like social challenges
https://www.sozial-informations-system.de/home?lang=de

Hamburg: Hamburg: -The social impact is hereby defined as the beneficial effect of the use of open data on four specific challenges for society: 1) Including minorities, migrants, and/or refugees  and reducing inequality, 2) Alleviating housing issues, 3) Fostering health and wellbeing, 4) Improving education.",Impact,"{'yes': 20, 'no': 0, ""i don't know"": 0}",20.0
Germany,I2,"Are there any processes in place to monitor the level of reuse of your country's open data?
 
For Explanation:
* If yes, please (1) briefly describe these processes and (2) provide the URLs to support the answer.",yes,"Berlin: Yes, there are various methods for estimating the re-use of open data. They include the collection, tracking and publication of use cases and other monitoring mechanisms, such as:

- National level: Examples for data usage are collected via open government networking and made public as articles as well as on the CCOD website: https://www.bva.bund.de/DE/Services/Behoerden/Beratung/Beratungszentrum/OpenData/Use_Cases/use_cases_node.html
- The usage of CODE-DE is extensively measured and regularly evaluated.
- Regular INSPIRE-Monitoring by GDI-DE, Germany's geodata infrastructure.
- The showroom of GovData also shows some application examples: https://www.govdata.de/web/guest/showroom 

- Regional/local:
- Berlin (State): we do publish the applications that are generated by Open Data of Berlin on our Open Data Portal: https://daten.berlin.de/anwendungen
- In the state of NRW, data owners/providers and IT-Service Providers monitor downloads and Service-Use as internal data.

Hamburg:
-The governmental impact is hereby defined as the beneficial effect of the use of open data on three specific challenges faced by the government/public administrations: 1) Being efficient and effective in delivering public services; 2) Being transparent and accountable in their actions; 3) Improving their capacity to make decisions and policies.",Complement,Yes,"There is no uniform, standardized process at the national level. Nevertheless, showrooms are anchored in the national metadata portal (or comparable portals of the federal states) as well as in specialist portals, which regularly present and update use cases based on open data.

National level: GovData: https://www.govdata.de/suche?q=&type=showcase

Mobilithek (specialist portal): https://mobilithek.info/blog/category/practical-example

State level:
North Rhine-Westphalia: https://open.nrw/open-data/open-data-showroom
Berlin: https://daten.berlin.de/anwendungen",Yes,"There is no uniform, standardized process at the national level. Nevertheless, showrooms are anchored in the national metadata portal (or comparable portals of the federal states) as well as in specialist portals, which regularly present and update use cases based on open data.

National level: GovData: https://www.govdata.de/suche?q=&type=showcase

Mobilithek (specialist portal): https://mobilithek.info/blog/category/practical-example

State level:
North Rhine-Westphalia: https://open.nrw/open-data/open-data-showroom
Berlin: https://daten.berlin.de/anwendungen",Impact,"{'yes': 20, 'no': 0, ""i don't know"": 0}",20.0
Germany,I27,"Is any data on the economic impact (e.g. GDP, employment, productivity, innovation,  new businesses created etc.) of open data available in your country such as from research studies, impact assessments, or other systematic investigations that quantify the results or broader effects of open data being reused?

For Explanation:
* If yes, please specify what kind of data source proves this impact and provide the URLs to this data.",no,"There is currently no study or data available that fits exactly the question. The answer must therefore be ‘no’.
=====
Dashboard Germany, Economics and Economy section: It offers indicators around the economy and the economy, general economic development and recovery plans, as well as specific sectors, external trade, consumption and prices:
https://www.dashboard-deutschland.de/konjunktur_wirtschaft/aussenhandel
Add.: While studies on the economic impact of open data exist, there is no knowledge of recurring data collection.

Berlin (state): this data is available on the plattform of the ""Amt für Statistik Berlin-Brandenburg"" for Berlin. For the new business created we have our daa from the ""Gewerbedatenbank"":
Bevölkerungsdaten: https://www.statistik-berlin-brandenburg.de/bevoelkerung
Daten der Gewerbedatenbank: https://senweb.leto.polyteia.de/app/ac755f96-46a2-49d1-9f60-0534f3b0e833/1a705925-d1d8-49a6-8d12-1d229095f57a",Confirm,,,no,"There is currently no study or data available that fits exactly the question. The answer must therefore be ‘no’.
=====
Dashboard Germany, Economics and Economy section: It offers indicators around the economy and the economy, general economic development and recovery plans, as well as specific sectors, external trade, consumption and prices:
https://www.dashboard-deutschland.de/konjunktur_wirtschaft/aussenhandel
Add.: While studies on the economic impact of open data exist, there is no knowledge of recurring data collection.

Berlin (state): this data is available on the plattform of the ""Amt für Statistik Berlin-Brandenburg"" for Berlin. For the new business created we have our daa from the ""Gewerbedatenbank"":
Bevölkerungsdaten: https://www.statistik-berlin-brandenburg.de/bevoelkerung
Daten der Gewerbedatenbank: https://senweb.leto.polyteia.de/app/ac755f96-46a2-49d1-9f60-0534f3b0e833/1a705925-d1d8-49a6-8d12-1d229095f57a",Impact,"{'yes': 20, 'no': 0, ""i don't know"": 0}",0.0
Germany,I9,"Have any public bodies in your country launched or performed any activities in the past year to better understand reusers' needs in order to further stimulate the reuse of open data?

For Explanation:
* If yes, which of the following activities have been performed? Please describe how the activity has helped you better stimulate reuse.
* Multiple answers are possible.",yes,,Confirm,Yes,,Yes,,Impact,"{'yes': 40, 'no': 0, ""i don't know"": 0}",40.0
Germany,P1,"Is there a national open data policy in your country and, if your country is an EU Member State, does this include a national legislation for the transposition of the Open Data Directive?

For Explanation:
* If yes, please provide (1) the URL and (2) title of the policy document and (3) briefly describe.
* If ‘other’, please provide (1) a brief explanation to support your answer choice and (2) provide the URL and indicate the policy section which explicitly references open data.",yes,"Yes, there is an open data law at federal level. In July 2017, Section 12a of the E-Government Act (EGovG) entered into force (First Open Data Act), which for the first time created a legal basis for the mandatory provision of open administrative data by federal authorities. The Second Open Data Act, which entered into force in July 2021, further adapted the content of the existing obligations under Section 12a of the EGovG and extended them to the entire federal administration.

The Data Use Act (DNG) which also entered into force on 23 July 2021 aims to modernise and replace the Information Re-Use Act (IWG). In order to improve the usability of data, open data will need to be used in machine-readable formats. In addition, the DNG stimulates open data initiatives beyond the boundaries of the federal administration and establishes the principle of ‘open by default’ also for the use of data by the Länder, municipalities and public undertakings in the areas of water, transport and energy supply. The DNG also transposes EU Directive 2019/1024 (Open Data and Public Sector Information-Directive), which was recast in 2019.

Link sources:
(Second) Open Data Act: http://www.gesetze-im-internet.de/egovg/__12a.html
Data Use Act (DNG): http://www.gesetze-im-internet.de/dng/index.html",Confirm,,,yes,"Yes, there is an open data law at federal level. In July 2017, Section 12a of the E-Government Act (EGovG) entered into force (First Open Data Act), which for the first time created a legal basis for the mandatory provision of open administrative data by federal authorities. The Second Open Data Act, which entered into force in July 2021, further adapted the content of the existing obligations under Section 12a of the EGovG and extended them to the entire federal administration.

The Data Use Act (DNG) which also entered into force on 23 July 2021 aims to modernise and replace the Information Re-Use Act (IWG). In order to improve the usability of data, open data will need to be used in machine-readable formats. In addition, the DNG stimulates open data initiatives beyond the boundaries of the federal administration and establishes the principle of ‘open by default’ also for the use of data by the Länder, municipalities and public undertakings in the areas of water, transport and energy supply. The DNG also transposes EU Directive 2019/1024 (Open Data and Public Sector Information-Directive), which was recast in 2019.

Link sources:
(Second) Open Data Act: http://www.gesetze-im-internet.de/egovg/__12a.html
Data Use Act (DNG): http://www.gesetze-im-internet.de/dng/index.html",Policy,"{'yes': 40, 'no': 0, 'other': 40}",40.0
Germany,P13,"Is there a governance structure in place that enables the participation and/or inclusion of various open data stakeholders? 

For Explanation:
*  If yes, please briefly describe the governance structure and its operating model",yes,"The Competence Centre Open Data (CCOD) organises an annual round table to find topics for future specialist forums with various stakeholders who provide open data. As a result, the CCOD organises regular expert forums on different topics in the field of Open Data with different stakeholders.
Example (expert forum for high-value-datasets): https://www.bva.bund.de/SharedDocs/Kurzmeldungen/DE/Behoerden/Beratung/OpenData/Aktuelles/2024/FF_HVD.html",Complement,Yes,"The Competence Center for Open Data (CCOD) organizes several events annually that explicitly involve stakeholders from various sectors of society (administration, research/science, business, and civil society). At the end of each year, the CCOD organizes a roundtable discussion with all stakeholders to identify thematic priorities for upcoming expert forums. Based on the results, the expert forums for the following year are then designed and offered. Examples: https://www.bva.bund.de/DE/Services/Behoerden/Beratung/Beratungszentrum/OpenData/Meldungen/Aktuelles/2024/FF_DQS_RT.html , https://www.bva.bund.de/DE/Services/Behoerden/Beratung/Beratungszentrum/OpenData/Meldungen/Aktuelles/2024/FF_RefArch.html .

Furthermore, the CCOD has been offering a comprehensive exchange and networking platform for the entire open data community with the Open Data Forum since the end of 2024. Link: https://discourse.opencode.de/c/opendata/755",Yes,"The Competence Center for Open Data (CCOD) organizes several events annually that explicitly involve stakeholders from various sectors of society (administration, research/science, business, and civil society). At the end of each year, the CCOD organizes a roundtable discussion with all stakeholders to identify thematic priorities for upcoming expert forums. Based on the results, the expert forums for the following year are then designed and offered. Examples: https://www.bva.bund.de/DE/Services/Behoerden/Beratung/Beratungszentrum/OpenData/Meldungen/Aktuelles/2024/FF_DQS_RT.html , https://www.bva.bund.de/DE/Services/Behoerden/Beratung/Beratungszentrum/OpenData/Meldungen/Aktuelles/2024/FF_RefArch.html .

Furthermore, the CCOD has been offering a comprehensive exchange and networking platform for the entire open data community with the Open Data Forum since the end of 2024. Link: https://discourse.opencode.de/c/opendata/755",Policy,"{'yes': 40, 'no': 0}",40.0
Germany,P16,"To what degree do local/regional public bodies conduct open data initiatives? 

For Explanation:
* If not applicable, please explain why.",the majority of public bodies,"Due to the regulations all authorities at the federal state level are obligated to provide open data.
see § 12a sec.1 EGovG, https://www.gesetze-im-internet.de/egovg/__12a.html

Some of the states (Länder) have also implemented different open data policies, that oblige their public bodies to provide open data.
e.g. NRW, https://recht.nrw.de/lmi/owa/br_bes_detail?sg=0&menu=0&bes_id=34925&anw_nr=2&aufgehoben=N&det_id=552085

Moreover a lot of minucipalities and cities provide open (government) data.
- City of Berlin, https://daten.berlin.de/
- City of Munich: https://opendata.muenchen.de/
- City of Bonn, https://opendata.bonn.de/",Confirm,,,the majority of public bodies,"Due to the regulations all authorities at the federal state level are obligated to provide open data.
see § 12a sec.1 EGovG, https://www.gesetze-im-internet.de/egovg/__12a.html

Some of the states (Länder) have also implemented different open data policies, that oblige their public bodies to provide open data.
e.g. NRW, https://recht.nrw.de/lmi/owa/br_bes_detail?sg=0&menu=0&bes_id=34925&anw_nr=2&aufgehoben=N&det_id=552085

Moreover a lot of minucipalities and cities provide open (government) data.
- City of Berlin, https://daten.berlin.de/
- City of Munich: https://opendata.muenchen.de/
- City of Bonn, https://opendata.bonn.de/",Policy,"{'all public bodies': 20, 'the majority of public bodies': 15, 'approximately half of the public bodies': 10, 'few public bodies': 5, 'none of the public bodies': 0, 'not applicable': 20}",15.0
Germany,P2,"Is there a national open data strategy in your country?

For Explanation:
* If yes, please provide (1) the URL to the strategy and (2) describe the main highlights.  
* If 'not applicable', please provide (1) a brief explanation to support your answer choice and provide (2) the URL and indicate the policy section which explicitly references objectives, actions/measures, delivery timelines etc.",yes,"Link sources:
https://www.bmi.bund.de/SharedDocs/downloads/DE/publikationen/themen/moderne-verwaltung/open-data-strategie-der-bundesregierung.html

The Federal Government’s Open Data Strategy, adopted on 6 July 2021, provides a framework for action to improve the Federal Open Data Ecosystem. The Federal Government’s data strategy forms the overarching data policy framework for the Open Data Strategy. Over a period of five years, the Open Data Strategy covers three areas of action, with a total of 68 implementation measures taken by different federal ministries and authorities. The three strands of action include improving the provision of data and developing data infrastructures, increasing innovative, public-interest and responsible use of data, and promoting data literacy and a data culture to increase the quality and usability of data provided. The implementation of the Open Data Strategy is accompanied by continuous monitoring.",Confirm,,,yes,"Link sources:
https://www.bmi.bund.de/SharedDocs/downloads/DE/publikationen/themen/moderne-verwaltung/open-data-strategie-der-bundesregierung.html

The Federal Government’s Open Data Strategy, adopted on 6 July 2021, provides a framework for action to improve the Federal Open Data Ecosystem. The Federal Government’s data strategy forms the overarching data policy framework for the Open Data Strategy. Over a period of five years, the Open Data Strategy covers three areas of action, with a total of 68 implementation measures taken by different federal ministries and authorities. The three strands of action include improving the provision of data and developing data infrastructures, increasing innovative, public-interest and responsible use of data, and promoting data literacy and a data culture to increase the quality and usability of data provided. The implementation of the Open Data Strategy is accompanied by continuous monitoring.",Policy,"{'yes': 40, 'no': 0, 'not applicable': 40}",40.0
Germany,P22,"Do data publication plans exist at public body level?

For Explanation:
* If yes, please provide the URL and briefly highlight the key aspects covered.",yes,"2024:
BMEL:
From 2023: Yes, all of the federal research institutes under the responsibility of the Federal Ministry of Food and Agriculture have established Data Policies for this purpose. See for example: https://www.thuenen.de/en/data-policy

BMJ:
Yes, the BMJ plans to expand the publication of data in the future:
- Once completed, the new Federal Legal Information Portal (""Rechtsinformationsportal des Bundes"") will make court decisions, laws, ordinances and administrative provisions of the Federal Government available as open data.
(https://www.bmj.de/DE/themen/digitales/digitaler_staat/rechtsinformationsportal/rechtsinformationsportal_node.html)
- In the future, federal laws and ordinances will also be promulgated in a machine-readable data standard on the Promulgation Platform (""Verkündungsplattform"").

Schleswig-Holstein:
- A funding guideline was issued to implement automatic and continuous delivery from municipal data sources to the open data portal. (Amtsblatt für Schleswig-Holstein, volume 21, 2024-05-21, page 825)
- The Schleswig-Holstein State Data Strategy contains a chapter on the publication of open data.  https://transparenz.schleswig-holstein.de/dataset/landesdatenstrategie 
- As part of the 4th German national action plan OGP open government data will be published as linked open data. https://www.open-government-deutschland.de/opengov-de/vierter-nationaler-aktionsplan-verabschiedet-2216298

Bavaria: 
- The new open data portal ""open.bydata"" was launched in 2023, the special feature ""open data presences"" allows data providers (e.g. cities) to have an individualized and free of charge ""mini portal"", like Augsburg.bydata.de 
- The new ""open bydata competence center"" has an extensive service portfolio with consulting and material for open data providers (https://oc.bydata.de)

Hamburg: 
Transparenzportal: https://transparenz.hamburg.de/
UrbanDataPlattform: https://www.urbandataplatform.hamburg/ 

Berlin (state):
""Kerndatensätze"" (Core datasets) should be published from the public body level. This is an action in our Open Data Strategy, and we do have workshops with the Open Data Coordinators, where we work a plan for publishing the data considered as high-value data set. ""Data Inventory"": We have implemented the measure to carry out data inventories in our open data strategy, so that every administration must carry out a data inventory with the aim of discovering and publishing Open Data relevant data

North Rhine-Westphalia: According to the regional E-Government Act  (E-Government-Gesetz NRW) all state authorities shall publish their data as open data via the regional open data-portal open.nrw. Local authorities can also provide this data. Moreover the regional open data regulation (Open Data Verordnung NRW) specifies how to provide the data. 
For geo-spatial data, in accordance to the EU INSPIRE regulation, a GEO portal.NRW was implemented: https://www.geoportal.nrw/?activetab=portal#

Baden-Württemberg: 
https://www.daten-bw.de/
The state government of Baden-Württemberg makes data of public interest centrally accessible online. Our goal is to make public administration data easier to find and use. We want to promo-te the use of open licenses and increase the availability of machine-readable raw data. This will ensure that data is made available in an innovative and responsible way in the future and can be combined and used by everyone. In the long term, the aim is to create an efficient, sustainable and interconnected data infrastructure for Baden-Württemberg.

Baden-Wurtemberg
The State Office for Geoinformation and Land Development (LGL) established the Open GeoData Portal https://opengeodata.lgl-bw.de on 6th June 2024. According to EU-Commission implementation regulation 2023/118 a list of specific high-value datasets and the arrangements for their publication and re-use have been determined. The public surveying sector of Baden-Württemberg identified geodata of cadastre, terrain, surface and landscape models, 3D building models, orthophotos (aerial photographs) and digital maps. These data are made available on the Open GeoData Portal according to PSI regulation. In addition, the presentation of geodata in the geodata viewer of the Geoportal Baden-Württemberg is permitted for commercial and non-commercial purposes. The terms of use of the geodata viewer: https://www.geoportal-bw.de/#/(sidenav:karten). 
2023:
At example:
Federal Ministry of Food and Agriculture:
Yes, all of the federal research institutes under the responsibility of the Federal Ministry of Food and Agriculture have established Data Policies for this purpose.

Federal Ministry of Justice (BMJ)
Yes, the BMJ plans to expand the publication of data in the future:
- Once completed, the new Federal Legal Information Portal (""Rechtsinformationsportal des Bundes"") will make court decisions, laws, ordinances and administrative provisions of the Federal Government available as open data.
(https://www.bmj.de/DE/Ministerium/Transparenz/Rechtsinformationsportal/Rechtsinformationsportal_node.html)
- In the future, federal laws and ordinances will also be promulgated in a machine-readable data standard on the E-Promulgation Platform (""E-Verkündungsplattform"").

Examples at regional level:
Baden Württemberg:
Platform UDO, Inspire + Geo Data Services
https://udo.lubw.baden-wuerttemberg.de/public/index.xhtml;jsessionid=896323942F7ECDC73BD70ECBC48E618B
https://rips-metadaten.lubw.de/freitextsuche?rstart=0&currentSelectorPage=1&f=type:inspire.

The regional statistical database in Baden-Württemberg is currently being converted into a new system and is expected to be launched in 2024. Statistical data are then widely accessed by open data compliant (e.g. API interface).

Berlin (state):
""Kerndatensätze"" (Core datasets) should be published from the public body level. This is an action in our Open Data Strategy, and we do have workshops with the Open Data Coordinators, where we work a plan for publishing the data considered as high-value data set.

Thuringia (regional and local):
according to the Thuringian Transparency Law (Thüringer Transparenzgesetz (ThürTG)) a portal has been set up: https://verwaltung.thueringen.de/ttp. For geo-spatial data, in accordance to the EU INSPIRE regulation, a geo portal was implemented: https://www.geoportal-th.de/de-de/.
In addition, the city of Jena has recently released an open data portal: https://opendata.jena.de/.",Complement,Yes,"All major government agencies are currently working on gradually publishing open data. While there is no central publication plan yet, data (at the federal level) is systematically collected internally via a data catalog (data atlas), from which open data-ready datasets can be identified.",Yes,"All major government agencies are currently working on gradually publishing open data. While there is no central publication plan yet, data (at the federal level) is systematically collected internally via a data catalog (data atlas), from which open data-ready datasets can be identified.",Policy,"{'yes': 20, 'no': 0}",20.0
Germany,P24,"Are there processes to ensure that the open data policies/strategy previously mentioned are updated and revised as needed?

For explanation:
* If yes, please describe the process and any recent updates made to strategy/policy",no,"With the regular Open Data Progress Report to the German Bundestag, proposals are also made for a possible further development of the legal and strategic framework conditions.",Change,Yes,"The legally required Open Data Progress Report, submitted to the German Bundestag every two years, contains proposals for possible further development of the legal and strategic framework. Section 12a, Paragraph 11, Sentence 2 of the E-Government Act explicitly requires a separate evaluation for a specific expansion of the legal framework (independent administrative areas such as the Deutsche Rentenversicherung Bund (the Federal Pension Insurance), legal entitlement to open data).

The proposals outlined in the progress report are not yet part of a concrete political agenda (which is also due to the change of government since May 2025). The required evaluation of the legal entitlement and self-governing bodies as the Federal Pension Insurance has not yet begun (as of July 2025). But the evaluation is, at least from a financial perspective, included in the current federal budget preparation.The evaluation itself is expected to begin in autumn 2025. Furthermore, the Open Data Strategy 2025 will be evaluated in the next months.",Yes,"The legally required Open Data Progress Report, submitted to the German Bundestag every two years, contains proposals for possible further development of the legal and strategic framework. Section 12a, Paragraph 11, Sentence 2 of the E-Government Act explicitly requires a separate evaluation for a specific expansion of the legal framework (independent administrative areas such as the Deutsche Rentenversicherung Bund (the Federal Pension Insurance), legal entitlement to open data).

The proposals outlined in the progress report are not yet part of a concrete political agenda (which is also due to the change of government since May 2025). The required evaluation of the legal entitlement and self-governing bodies as the Federal Pension Insurance has not yet begun (as of July 2025). But the evaluation is, at least from a financial perspective, included in the current federal budget preparation.The evaluation itself is expected to begin in autumn 2025. Furthermore, the Open Data Strategy 2025 will be evaluated in the next months.",Policy,"{'yes': 20, 'no': 0}",20.0
Germany,P3,"Is there an open data policy/strategy at regional or local level?

For Explanation:
* If yes, please (1) provide the URL and (2) title of the document(s) and (3) briefly describe.",yes,"Policies at regional level (examples):
Berlin (state)
Open Data is embedded in §13 E Government Law of Berlin (https://gesetze.berlin.de/perma?j=EGovG_BE_!_13);
In addition to the aforementioned Open Data law, an ordinance with detailed specifications was published: https://www.berlin.de/moderne-verwaltung/e-government/open-data/rvo.pdf?ts=1673410120;

Hanseatic City Hamburg (HH, state)
Transparency Act since 2012: https://transparenz.hamburg.de/gesetzestext-des-hmbtg-796514/

North Rhine-Westphalia (NRW, state)
Open Data Regulation (providing governmental data, §16a EGovG NRW): https://recht.nrw.de/lmi/owa/br_bes_detail?sg=0&menu=0&bes_id=34925&anw_nr=2&aufgehoben=N&det_id=552085
Open Data-Verordnung (an ordinance prescribing how data should be published): https://recht.nrw.de/lmi/owa/br_vbl_detail_text?anw_nr=6&vd_id=20121&ver=8&val=20121&sg=0&menu=0&vd_back=N 

Schleswig-Holstein (state)
Open Data Act (Offene-Daten-Gesetz, ODaG): https://www.gesetze-rechtsprechung.sh.juris.de/bssh/document/jlr-OpenDataGSHrahmen


Strategies at regional level (examples):
Berlin (state)
Berlin has published its Open Data strategy in 2023, which was developed in a wide participation form with the stakeholders from the economy, administration, science and civil community.
Download-Link: https://www.berlin.de/moderne-verwaltung/e-government/open-data/strategieprozess/artikel.1257333.php (at the bottom of the webpage)

North Rhine-Westphalia (NRW, state)
Open.NRW-Strategy: Part 1: https://open.nrw/system/files/media/document/file/opennrwt1web.pdf / Part 2: https://open.nrw/system/files/media/document/file/opennrwt2web.pdf

Rhineland-Palatinate (Rheinland-Pfalz, state)
As part of an open data policy see: https://www.landesrecht.rlp.de/bsrp/document/jlr-TranspGRPrahmen;
The law regulates that the information defined in a definite list in § 7 para. 1 and 2 LTranspG must be published proactively by the bodies subject to transparency obligations.

at local level:
A reference can be made also to the city of Braunschweig:
https://www.braunschweig.de/digitalisierung-online-services/open-data.php#:~:text=The%20city%20of%20Braunschweig%20has%20measured%20values%20from%20sensors%20",Confirm,,,yes,"Policies at regional level (examples):
Berlin (state)
Open Data is embedded in §13 E Government Law of Berlin (https://gesetze.berlin.de/perma?j=EGovG_BE_!_13);
In addition to the aforementioned Open Data law, an ordinance with detailed specifications was published: https://www.berlin.de/moderne-verwaltung/e-government/open-data/rvo.pdf?ts=1673410120;

Hanseatic City Hamburg (HH, state)
Transparency Act since 2012: https://transparenz.hamburg.de/gesetzestext-des-hmbtg-796514/

North Rhine-Westphalia (NRW, state)
Open Data Regulation (providing governmental data, §16a EGovG NRW): https://recht.nrw.de/lmi/owa/br_bes_detail?sg=0&menu=0&bes_id=34925&anw_nr=2&aufgehoben=N&det_id=552085
Open Data-Verordnung (an ordinance prescribing how data should be published): https://recht.nrw.de/lmi/owa/br_vbl_detail_text?anw_nr=6&vd_id=20121&ver=8&val=20121&sg=0&menu=0&vd_back=N 

Schleswig-Holstein (state)
Open Data Act (Offene-Daten-Gesetz, ODaG): https://www.gesetze-rechtsprechung.sh.juris.de/bssh/document/jlr-OpenDataGSHrahmen


Strategies at regional level (examples):
Berlin (state)
Berlin has published its Open Data strategy in 2023, which was developed in a wide participation form with the stakeholders from the economy, administration, science and civil community.
Download-Link: https://www.berlin.de/moderne-verwaltung/e-government/open-data/strategieprozess/artikel.1257333.php (at the bottom of the webpage)

North Rhine-Westphalia (NRW, state)
Open.NRW-Strategy: Part 1: https://open.nrw/system/files/media/document/file/opennrwt1web.pdf / Part 2: https://open.nrw/system/files/media/document/file/opennrwt2web.pdf

Rhineland-Palatinate (Rheinland-Pfalz, state)
As part of an open data policy see: https://www.landesrecht.rlp.de/bsrp/document/jlr-TranspGRPrahmen;
The law regulates that the information defined in a definite list in § 7 para. 1 and 2 LTranspG must be published proactively by the bodies subject to transparency obligations.

at local level:
A reference can be made also to the city of Braunschweig:
https://www.braunschweig.de/digitalisierung-online-services/open-data.php#:~:text=The%20city%20of%20Braunschweig%20has%20measured%20values%20from%20sensors%20",Policy,"{'yes': 20, 'no': 0, 'not applicable': 20}",20.0
Germany,P4,"Does the national strategy/policy include an action plan with measures to be implemented in the open data field?

For Explanation:
If yes, please briefly describe the main measures described by the action plan.",yes,"2024:
The Open Data Act obliges the Federal Government to report regularly to the German Parliament (Bundestag) every two years on the progress made in implementing open data (Section 12a (11) of the EGovG), see: http://www.gesetze-im-internet.de/egovg/__12a.html.
A new progress report is currently under preparation and will be published in 2024.

The Open Data Strategy provides for various implementation measures, such as initiatives, projects and digital solutions. Parallel to this, a monitoring process has started in 2022 to document the implementation of individual measures, including through milestones and regular status reports.
https://www.bva.bund.de/DE/Services/Behoerden/Beratung/Beratungszentrum/OpenData/Monitoring/monitoring_node.html;jsessionid=65E5C4C2408071FC3ABAB79141BF2AED.intranet251
2023:
The Open Data Act obliges the Federal Government to report regularly to the German Parliament (Bundestag) every two years on the progress made in implementing open data (Section 12a (11) of the EGovG), see: http://www.gesetze-im-internet.de/egovg/__12a.html.
A new progress report is currently under preparation and will be published in the autumn of 2023.

The Open Data Strategy provides for various implementation measures, such as initiatives, projects and digital solutions. Parallel to this, a monitoring process has started in 2022 to document the implementation of individual measures, including through milestones and regular status reports.
https://www.bva.bund.de/DE/Services/Behoerden/Beratung/Beratungszentrum/OpenData/Monitoring/monitoring_node.html;jsessionid=65E5C4C2408071FC3ABAB79141BF2AED.intranet251",Complement,Yes,"The Open Data Act obliges the Federal Government to report regularly to the German Parliament (Bundestag) every two years on the progress made in implementing open data (Section 12a (11) of the EGovG), see: http://www.gesetze-im-internet.de/egovg/__12a.html. The last progress report has been published in February 2025:
https://dserver.bundestag.de/btd/20/150/2015020.pdf?bcsi_scan_6dfde44891f17c0f=LMKxRqvgz5vof44GXw5bzhWuK7gRAAAAXhMgHw==&bcsi_scan_filename=2015020.pdf

The Open Data Strategy provides for various implementation measures, such as initiatives, projects and digital solutions. Parallel to this, a monitoring process has started in 2022 to document the implementation of individual measures, including through milestones and regular status reports.
https://www.bva.bund.de/DE/Services/Behoerden/Beratung/Beratungszentrum/OpenData/Monitoring/monitoring_node.html",Yes,"The Open Data Act obliges the Federal Government to report regularly to the German Parliament (Bundestag) every two years on the progress made in implementing open data (Section 12a (11) of the EGovG), see: http://www.gesetze-im-internet.de/egovg/__12a.html. The last progress report has been published in February 2025:
https://dserver.bundestag.de/btd/20/150/2015020.pdf?bcsi_scan_6dfde44891f17c0f=LMKxRqvgz5vof44GXw5bzhWuK7gRAAAAXhMgHw==&bcsi_scan_filename=2015020.pdf

The Open Data Strategy provides for various implementation measures, such as initiatives, projects and digital solutions. Parallel to this, a monitoring process has started in 2022 to document the implementation of individual measures, including through milestones and regular status reports.
https://www.bva.bund.de/DE/Services/Behoerden/Beratung/Beratungszentrum/OpenData/Monitoring/monitoring_node.html",Policy,"{'yes': 20, 'no': 0}",20.0
