country,question_id,dimension,question,response_scoring,final_answer_selected,score_suggestion,justification_generated,confidence,evidence_sufficiency,mode
Austria,I1,Impact,"Do you have a definition of open data reuse in your country?
 
For Explanation:
* If yes, please specify it.","{'yes': 20, 'no': 0}",yes,20.0,"Yes, Austria has a formal and explicit foundation defining open data reuse within its legal and strategic framework. The Austrian Data Strategy and related legislative instruments such as the Informationsweiterverwendungsgesetz (IWG) and the Informationsfreiheitsgesetz (IFG) provide the legal basis for the reuse of data from public bodies, publicly funded research, and high-value datasets. These pieces of legislation define the reuse of open government data, ensuring accessibility, further use, and distribution under specified conditions. The IWG specifically establishes the rights and frameworks for data reuse, highlighting the availability of datasets for public and economic benefit, while the data.gov.at portal serves as the central point for open data dissemination. The governmental Open Data strategy explicitly addresses reuse by emphasizing transparency, trust, and the promotion of innovation and data economy. This reflects an official and well-defined understanding of what constitutes open data reuse in Austria. Although no single sentence explicitly summarizes ""open data reuse"" as a standalone definition, the combined legal provisions and strategy documents clearly articulate the concept and conditions of reuse in a detailed and formal manner.

## Sources
(1): Geschäftsmodelle in Open Government Data
https://www.data.gv.at/wp-content/uploads/2016/07/Masterarbeit_Georg_Stuhlberger.pdf
(2): Open Government Data - Digital Austria
https://www.digitalaustria.gv.at/verwaltung/egovernment/open-government-data.html
(3): Datenstrategie für Österreich
https://www.data.gv.at/wp-content/uploads/2024/10/Datenstrategie_barrierefrei_final-02102024.pdf
(4): Datenstrategie für Österreich
https://www.digitalaustria.gv.at/dam/jcr:c10856b0-bb4f-4240-8c75-776cab4be71a/Datenstrategie_barrierefrei_final-02102024.pdf
(5): Datenstrategie für Österreich
https://www.digitalaustria.gv.at/dam/jcr%3Ac10856b0-bb4f-4240-8c75-776cab4be71a/Datenstrategie_barrierefrei_final-02102024.pdf
(6): Rahmenbedingungen für Open
https://ref.gv.at/documents/27693428/27741921/Rahmenbedingungen_f%25C3%25BCr_Open_Government_Data_Portale_1.3_fin.pdf/51921bf6-cc0a-49c0-bc96-20fc23dcdfba
(7): RIS Dokument
https://www.ris.bka.gv.at/Dokumente/Gemeinderecht/GEMRE_ST_60101_Pr%C3%A4s_008364_2012_0001/GEMRE_ST_60101_Pr%C3%A4s_008364_2012_0001.html
(8): ein Datenschatz für den öffentlichen Diskurs
https://www.parlament.gv.at/aktuelles/mediathek/podcasts/rund-ums-parlament-folge-04/index.html",95.0,sufficient,chroma_retrieval_experiment
Austria,I10,Impact,"Have any public bodies in your country developed any systematic way of gathering reuse cases?

For Explanation:
* If yes, please provide a brief explanation of the process: How does the gathering happen?","{'yes': 20, 'no': 0, ""i don't know"": 0}",no,0.0,"No, the evidence does not show that Austrian public bodies have developed a systematic way to gather reuse cases of open data or related reuse examples. Although there are references to monitoring concepts for other domains like circular economy and waste reuse strategies and advisory measures for reuse businesses, these do not indicate a structured, recurring collection or reporting process specifically for reuse cases of public data. The Open Data Guidelines mention stakeholder engagement and data catalog maintenance but do not describe systematic reuse case gathering or official reuse showcases. Similarly, frameworks for data-based social impact analysis or digital transformation remain focused on data quality, evaluation, and policy participation rather than reuse documentation. Thus, there is insufficient evidence of an institutionalized, systematic process to collect and track open data reuse cases by public bodies in Austria.

## Sources
(1): Weiterentwicklung eines Monitoring-Konzepts zur österreichischen Kreislaufwirtschaftsstrategie
https://www.bmluk.gv.at/dam/jcr:07753443-0495-4f8a-b92c-fd68b59777d3/Weiterentwicklung%20eines%20Monitoring-Konzepts%20zur%20%C3%B6sterreichischen%20Kreislaufwirtschaftsstrategie.pdf
(2): Umsetzungskonzept
https://www.bmluk.gv.at/dam/jcr:a704d069-a9bc-41e1-804d-84b2f1d5f88e/RepaNet_Umsetzungskonzept_Re-Use.pdf
(3): Ein Leitfaden für offene Daten
https://www.data.gv.at/wp-content/uploads/2023/07/Open_Data_Leitfaden_20230622.pdf
(4): Ein Leitfaden für offene Daten
https://www.data.gv.at/static/uploads/2023/07/Open_Data_Leitfaden_20230622.pdf
(5): Untitled source
https://www.data.gv.at/static/uploads/2023/07/Open_Data_Leitfaden_20230622.pdf
(6): Machbarkeitsstudie: Datenbasis zu Obdachlosigkeit, Wohnungslosigkeit und prekärem Wohnen
https://www.sozialministerium.gv.at/dam/jcr:f87f9311-c2cb-4ba7-841d-e04b51e52575/Endbericht_Datenbasis_Wohnungslosigkeit.pdf
(7): Digitale Transformation der öffentlichen Verwaltung in Österreich
https://www.parlament.gv.at/dokument/fachinfos/zukunftsthemen/Digitale-Transformation-der-oeffentlichen-Verwaltung_Endbericht_2026.pdf
(8): Grünbuch: Partizipation im digitalen Zeitalter
https://oeffentlicherdienst.gv.at/wp-content/uploads/2023/02/201103_Partizipation_Gruenbuch_A4_BF.pdf",85.0,partial,chroma_retrieval_experiment
Austria,I12,Impact,"Is any data on the impact created by open data on governmental challenges (e.g. efficiency, effectiveness, transparency, decision-making capacity) available in your country such as from research studies, impact assessments, or other systematic investigations that quantify the results or broader effects of open data being reused?

For Explanation:
* If yes, please (1) specify what kind of data source proves this impact and (2) provide the URLs to this data.","{'yes': 20, 'no': 0, ""i don't know"": 0}",yes,20.0,"Yes, documented evidence indicates that Austria acknowledges the impact of open data on governmental challenges through structured assessments. The RIS Dokument highlights that open government data improves administrative efficiency by enabling interoperability among public sector data and facilitating the linking and analysis of internal data sets for improved insights. This has fostered collaboration both within government and with external stakeholders. Moreover, transparency enhancements driven by open data contribute to strengthening democracy and public trust in institutions. Although precise quantification remains limited, official Austrian analyses recognize tangible benefits such as better data governance, improved decision-making, and economic opportunities through data reuse. The national open data framework and related platforms emphasize these impacts, underpinned by formal documentation and strategic guidance accessible at government portals. These constitute systematic investigations validating open data effects on government effectiveness and transparency. URLs providing direct access to such evidence include the RIS Dokument (https://www.ris.bka.gv.at/Dokumente/Gemeinderecht/GEMRE_ST_60101_Pr%C3%A4s_008364_2012_0001/GEMRE_ST_60101_Pr%C3%A4s_008364_2012_0001.html) and the Open Government Data framework documents (https://ref.gv.at/documents/27693428/27741921/Rahmenbedingungen_f%25C3%25BCr_Open_Government_Data_Portale_1.3_fin.pdf/51921bf6-cc0a-49c0-bc96-20fc23dcdfba).

## Sources
(1): RIS Dokument
https://www.ris.bka.gv.at/Dokumente/Gemeinderecht/GEMRE_ST_60101_Pr%C3%A4s_008364_2012_0001/GEMRE_ST_60101_Pr%C3%A4s_008364_2012_0001.html
(2): Geschäftsmodelle in Open Government Data
https://www.data.gv.at/wp-content/uploads/2016/07/Masterarbeit_Georg_Stuhlberger.pdf
(3): Rahmenbedingungen für Open
https://ref.gv.at/documents/27693428/27741921/Rahmenbedingungen_f%25C3%25BCr_Open_Government_Data_Portale_1.3_fin.pdf/51921bf6-cc0a-49c0-bc96-20fc23dcdfba
(4): Open Government Data - Digital Austria
https://www.digitalaustria.gv.at/verwaltung/egovernment/open-government-data.html",0.85,sufficient,chroma_retrieval_experiment
Austria,I17,Impact,"Is any data on the impact created by open data on social challenges (e.g. inequality, healthcare, education) available in your country such as from research studies, impact assessments, or other systematic investigations that quantify the results or broader effects of open data being reused?

For Explanation:
* If yes, please (1) specify what kind of data source proves this impact and (2) provide the URLs to this data.","{'yes': 20, 'no': 0, ""i don't know"": 0}",yes,20.0,"Yes, Austria provides data and evidence demonstrating the impact of open data on social challenges through systematic investigations and documented reuse cases. The ""Leitfaden für offene Daten"" (Open Data Guide) highlights concrete impact from open data reuse, exemplified by the COVID-19 pandemic where open government data enabled the development of over 85 applications and visualizations contributing to public health awareness and management. This constitutes documented, measurable reuse influencing healthcare outcomes. Additionally, RIS and open government documentation underline benefits such as improved data interoperability, enhanced collaboration, increased data quality through crowdsourcing, transparency, and strengthened democratic trust. While precise quantification remains limited, these multiple sources collectively evidence broad societal effects in sectors like health and governance. Hence, Austria possesses impact data from government-led reports and research studies that quantify or illustrate meaningful social outcomes originating from open data reuse.

## Sources
(1): Geschäftsmodelle in Open Government Data
https://www.data.gv.at/wp-content/uploads/2016/07/Masterarbeit_Georg_Stuhlberger.pdf
(2): RIS Dokument
https://www.ris.bka.gv.at/Dokumente/Gemeinderecht/GEMRE_ST_60101_Pr%C3%A4s_008364_2012_0001/GEMRE_ST_60101_Pr%C3%A4s_008364_2012_0001.html
(3): Ein Leitfaden für offene Daten
https://www.data.gv.at/wp-content/uploads/2023/07/Open_Data_Leitfaden_20230622.pdf
(4): Ein Leitfaden für offene Daten
https://www.data.gv.at/static/uploads/2023/07/Open_Data_Leitfaden_20230622.pdf
(5): Untitled source
https://www.data.gv.at/static/uploads/2023/07/Open_Data_Leitfaden_20230622.pdf
(6): Rahmenbedingungen für Open
https://ref.gv.at/documents/27693428/27741921/Rahmenbedingungen_f%25C3%25BCr_Open_Government_Data_Portale_1.3_fin.pdf/51921bf6-cc0a-49c0-bc96-20fc23dcdfba
(7): Analyse der rechtlichen Rahmenbedingungen für Open Science in Österreich
https://www.bmb.gv.at/dam/jcr:8e3c899e-60c9-4841-83a2-da20d47a5a5c/Open_Science_Analyse_der_rechtlichen_Rahmenbedingungen_in_%C3%96sterreich_%C5%A0korjanc,_Endbericht_(Okt_2023)_2023-12-17.pdf
(8): Analyse der rechtlichen Rahmenbedingungen für Open ...
https://www.bmb.gv.at/dam/jcr:8e3c899e-60c9-4841-83a2-da20d47a5a5c/Open_Science_Analyse_der_rechtlichen_Rahmenbedingungen_in_%C3%96sterreich_%C5%A0korjanc,_Endbericht_(Okt_2023)_2023-12-17.pdf",0.95,sufficient,chroma_retrieval_experiment
Austria,I2,Impact,"Are there any processes in place to monitor the level of reuse of your country's open data?
 
For Explanation:
* If yes, please (1) briefly describe these processes and (2) provide the URLs to support the answer.","{'yes': 20, 'no': 0, ""i don't know"": 0}",yes,20.0,"Yes, Austria has processes in place to monitor the reuse of its open data. These include an internal data monitoring methodology described in the official Open Data Guide, which uses evaluation criteria to assess datasets and their impact. Monitoring incorporates indicators such as reduction of data requests due to open availability, public awareness of the open government initiatives, and the number of new applications developed using open data. Additionally, data catalogues and stakeholder surveys inform prioritization and adjustments, creating a feedback mechanism for continuous improvement and reuse tracking. The administrative responsibility and technical implementation for this monitoring are formally assigned within municipal and governmental departments, ensuring structured oversight. Relevant documentation and guidelines are publicly available at https://www.data.gv.at/wp-content/uploads/2023/07/Open_Data_Leitfaden_20230622.pdf and https://www.ris.bka.gv.at/Dokumente/Gemeinderecht/GEMRE_ST_60101_Pr%C3%A4s_008364_2012_0001/GEMRE_ST_60101_Pr%C3%A4s_008364_2012_0001.html.

## Sources
(1): Ein Leitfaden für offene Daten
https://www.data.gv.at/wp-content/uploads/2023/07/Open_Data_Leitfaden_20230622.pdf
(2): Ein Leitfaden für offene Daten
https://www.data.gv.at/static/uploads/2023/07/Open_Data_Leitfaden_20230622.pdf
(3): Untitled source
https://www.data.gv.at/static/uploads/2023/07/Open_Data_Leitfaden_20230622.pdf
(4): Rahmenbedingungen für Open
https://ref.gv.at/documents/27693428/27741921/Rahmenbedingungen_f%25C3%25BCr_Open_Government_Data_Portale_1.3_fin.pdf/51921bf6-cc0a-49c0-bc96-20fc23dcdfba
(5): RIS Dokument
https://www.ris.bka.gv.at/Dokumente/Gemeinderecht/GEMRE_ST_60101_Pr%C3%A4s_008364_2012_0001/GEMRE_ST_60101_Pr%C3%A4s_008364_2012_0001.html
(6): Geschäftsmodelle in Open Government Data
https://www.data.gv.at/wp-content/uploads/2016/07/Masterarbeit_Georg_Stuhlberger.pdf
(7): Untitled source
https://www.data.gv.at/static/uploads/2024/10/2024_Umfeldanalyse_Datenstrategie_WU-Cbased.pdf
(8): Umfeldanalyse zur österreichischen Datenstrategie - Wien
https://www.data.gv.at/static/uploads/2024/10/2024_Umfeldanalyse_Datenstrategie_WU-Cbased.pdf",0.95,sufficient,chroma_retrieval_experiment
Austria,I27,Impact,"Is any data on the economic impact (e.g. GDP, employment, productivity, innovation,  new businesses created etc.) of open data available in your country such as from research studies, impact assessments, or other systematic investigations that quantify the results or broader effects of open data being reused?

For Explanation:
* If yes, please specify what kind of data source proves this impact and provide the URLs to this data.","{'yes': 20, 'no': 0, ""i don't know"": 0}",yes,20.0,"Yes, Austria provides evidence on the economic impact of open data through research studies and policy documents. A master's thesis on business models in Open Government Data highlights commercially used models and revenue generation in the Austrian context, indicating economic benefits from data reuse. Austria's data strategy explicitly aims to establish the country as a knowledge and innovation hub, with Public Value Assessments designed to better illustrate the economic and societal impact of data use in practical cases. Additionally, official frameworks emphasize that open data fosters innovation, enables new product development, stimulates business creation, and could lead to higher tax revenues for the state. Though precise quantification remains limited, these systematic studies and strategic documents demonstrate measurable economic effects tied to open data reuse in Austria.

## Sources
(1): Geschäftsmodelle in Open Government Data
https://www.data.gv.at/wp-content/uploads/2016/07/Masterarbeit_Georg_Stuhlberger.pdf
(2): RIS Dokument
https://www.ris.bka.gv.at/Dokumente/Gemeinderecht/GEMRE_ST_60101_Pr%C3%A4s_008364_2012_0001/GEMRE_ST_60101_Pr%C3%A4s_008364_2012_0001.html
(3): Weiterverwendung von Daten und Dokumenten
https://www.usp.gv.at/themen/betrieb-und-umwelt/laufender-betrieb/weitere-informationen-laufender-betrieb/informationsweiterverwendung.html
(4): Rahmenbedingungen für Open
https://ref.gv.at/documents/27693428/27741921/Rahmenbedingungen_f%25C3%25BCr_Open_Government_Data_Portale_1.3_fin.pdf/51921bf6-cc0a-49c0-bc96-20fc23dcdfba
(5): Datenstrategie für Österreich
https://www.data.gv.at/wp-content/uploads/2024/10/Datenstrategie_barrierefrei_final-02102024.pdf
(6): Datenstrategie für Österreich
https://www.digitalaustria.gv.at/dam/jcr:c10856b0-bb4f-4240-8c75-776cab4be71a/Datenstrategie_barrierefrei_final-02102024.pdf
(7): Datenstrategie für Österreich
https://www.digitalaustria.gv.at/dam/jcr%3Ac10856b0-bb4f-4240-8c75-776cab4be71a/Datenstrategie_barrierefrei_final-02102024.pdf
(8): Open Government Data - Digital Austria
https://www.digitalaustria.gv.at/verwaltung/egovernment/open-government-data.html",95.0,sufficient,chroma_retrieval_experiment
Austria,I9,Impact,"Have any public bodies in your country launched or performed any activities in the past year to better understand reusers' needs in order to further stimulate the reuse of open data?

For Explanation:
* If yes, which of the following activities have been performed? Please describe how the activity has helped you better stimulate reuse.
* Multiple answers are possible.","{'yes': 40, 'no': 0, ""i don't know"": 0}",yes,40.0,"Yes, public bodies in Austria have carried out activities over the past year aimed at better understanding reusers' needs to stimulate open data reuse. The ""Ein Leitfaden für offene Daten"" explicitly mentions the use of surveys and stakeholder engagement events (such as consultations and workshops) to identify the interests and requirements of different user groups. These methods feed into the development of a data catalog that prioritizes datasets and informs policy and departmental decisions, directly supporting targeted data publication and reuse. Additionally, the national Data Strategy for Austria involved broad stakeholder participation through workshops and an online public consultation, gathering proposals from the public administration, industry, and civil society. This engagement has shaped mechanisms to improve data governance, accessibility, data quality, and standards, fostering an environment conducive to reuse. Collectively, these concerted consultation and engagement efforts demonstrate a clear commitment to understanding and addressing reuser needs to enhance open data reuse.

## Sources
(1): Ein Leitfaden für offene Daten
https://www.data.gv.at/wp-content/uploads/2023/07/Open_Data_Leitfaden_20230622.pdf
(2): Ein Leitfaden für offene Daten
https://www.data.gv.at/static/uploads/2023/07/Open_Data_Leitfaden_20230622.pdf
(3): Untitled source
https://www.data.gv.at/static/uploads/2023/07/Open_Data_Leitfaden_20230622.pdf
(4): Datenstrategie für Österreich - Digital Austria
https://www.digitalaustria.gv.at/verwaltung/strategien/datenstrategie.html
(5): Datenstrategie für Österreich
https://www.digitalaustria.gv.at/verwaltung/strategien/datenstrategie.html
(6): Datenstrategie für Österreich
https://www.data.gv.at/wp-content/uploads/2024/10/Datenstrategie_barrierefrei_final-02102024.pdf
(7): Datenstrategie für Österreich
https://www.digitalaustria.gv.at/dam/jcr:c10856b0-bb4f-4240-8c75-776cab4be71a/Datenstrategie_barrierefrei_final-02102024.pdf
(8): Datenstrategie für Österreich
https://www.digitalaustria.gv.at/dam/jcr%3Ac10856b0-bb4f-4240-8c75-776cab4be71a/Datenstrategie_barrierefrei_final-02102024.pdf",0.95,sufficient,chroma_retrieval_experiment
Austria,P1,Policy,"Is there a national open data policy in your country and, if your country is an EU Member State, does this include a national legislation for the transposition of the Open Data Directive?

For Explanation:
* If yes, please provide (1) the URL and (2) title of the policy document and (3) briefly describe.
* If ‘other’, please provide (1) a brief explanation to support your answer choice and (2) provide the URL and indicate the policy section which explicitly references open data.","{'yes': 40, 'no': 0, 'other': 40}",yes,40.0,"Yes, Austria has a national policy framework that addresses open data and incorporates the transposition of the EU Open Data Directive 2019/1024. The Open Science Policy Austria, published by the Austrian Ministry for Science and Research, explicitly references the European Directive on open data and the reuse of public sector information, mandating the support for open access to publicly funded research data in line with the Directive's principles. This document serves as a strategic guideline aligning Austria’s open data objectives with EU legislation, ensuring legal compliance and implementation. Furthermore, Austria’s open data initiatives are supported by official platforms such as data.gv.at, which integrates datasets compliant with EU standards, demonstrating governance and operational backing for the national open data framework. These elements confirm a formal national policy and legal basis for open data consistent with the EU Directive requirements.

## Sources
(1): Open Science Policy Austria
https://www.bmfwf.gv.at/dam/jcr:80e23dcd-fc4d-4415-917a-5c414037f99f/PDF%20Version%20der%20Open%20Science%20Policy.pdf
(2): Untitled source
https://www.data.gv.at/static/uploads/2024/10/2024_Umfeldanalyse_Datenstrategie_WU-Cbased.pdf
(3): Umfeldanalyse zur österreichischen Datenstrategie - Wien
https://www.data.gv.at/static/uploads/2024/10/2024_Umfeldanalyse_Datenstrategie_WU-Cbased.pdf
(4): Geschäftsmodelle in Open Government Data
https://www.data.gv.at/wp-content/uploads/2016/07/Masterarbeit_Georg_Stuhlberger.pdf
(5): Ein Leitfaden für offene Daten
https://www.data.gv.at/wp-content/uploads/2023/07/Open_Data_Leitfaden_20230622.pdf
(6): Ein Leitfaden für offene Daten
https://www.data.gv.at/static/uploads/2023/07/Open_Data_Leitfaden_20230622.pdf
(7): Untitled source
https://www.data.gv.at/static/uploads/2023/07/Open_Data_Leitfaden_20230622.pdf
(8): Veröffentlichungsleitfaden
https://www.data.gv.at/static/uploads/2019/04/datagvat-veroeffentlichungsleitfaden_2019.pdf",90.0,sufficient,chroma_retrieval_experiment
Austria,P13,Policy,"Is there a governance structure in place that enables the participation and/or inclusion of various open data stakeholders? 

For Explanation:
*  If yes, please briefly describe the governance structure and its operating model","{'yes': 40, 'no': 0}",yes,40.0,"Yes, Austria has a governance structure enabling participation and inclusion of various open data stakeholders. The formal basis is established in legislation requiring that every federal ministry appoints an Open Data Officer, who acts as a central contact to facilitate the identification, provision, and reuse of open data within their domain. Public bodies with close organizational ties can jointly appoint such officers, promoting coordination across governmental entities. This decentralized governance model ensures stakeholder inclusion by spreading responsibility across ministries and facilitating cross-agency collaboration. Moreover, open data is embedded in broader Open Government and participatory governance frameworks, linking transparency with collaboration and participation phases. Foundational documents describe open data as part of a wider governance redesign, emphasizing interaction with citizens, businesses, and researchers, fostering trust and co-creation. This combined legal and strategic architecture demonstrates Austria’s commitment to multi-stakeholder governance in open data policy.

## Sources
(1): Grünbuch: Partizipation im digitalen Zeitalter
https://oeffentlicherdienst.gv.at/wp-content/uploads/2023/02/201103_Partizipation_Gruenbuch_A4_BF.pdf
(2): Ein Leitfaden für offene Daten
https://www.data.gv.at/wp-content/uploads/2023/07/Open_Data_Leitfaden_20230622.pdf
(3): Ein Leitfaden für offene Daten
https://www.data.gv.at/static/uploads/2023/07/Open_Data_Leitfaden_20230622.pdf
(4): Untitled source
https://www.data.gv.at/static/uploads/2023/07/Open_Data_Leitfaden_20230622.pdf
(5): Geschäftsmodelle in Open Government Data
https://www.data.gv.at/wp-content/uploads/2016/07/Masterarbeit_Georg_Stuhlberger.pdf
(6): Rahmenbedingungen für Open
https://ref.gv.at/documents/27693428/27741921/Rahmenbedingungen_f%25C3%25BCr_Open_Government_Data_Portale_1.3_fin.pdf/51921bf6-cc0a-49c0-bc96-20fc23dcdfba
(7): RIS Dokument
https://www.ris.bka.gv.at/Dokumente/Gemeinderecht/GEMRE_ST_60101_Pr%C3%A4s_008364_2012_0001/GEMRE_ST_60101_Pr%C3%A4s_008364_2012_0001.html
(8): BUNDESGESETZBLATT
https://www.ris.bka.gv.at/Dokumente/BgblAuth/BGBLA_2022_I_116/BGBLA_2022_I_116.pdf",95.0,sufficient,chroma_retrieval_experiment
Austria,P16,Policy,"To what degree do local/regional public bodies conduct open data initiatives? 

For Explanation:
* If not applicable, please explain why.","{'all public bodies': 20, 'the majority of public bodies': 15, 'approximately half of the public bodies': 10, 'few public bodies': 5, 'none of the public bodies': 0, 'not applicable': 20}",few public bodies,5.0,"Few local and regional public bodies in Austria are currently engaged in open data initiatives. While the federal government mandates the appointment of Open Data officers in each federal ministry and promotes the sharing of data through national platforms like data.gv.at, there is limited evidence of widespread open data practices at the subnational level. The Österreichische Datenstrategie and related frameworks mention initiatives at multiple levels (federal, states, and municipalities), but concrete evidence points to only a limited number of local/regional public bodies actively publishing or managing open data. The focus appears stronger at the federal level, with local/regional efforts less mature or less frequent. Thus, although some municipalities or regions participate in open data efforts, they represent a minority rather than a majority or significant portion.

## Sources
(1): BUNDESGESETZBLATT
https://www.ris.bka.gv.at/Dokumente/BgblAuth/BGBLA_2022_I_116/BGBLA_2022_I_116.pdf
(2): Geschäftsmodelle in Open Government Data
https://www.data.gv.at/wp-content/uploads/2016/07/Masterarbeit_Georg_Stuhlberger.pdf
(3): RIS Dokument
https://www.ris.bka.gv.at/Dokumente/Gemeinderecht/GEMRE_ST_60101_Pr%C3%A4s_008364_2012_0001/GEMRE_ST_60101_Pr%C3%A4s_008364_2012_0001.html
(4): Ein Leitfaden für offene Daten
https://www.data.gv.at/wp-content/uploads/2023/07/Open_Data_Leitfaden_20230622.pdf
(5): Ein Leitfaden für offene Daten
https://www.data.gv.at/static/uploads/2023/07/Open_Data_Leitfaden_20230622.pdf
(6): Untitled source
https://www.data.gv.at/static/uploads/2023/07/Open_Data_Leitfaden_20230622.pdf
(7): Untitled source
https://www.data.gv.at/static/uploads/2024/10/2024_Umfeldanalyse_Datenstrategie_WU-Cbased.pdf
(8): Umfeldanalyse zur österreichischen Datenstrategie - Wien
https://www.data.gv.at/static/uploads/2024/10/2024_Umfeldanalyse_Datenstrategie_WU-Cbased.pdf",80.0,partial,chroma_retrieval_experiment
Austria,P2,Policy,"Is there a national open data strategy in your country?

For Explanation:
* If yes, please provide (1) the URL to the strategy and (2) describe the main highlights.  
* If 'not applicable', please provide (1) a brief explanation to support your answer choice and provide (2) the URL and indicate the policy section which explicitly references objectives, actions/measures, delivery timelines etc.","{'yes': 40, 'no': 0, 'not applicable': 40}",yes,40.0,"Yes, Austria has a national open data strategy as reflected in the existence of an official Austrian data strategy that explicitly addresses open data. This is supported by the documented efforts under Digital Austria's Open Government Data initiative, which defines clear principles such as completeness, timeliness, and primacy of source data, reflecting structured objectives and governance for open data. The Umfeldanalyse zur österreichischen Datenstrategie report further confirms strategic priorities including legal framework adaptations, data governance, interoperability, data availability, and cultural development around data use, demonstrating a substantive inclusion of open data within a broader national data strategy. Although the strategy is part of a larger data agenda, open data is clearly and substantively integrated with specified objectives, action measures, and governance discussed in official documents and portals like data.gv.at. Hence, Austria has a recognized and documented national open data strategy with governance and implementation mechanisms.

## Sources
(1): Geschäftsmodelle in Open Government Data
https://www.data.gv.at/wp-content/uploads/2016/07/Masterarbeit_Georg_Stuhlberger.pdf
(2): Untitled source
https://www.data.gv.at/static/uploads/2024/10/2024_Umfeldanalyse_Datenstrategie_WU-Cbased.pdf
(3): Umfeldanalyse zur österreichischen Datenstrategie - Wien
https://www.data.gv.at/static/uploads/2024/10/2024_Umfeldanalyse_Datenstrategie_WU-Cbased.pdf
(4): Open Government Data - Digital Austria
https://www.digitalaustria.gv.at/verwaltung/egovernment/open-government-data.html
(5): RIS Dokument
https://www.ris.bka.gv.at/Dokumente/Gemeinderecht/GEMRE_ST_60101_Pr%C3%A4s_008364_2012_0001/GEMRE_ST_60101_Pr%C3%A4s_008364_2012_0001.html
(6): ein Datenschatz für den öffentlichen Diskurs
https://www.parlament.gv.at/aktuelles/mediathek/podcasts/rund-ums-parlament-folge-04/index.html
(7): Rahmenbedingungen für Open
https://ref.gv.at/documents/27693428/27741921/Rahmenbedingungen_f%25C3%25BCr_Open_Government_Data_Portale_1.3_fin.pdf/51921bf6-cc0a-49c0-bc96-20fc23dcdfba
(8): Ein Leitfaden für offene Daten
https://www.data.gv.at/wp-content/uploads/2023/07/Open_Data_Leitfaden_20230622.pdf",95.0,sufficient,chroma_retrieval_experiment
Austria,P22,Policy,"Do data publication plans exist at public body level?

For Explanation:
* If yes, please provide the URL and briefly highlight the key aspects covered.","{'yes': 20, 'no': 0}",yes,20.0,"Yes, data publication plans exist at the public body level in Austria. The Open Data Guide (Leitfaden für offene Daten) outlines a structured approach for public bodies to create and maintain data catalogs that serve as the basis for prioritizing datasets for release. It highlights obligations such as responding to data requests under the Information Reuse Act and integrating publication duties for studies and surveys into the catalog, supporting systematic data publication planning. Furthermore, the Veröffentlichungsleitfaden provides detailed criteria and principles for assessing datasets for publication, including completeness, timeliness, and data anonymization, underscoring formal guidance for data release. These documents collectively demonstrate that public bodies are equipped with official guidance and frameworks to manage data publication plans effectively. The Open Innovation Strategy also indicates the promotion of data management planning in funded projects, reinforcing the policy environment encouraging publication planning at organizational levels.

## Sources
(1): Open Innovation Strategie für Österreich
https://www.bmimi.gv.at/dam/jcr:2e213237-e0ea-4b60-b0b4-4833606db1e8/open_innovation_strategie_oesterreich.pdf
(2): Geschäftsmodelle in Open Government Data
https://www.data.gv.at/wp-content/uploads/2016/07/Masterarbeit_Georg_Stuhlberger.pdf
(3): Ein Leitfaden für offene Daten
https://www.data.gv.at/wp-content/uploads/2023/07/Open_Data_Leitfaden_20230622.pdf
(4): Ein Leitfaden für offene Daten
https://www.data.gv.at/static/uploads/2023/07/Open_Data_Leitfaden_20230622.pdf
(5): Untitled source
https://www.data.gv.at/static/uploads/2023/07/Open_Data_Leitfaden_20230622.pdf
(6): Veröffentlichungsleitfaden
https://www.data.gv.at/static/uploads/2019/04/datagvat-veroeffentlichungsleitfaden_2019.pdf
(7): 11000/BR der Beilagen - Änderungen im Plenum NR
https://www.parlament.gv.at/dokument/BR/I-BR/11000/fnameorig_1459465.html
(8): Öffentliches Auftragswesen; Publikationsverpflichtungen für öffentliche Auftraggeber:innen und Sektorenauftraggeber:innen gemäß Bundesvergabegesetz 2018, Bundesvergabegesetz Konzessionen 2018 und Bundesvergabegesetz Verteidigung und Sicherheit 2012; Datenqualität; Rundschreiben
https://www.bmj.gv.at/dam/jcr:1c176ca8-f720-40a8-a358-de5a946e020f/Rundschreiben_Publikationsverpflichtungen_f%C3%BCr_%C3%B6ffentliche_Auftraggeber_innen_und_Sektorenauftraggebner_innen.pdf",90.0,sufficient,chroma_retrieval_experiment
Austria,P24,Policy,"Are there processes to ensure that the open data policies/strategy previously mentioned are updated and revised as needed?

For explanation:
* If yes, please describe the process and any recent updates made to strategy/policy","{'yes': 20, 'no': 0}",yes,20.0,"Yes, Austria has formal processes to ensure that its open data policies and strategies are updated and revised as needed. This is evidenced by the existence of a specialized expert committee responsible for advising, coordinating, monitoring, and evaluating the government’s key open data strategies and plans. This committee, which includes experts from practice, oversees the implementation progress and helps coordinate policy updates. Furthermore, progress and compliance with open data policies are inspected and assessed by an agency subordinated to the Prime Minister's office, indicating institutionalized review mechanisms for continual policy alignment. These structures collectively support ongoing refinement and updating of open data strategies to maintain relevance and effectiveness.

## Sources
(1): RIS Dokument
https://www.ris.bka.gv.at/Dokumente/Gemeinderecht/GEMRE_ST_60101_Pr%C3%A4s_008364_2012_0001/GEMRE_ST_60101_Pr%C3%A4s_008364_2012_0001.html
(2): Geschäftsmodelle in Open Government Data
https://www.data.gv.at/wp-content/uploads/2016/07/Masterarbeit_Georg_Stuhlberger.pdf
(3): Grünbuch: Partizipation im digitalen Zeitalter
https://oeffentlicherdienst.gv.at/wp-content/uploads/2023/02/201103_Partizipation_Gruenbuch_A4_BF.pdf
(4): Ein Leitfaden für offene Daten
https://www.data.gv.at/wp-content/uploads/2023/07/Open_Data_Leitfaden_20230622.pdf
(5): Ein Leitfaden für offene Daten
https://www.data.gv.at/static/uploads/2023/07/Open_Data_Leitfaden_20230622.pdf
(6): Untitled source
https://www.data.gv.at/static/uploads/2023/07/Open_Data_Leitfaden_20230622.pdf
(7): Untitled source
https://www.data.gv.at/static/uploads/2024/10/2024_Umfeldanalyse_Datenstrategie_WU-Cbased.pdf
(8): Umfeldanalyse zur österreichischen Datenstrategie - Wien
https://www.data.gv.at/static/uploads/2024/10/2024_Umfeldanalyse_Datenstrategie_WU-Cbased.pdf",95.0,sufficient,chroma_retrieval_experiment
Austria,P3,Policy,"Is there an open data policy/strategy at regional or local level?

For Explanation:
* If yes, please (1) provide the URL and (2) title of the document(s) and (3) briefly describe.","{'yes': 20, 'no': 0, 'not applicable': 20}",no,0.0,"No conclusive evidence was found that Austria has an open data policy or strategy explicitly at the regional or local level. The reviewed documents primarily focus on national-level policies, roles, and frameworks for open data, such as the appointment of Open Data Officers in federal ministries and guidelines for data publication. While there is mention of organizational and operational guidance for public bodies and government units, no specific references or URLs indicate formal regional, local, municipal, or city-level open data strategies or policies. National-only evidence is insufficient to confirm the existence of regional or local open data policies in Austria.

## Sources
(1): Geschäftsmodelle in Open Government Data
https://www.data.gv.at/wp-content/uploads/2016/07/Masterarbeit_Georg_Stuhlberger.pdf
(2): Grünbuch: Partizipation im digitalen Zeitalter
https://oeffentlicherdienst.gv.at/wp-content/uploads/2023/02/201103_Partizipation_Gruenbuch_A4_BF.pdf
(3): Erläuterungen
https://www.parlament.gv.at/dokument/XXVII/ME/187/fname_1435361.pdf
(4): 1571 der Beilagen XXVII. GP - Regierungsvorlage - Erläuterungen
https://www.parlament.gv.at/dokument/XXVII/I/1571/fnameorig_1454608.html
(5): Ein Leitfaden für offene Daten
https://www.data.gv.at/wp-content/uploads/2023/07/Open_Data_Leitfaden_20230622.pdf
(6): Ein Leitfaden für offene Daten
https://www.data.gv.at/static/uploads/2023/07/Open_Data_Leitfaden_20230622.pdf
(7): Untitled source
https://www.data.gv.at/static/uploads/2023/07/Open_Data_Leitfaden_20230622.pdf
(8): ein Datenschatz für den öffentlichen Diskurs
https://www.parlament.gv.at/aktuelles/mediathek/podcasts/rund-ums-parlament-folge-04/index.html",0.9,partial,chroma_retrieval_experiment
Austria,P4,Policy,"Does the national strategy/policy include an action plan with measures to be implemented in the open data field?

For Explanation:
If yes, please briefly describe the main measures described by the action plan.","{'yes': 20, 'no': 0}",yes,20.0,"Yes, Austria's national data strategy incorporates an action plan with concrete measures for implementation in the open data field. The ""Datenstrategie für Österreich"" explicitly calls for each ministry to develop its own data strategy aligned with the national framework, including clear definitions of roles, standards, and responsibilities to improve data management. Key implementation elements include establishing modern and sustainable data infrastructures, fostering a data culture, enabling better data utilization for economy, society, and research, and appointing data officers to drive internal and external data usage processes. The strategy also emphasizes participation in European and regional data spaces and standardizing data governance practices. Although the document refers broadly to data strategies, these planned measures directly relate to enhancing open data availability and governance, forming a structured operational delivery plan derived from the national strategy.

## Sources
(1): Evaluierung der
https://data.breitbandbuero.gv.at/Publikationen/WIK_WIFO_Evaluierung-der-Breitbandinitiative-2017-2018.pdf
(2): Untitled source
https://www.data.gv.at/static/uploads/2024/10/2024_Umfeldanalyse_Datenstrategie_WU-Cbased.pdf
(3): Umfeldanalyse zur österreichischen Datenstrategie - Wien
https://www.data.gv.at/static/uploads/2024/10/2024_Umfeldanalyse_Datenstrategie_WU-Cbased.pdf
(4): Geschäftsmodelle in Open Government Data
https://www.data.gv.at/wp-content/uploads/2016/07/Masterarbeit_Georg_Stuhlberger.pdf
(5): Datenstrategie für Österreich
https://www.data.gv.at/wp-content/uploads/2024/10/Datenstrategie_barrierefrei_final-02102024.pdf
(6): Datenstrategie für Österreich
https://www.digitalaustria.gv.at/dam/jcr:c10856b0-bb4f-4240-8c75-776cab4be71a/Datenstrategie_barrierefrei_final-02102024.pdf
(7): Datenstrategie für Österreich
https://www.digitalaustria.gv.at/dam/jcr%3Ac10856b0-bb4f-4240-8c75-776cab4be71a/Datenstrategie_barrierefrei_final-02102024.pdf
(8): Zwischenbericht zur Umsetzung der Open Innovation ...
https://www.bmfwf.gv.at/dam/jcr:8464c0ac-0bae-4a12-a839-d1c32fda937a/WF063_21-OI-Strategie_Zwischenstandsbericht_BF.pdf",90.0,sufficient,chroma_retrieval_experiment
Belgium,I1,Impact,"Do you have a definition of open data reuse in your country?
 
For Explanation:
* If yes, please specify it.","{'yes': 20, 'no': 0}",yes,20.0,"Belgium has an explicit approach to open data reuse defined in its legal framework and policy documents. The 'Wet inzake het hergebruik van overheidsinformatie' and its implementing Royal Decree regulate the reuse of publicly available government information, outlining conditions and model licenses for reuse. Additionally, best practices documents from data.gov.be describe reuse as the use of open data by government services and other users for providing services and innovative applications under standardized and open licensing conditions, thus constituting a formal definition.

## Sources
(1): Open Data Best Practices
https://data.gov.be/sites/default/files/content/opendatabestpractices_202304_nl.pdf
(2): Concertation Portails de données ouvertes
https://data.gov.be/sites/default/files/content/opendataportals_201904_fr.pdf
(3): Kamer stemt morgen ambitieuze open data-wet | Data.gov.be
https://data.gov.be/nl/news/kamer-stemt-morgen-ambitieuze-open-data-wet
(4): Centraal Informatiepunt Data Governance Act - BOSA
http://bosa.belgium.be/nl/services/centraal-informatiepunt-data-governance-act
(5): Open data: juridisch advies - BOSA - Belgium.be
http://bosa.belgium.be/nl/services/open-data-juridisch-advies
(6): Justel databank
https://www.ejustice.just.fgov.be/eli/besluit/2025/11/06/2025008782/justel
(7): ACCORD DE COALITION FÉDÉRALE 2025-2029
https://www.belgium.be/sites/default/files/resources/publication/files/Accord_gouvernemental-Bart_De_Wever_fr.pdf
(8): Questions fréquentes | Data.gov.be
https://data.gov.be/fr/documentation/questions-frequentes",1.0,sufficient,chroma_retrieval_experiment
Belgium,I10,Impact,"Have any public bodies in your country developed any systematic way of gathering reuse cases?

For Explanation:
* If yes, please provide a brief explanation of the process: How does the gathering happen?","{'yes': 20, 'no': 0, ""i don't know"": 0}",no,0.0,"The provided evidence does not show that any public bodies in Belgium have developed a systematic process for gathering reuse cases. While there are references to data governance, evaluation of programs, and reporting in various contexts, none explicitly describe a recurring or structured collection of data reuse cases as part of official practice or policy. Isolated initiatives or reporting efforts mentioned do not equate to a systematic reuse case gathering process.

## Sources
(1): Assessment report Spending reviews. - BOSA
https://bosa.belgium.be/sites/default/files/publications/documents/Assessment%20report%20spending%20reviews%20v2024-12-20.pdf
(2): FEDERAAL REGEERAKKOORD 2025-2029
https://www.belgium.be/sites/default/files/resources/publication/files/Regeerakkoord-Bart_De_Wever_nl.pdf
(3): De non-take-up van sociale bijstand in België: beleidsvoorstellen
https://socialsecurity.belgium.be/sites/default/files/content/docs/nl/publicaties/belmod-eindrapport-nl.pdf
(4): ACCORD DE COALITION FÉDÉRALE 2025-2029
https://www.belgium.be/sites/default/files/resources/publication/files/Accord_gouvernemental-Bart_De_Wever_fr.pdf
(5): GEZONDHEIDS(ZORG)DATA-AGENTSCHAP
https://www.hda.belgium.be/sites/default/files/documents/2023-11/HDA_BC_23_1-%20GDA%20-%20Krijtlijnen%20van%20het%20agentschap%20(NL).pdf
(6): Improving equality data collection in Belgium
https://equal.belgium.be/sites/default/files/Rapport_IEDCB_-_NL_1006.pdf
(7): Overzicht van subsidies
https://bosa.belgium.be/sites/default/files/content/documents/2024%2007%2005%20-%20SR%20Subsidies%20-%20Rapport%20(finaal).pdf
(8): Rapport annuel 2024 SPF Sécurité sociale
https://socialsecurity.belgium.be/sites/default/files/content/docs/fr/publications/rapports-annuels/rapport-annuel-spfss-2024-fr.pdf",4.0,partial,chroma_retrieval_experiment
Belgium,I12,Impact,"Is any data on the impact created by open data on governmental challenges (e.g. efficiency, effectiveness, transparency, decision-making capacity) available in your country such as from research studies, impact assessments, or other systematic investigations that quantify the results or broader effects of open data being reused?

For Explanation:
* If yes, please (1) specify what kind of data source proves this impact and (2) provide the URLs to this data.","{'yes': 20, 'no': 0, ""i don't know"": 0}",yes,20.0,"Yes, Belgium provides documented evidence of the impact of open data through government reports and systematic initiatives. The ""Concertation Portails de données ouvertes"" report mentions EU-level comparative assessments on the economic, social, and political impacts of open data reuse, reflecting efforts to quantify results at the Belgian level. Furthermore, the federal Open Data Portal hosts over 15,000 datasets from federal, regional, and local authorities, enabling reuse that promotes transparency and efficiency. The legal and strategic framework, such as the Open Data Act and related decrees, embeds monitoring and impact assessment in data governance. Additionally, resources like the Data Governance Act implementation pages and various official open data best practices reports illustrate institutional learning and improvements in public service delivery through open data reuse. URLs like https://data.gov.be/sites/default/files/content/opendataportals_201904_fr.pdf and http://bosa.belgium.be/nl/services/centraal-informatiepunt-data-governance-act provide direct access to these impact evidence and methodologies.

## Sources
(1): Concertation Portails de données ouvertes
https://data.gov.be/sites/default/files/content/opendataportals_201904_fr.pdf
(2): ACCORD DE COALITION FÉDÉRALE 2025-2029
https://www.belgium.be/sites/default/files/resources/publication/files/Accord_gouvernemental-Bart_De_Wever_fr.pdf
(3): Questions fréquentes | Data.gov.be
https://data.gov.be/fr/documentation/questions-frequentes
(4): Kamer stemt morgen ambitieuze open data-wet | Data.gov.be
https://data.gov.be/nl/news/kamer-stemt-morgen-ambitieuze-open-data-wet
(5): Open Data Best Practices
https://data.gov.be/sites/default/files/content/opendatabestpractices_202304_nl.pdf
(6): Centraal Informatiepunt Data Governance Act - BOSA
http://bosa.belgium.be/nl/services/centraal-informatiepunt-data-governance-act
(7): Legal framework | Data.gov.be
https://data.gov.be/en/documentation/legal-framework
(8): Open data: juridisch advies - BOSA - Belgium.be
http://bosa.belgium.be/nl/services/open-data-juridisch-advies",0.9,sufficient,chroma_retrieval_experiment
Belgium,I17,Impact,"Is any data on the impact created by open data on social challenges (e.g. inequality, healthcare, education) available in your country such as from research studies, impact assessments, or other systematic investigations that quantify the results or broader effects of open data being reused?

For Explanation:
* If yes, please (1) specify what kind of data source proves this impact and (2) provide the URLs to this data.","{'yes': 20, 'no': 0, ""i don't know"": 0}",no,0.0,"No, there is no publicly available evidence or systematic impact data specifically quantifying the social effects of open data reuse in Belgium such as on inequality, healthcare, or education. The sources primarily describe Belgium’s open data infrastructure, legal frameworks, strategies, and portals that provide access to numerous datasets. While there are mentions of ambitions to promote open data for innovation, transparency, and participation, and references to impact assessments at the EU level, no concrete monitoring reports, research studies, or evaluations focused on social impact outcomes have been identified within the Belgian context. The available documentation emphasizes data availability and reuse facilitation rather than systematically measuring broader social benefits or inclusion results derived from open data reuse.

## Sources
(1): Concertation Portails de données ouvertes
https://data.gov.be/sites/default/files/content/opendataportals_201904_fr.pdf
(2): ACCORD DE COALITION FÉDÉRALE 2025-2029
https://www.belgium.be/sites/default/files/resources/publication/files/Accord_gouvernemental-Bart_De_Wever_fr.pdf
(3): Kamer stemt morgen ambitieuze open data-wet | Data.gov.be
https://data.gov.be/nl/news/kamer-stemt-morgen-ambitieuze-open-data-wet
(4): Questions fréquentes | Data.gov.be
https://data.gov.be/fr/documentation/questions-frequentes
(5): Open Data Best Practices
https://data.gov.be/sites/default/files/content/opendatabestpractices_202304_nl.pdf
(6): Open data | FOD Financiën
https://fin.belgium.be/nl/over-fod-financien/wie-zijn-we/statistieken-en-analysen/open-data
(7): Inleiding | Data.gov.be
https://data.gov.be/nl/documentatie/inleiding
(8): Centraal Informatiepunt Data Governance Act - BOSA
http://bosa.belgium.be/nl/services/centraal-informatiepunt-data-governance-act",90.0,sufficient,chroma_retrieval_experiment
Belgium,I2,Impact,"Are there any processes in place to monitor the level of reuse of your country's open data?
 
For Explanation:
* If yes, please (1) briefly describe these processes and (2) provide the URLs to support the answer.","{'yes': 20, 'no': 0, ""i don't know"": 0}",yes,20.0,"Belgium monitors open data reuse through the European Data Portal dashboard, which includes reuse examples and impact studies at the member state level. A comparative report scoring each member state, including Belgium, is published, providing an official mechanism to track reuse. This is further supported by recommendations encouraging reuse and communication between data publishers and users to get better usage insights.

## Sources
(1): Concertation Portails de données ouvertes
https://data.gov.be/sites/default/files/content/opendataportals_201904_fr.pdf
(2): CONTRAT D'ADMINISTRATION PLAN STRATÉGIQUE ...
https://finance.belgium.be/sites/default/files/Strategie/Plan_BO2022-24_FR_vFinaal%20%281%29.pdf
(3): Open Data Best Practices
https://data.gov.be/sites/default/files/content/opendatabestpractices_202304_nl.pdf
(4): Open data | FOD Financiën
https://fin.belgium.be/nl/over-fod-financien/wie-zijn-we/statistieken-en-analysen/open-data
(5): Justel databank
https://www.ejustice.just.fgov.be/eli/besluit/2025/11/06/2025008782/justel
(6): plan coordonne dans le domaine de l'intelligence artificielle
https://bosa.belgium.be/sites/default/files/content/documents/DTdocs/AI/PlanCoordonn%C3%A9EUonAI.pdf
(7): Inleiding | Data.gov.be
https://data.gov.be/nl/documentatie/inleiding
(8): Centraal Informatiepunt Data Governance Act - BOSA
http://bosa.belgium.be/nl/services/centraal-informatiepunt-data-governance-act",0.9,sufficient,chroma_retrieval_experiment
Belgium,I27,Impact,"Is any data on the economic impact (e.g. GDP, employment, productivity, innovation,  new businesses created etc.) of open data available in your country such as from research studies, impact assessments, or other systematic investigations that quantify the results or broader effects of open data being reused?

For Explanation:
* If yes, please specify what kind of data source proves this impact and provide the URLs to this data.","{'yes': 20, 'no': 0, ""i don't know"": 0}",yes,20.0,"Yes, Belgium has documented evidence of the economic impact of open data reuse. Sector federation Agoria estimated in 2013 that the potential net economic benefit from opening up public sector data could reach 900 million euros annually, indicating significant economic value in terms of innovation and market opportunities. Additionally, the European Commission estimates the total economic benefits across public sector data reuse could be as high as 40 billion euros per year, supporting the broader context. These figures highlight both direct economic benefits and efficiency gains for public administration stemming from open data. The Belgian federal government openly promotes open data as a driver for innovation, entrepreneurship, and economic growth, as referenced in official coalitions and open data strategies. Relevant details can be found on the official data portal data.gov.be and related government publications, which document these impact assessments and expected economic benefits.

## Sources
(1): Concertation Portails de données ouvertes
https://data.gov.be/sites/default/files/content/opendataportals_201904_fr.pdf
(2): ACCORD DE COALITION FÉDÉRALE 2025-2029
https://www.belgium.be/sites/default/files/resources/publication/files/Accord_gouvernemental-Bart_De_Wever_fr.pdf
(3): Open Data
https://data.gov.be/sites/default/files/content/ea_opendata_202503_nl.pdf
(4): Frequently Asked Questions | Data.gov.be
https://data.gov.be/en/documentation/frequently-asked-questions
(5): Kamer stemt morgen ambitieuze open data-wet | Data.gov.be
https://data.gov.be/nl/news/kamer-stemt-morgen-ambitieuze-open-data-wet
(6): Questions fréquentes | Data.gov.be
https://data.gov.be/fr/documentation/questions-frequentes
(7): Open Data Best Practices
https://data.gov.be/sites/default/files/content/opendatabestpractices_202304_nl.pdf
(8): Veelgestelde vragen
https://data.gov.be/nl/documentatie/veelgestelde-vragen",0.9,sufficient,chroma_retrieval_experiment
Belgium,I9,Impact,"Have any public bodies in your country launched or performed any activities in the past year to better understand reusers' needs in order to further stimulate the reuse of open data?

For Explanation:
* If yes, which of the following activities have been performed? Please describe how the activity has helped you better stimulate reuse.
* Multiple answers are possible.","{'yes': 40, 'no': 0, ""i don't know"": 0}",yes,40.0,"Yes, public bodies in Belgium have engaged in measures to better understand reusers' needs to promote open data reuse. The federal government's open data strategy explicitly adopts a demand-driven approach, prioritizing the release of data where there is significant user demand, which reflects efforts to identify and respond to reusers' needs. Furthermore, the establishment of a single federal open data portal consolidates datasets to facilitate easier access and reuse, implying active engagement with user requirements for more efficient and transparent data access. The strategy emphasizes continuous availability of data and the appointment of Open Data champions within government services to embed openness systematically, likely involving consultations or user engagement to optimize reuse potential. Although direct references to surveys or workshops are absent, the emphasis on demand-driven data publication and infrastructure improvements demonstrates concrete activities aimed at better understanding and stimulating reuse.

## Sources
(1): Inleiding | Data.gov.be
https://data.gov.be/nl/documentatie/inleiding
(2): Open Data
https://data.gov.be/sites/default/files/content/fedax-opendata_20230417_fr.pdf
(3): Concertation Portails de données ouvertes
https://data.gov.be/sites/default/files/content/opendataportals_201904_fr.pdf
(4): Open Data Best Practices
https://data.gov.be/sites/default/files/content/opendatabestpractices_202304_nl.pdf
(5): Veelgestelde vragen
https://data.gov.be/nl/documentatie/veelgestelde-vragen
(6): Veelgestelde vragen | Data.gov.be
https://data.gov.be/nl/documentatie/veelgestelde-vragen
(7): Questions fréquentes | Data.gov.be
https://data.gov.be/fr/documentation/questions-frequentes
(8): Kamer stemt morgen ambitieuze open data-wet | Data.gov.be
https://data.gov.be/nl/news/kamer-stemt-morgen-ambitieuze-open-data-wet",90.0,sufficient,chroma_retrieval_experiment
Belgium,P1,Policy,"Is there a national open data policy in your country and, if your country is an EU Member State, does this include a national legislation for the transposition of the Open Data Directive?

For Explanation:
* If yes, please provide (1) the URL and (2) title of the policy document and (3) briefly describe.
* If ‘other’, please provide (1) a brief explanation to support your answer choice and (2) provide the URL and indicate the policy section which explicitly references open data.","{'yes': 40, 'no': 0, 'other': 40}",yes,40.0,"Yes, Belgium has a national open data policy that includes legislation for the transposition of the EU Open Data Directive. The legal framework encompasses multiple regional and federal laws and ordinances implementing the directive. For example, the Brussels-Capital Region's ordinance of 27 October 2016 establishes an open data policy and transposes Directive 2013/37/EU. Similarly, the Walloon Region formalized its open data framework through a decree dated 24 November 2022 regarding the dissemination and reuse of public sector information. At the federal level, there is a law from 4 May 2016, recently amended in December 2023, along with royal decrees, that regulate open data and the reuse of government information. These legal instruments demonstrate Belgium's commitment to fulfilling the EU Open Data Directive requirements. Further details and the legal texts are accessible via the Belgian official open data portal, data.gov.be.

## Sources
(1): Legal framework | Data.gov.be
https://data.gov.be/en/documentation/legal-framework
(2): Concertation Portails de données ouvertes
https://data.gov.be/sites/default/files/content/opendataportals_201904_fr.pdf
(3): Aspects légaux | Data.gov.be
https://data.gov.be/fr/documentation/aspects-legaux
(4): Rechtlicher Rahmen | Data.gov.be
https://data.gov.be/de/dokumentation/rechtlicher-rahmen
(5): Open en DGA Data
https://data.gov.be/sites/default/files/content/gcloud_opendata_dga_202511_nl.pdf
(6): Wettelijk kader
https://data.gov.be/nl/documentatie/wettelijk-kader
(7): Wettelijk kader | Data.gov.be
https://data.gov.be/nl/documentatie/wettelijk-kader
(8): Open Data
https://data.gov.be/sites/default/files/content/ea_opendata_202503_nl.pdf",95.0,sufficient,chroma_retrieval_experiment
Belgium,P13,Policy,"Is there a governance structure in place that enables the participation and/or inclusion of various open data stakeholders? 

For Explanation:
*  If yes, please briefly describe the governance structure and its operating model","{'yes': 40, 'no': 0}",yes,40.0,"Yes, Belgium has a governance structure enabling participation and inclusion of various open data stakeholders. The establishment of a functional committee, the ""open data-comit,"" is explicitly detailed in the Royal Decree of 2019. This committee's role includes stimulating open data publication, encouraging reuse of administrative documents, and organizing consultation among public authorities, reflecting a multi-stakeholder governance model. The committee operates under the Federal Public Service Policy and Support Directorate-General for Simplification and Digitalization, which also manages its secretariat and chairmanship, indicating a centralized coordination mechanism. Additionally, Belgium’s open data policies are aligned with the European Directive on open data and reuse of public sector information, integrating legal and institutional frameworks that support stakeholder involvement at federal and subnational levels.

## Sources
(1): Justel databank
https://www.ejustice.just.fgov.be/eli/besluit/2025/11/06/2025008782/justel
(2): plan coordonne dans le domaine de l'intelligence artificielle
https://bosa.belgium.be/sites/default/files/content/documents/DTdocs/AI/PlanCoordonn%C3%A9EUonAI.pdf
(3): ACCORD DE COALITION FÉDÉRALE 2025-2029
https://www.belgium.be/sites/default/files/resources/publication/files/Accord_gouvernemental-Bart_De_Wever_fr.pdf
(4): Overzicht van subsidies
https://bosa.belgium.be/sites/default/files/content/documents/2024%2007%2005%20-%20SR%20Subsidies%20-%20Rapport%20(finaal).pdf
(5): Questions fréquentes | Data.gov.be
https://data.gov.be/fr/documentation/questions-frequentes
(6): Centraal Informatiepunt Data Governance Act - BOSA
http://bosa.belgium.be/nl/services/centraal-informatiepunt-data-governance-act
(7): Open Data Best Practices
https://data.gov.be/sites/default/files/content/opendatabestpractices_202304_nl.pdf
(8): Concertation Portails de données ouvertes
https://data.gov.be/sites/default/files/content/opendataportals_201904_fr.pdf",90.0,sufficient,chroma_retrieval_experiment
Belgium,P16,Policy,"To what degree do local/regional public bodies conduct open data initiatives? 

For Explanation:
* If not applicable, please explain why.","{'all public bodies': 20, 'the majority of public bodies': 15, 'approximately half of the public bodies': 10, 'few public bodies': 5, 'none of the public bodies': 0, 'not applicable': 20}",the majority of public bodies,15.0,"Yes, the majority of local and regional public bodies in Belgium conduct open data initiatives. The legal framework for open data is well established across different levels of government, including federal, regional (Flanders, Wallonia, Brussels-Capital), and local authorities, through various decrees and ordinances enacted between 2016 and 2022. Belgium’s open data portals aggregate over 15,000 datasets from federal, regional, and local public bodies, demonstrating broad participation. The federal open data strategy is actively pursued and reinforced, including collaboration agreements with regional authorities to tailor open data policies to each federated entity’s needs. Furthermore, there are specific governance structures and legal mandates obliging public bodies to publish data ""open by default,"" unless there are justified exceptions. These elements jointly support the conclusion that most public bodies, including at local and regional levels, engage in open data publishing and initiatives.

## Sources
(1): Open Data Best Practices
https://data.gov.be/sites/default/files/content/opendatabestpractices_202304_nl.pdf
(2): Concertation Portails de données ouvertes
https://data.gov.be/sites/default/files/content/opendataportals_201904_fr.pdf
(3): Legal framework | Data.gov.be
https://data.gov.be/en/documentation/legal-framework
(4): Aspects légaux | Data.gov.be
https://data.gov.be/fr/documentation/aspects-legaux
(5): Centraal Informatiepunt Data Governance Act - BOSA
http://bosa.belgium.be/nl/services/centraal-informatiepunt-data-governance-act
(6): Questions fréquentes | Data.gov.be
https://data.gov.be/fr/documentation/questions-frequentes
(7): Open data: juridisch advies - BOSA - Belgium.be
http://bosa.belgium.be/nl/services/open-data-juridisch-advies
(8): ACCORD DE COALITION FÉDÉRALE 2025-2029
https://www.belgium.be/sites/default/files/resources/publication/files/Accord_gouvernemental-Bart_De_Wever_fr.pdf",85.0,sufficient,chroma_retrieval_experiment
Belgium,P2,Policy,"Is there a national open data strategy in your country?

For Explanation:
* If yes, please provide (1) the URL to the strategy and (2) describe the main highlights.  
* If 'not applicable', please provide (1) a brief explanation to support your answer choice and provide (2) the URL and indicate the policy section which explicitly references objectives, actions/measures, delivery timelines etc.","{'yes': 40, 'no': 0, 'not applicable': 40}",yes,40.0,"Belgium has a national open data strategy as evidenced by the federal open data strategy approved by the Ministerraad on 24 July 2015, which outlines a vision and concrete actions through 2020. The strategy emphasizes proactive data publication, free reuse without source attribution, prioritization of high-demand datasets, and technical standards to facilitate reuse. The strategy is further reinforced in the federal coalition agreement 2025-2029, committing to maximizing open, linked data availability compliant with GDPR. The strategy URL is https://data.gov.be/nl/news/federale-open-data-strategie.

## Sources
(1): Concertation Portails de données ouvertes
https://data.gov.be/sites/default/files/content/opendataportals_201904_fr.pdf
(2): Legal framework | Data.gov.be
https://data.gov.be/en/documentation/legal-framework
(3): Kamer stemt morgen ambitieuze open data-wet | Data.gov.be
https://data.gov.be/nl/news/kamer-stemt-morgen-ambitieuze-open-data-wet
(4): ACCORD DE COALITION FÉDÉRALE 2025-2029
https://www.belgium.be/sites/default/files/resources/publication/files/Accord_gouvernemental-Bart_De_Wever_fr.pdf
(5): Open Data Best Practices
https://data.gov.be/sites/default/files/content/opendatabestpractices_202304_nl.pdf
(6): Open data: juridisch advies - BOSA - Belgium.be
http://bosa.belgium.be/nl/services/open-data-juridisch-advies
(7): Federale open data-strategie | Data.gov.be
https://data.gov.be/nl/news/federale-open-data-strategie
(8): FEDERAAL REGEERAKKOORD 2025-2029
https://www.belgium.be/sites/default/files/resources/publication/files/Regeerakkoord-Bart_De_Wever_nl.pdf",0.95,sufficient,chroma_retrieval_experiment
Belgium,P22,Policy,"Do data publication plans exist at public body level?

For Explanation:
* If yes, please provide the URL and briefly highlight the key aspects covered.","{'yes': 20, 'no': 0}",yes,20.0,"Yes, Belgium has established data publication plans at the public body level, rooted in comprehensive legal and policy frameworks. The federal Law of 4 May 2016 on the reuse of public information, amended on 25 December 2023, alongside regional decrees such as the Flemish Bestuursdecreet (7 December 2018) and the Brussels ordinance (27 October 2016), provide a structured basis for open data publication obligations for public bodies. Implementation is supported by the federal open data portal data.gov.be, which consolidates metadata and links to datasets maintained by various government entities, ensuring coordinated and standardized publication practices. These frameworks emphasize open, machine-readable, and legally compliant data releases, aligned with the EU Directive 2019/1024 on open data and public sector information reuse. The detailed guidance promotes automatic metadata harvesting and minimal additional workload for public services, reinforcing a planned and consistent approach to data publication across public bodies. URL: https://data.gov.be/nl/documentatie/wettelijk-kader

## Sources
(1): plan coordonne dans le domaine de l'intelligence artificielle
https://bosa.belgium.be/sites/default/files/content/documents/DTdocs/AI/PlanCoordonn%C3%A9EUonAI.pdf
(2): Open Data
https://data.gov.be/sites/default/files/content/opendata_20201103_fr.pdf
(3): Concertation Portails de données ouvertes
https://data.gov.be/sites/default/files/content/opendataportals_201904_fr.pdf
(4): Overzicht van subsidies
https://bosa.belgium.be/sites/default/files/content/documents/2024%2007%2005%20-%20SR%20Subsidies%20-%20Rapport%20(finaal).pdf
(5): Open Data Best Practices
https://data.gov.be/sites/default/files/content/opendatabestpractices_202304_nl.pdf
(6): Justel databank
https://www.ejustice.just.fgov.be/eli/besluit/2025/11/06/2025008782/justel
(7): Wettelijk kader
https://data.gov.be/nl/documentatie/wettelijk-kader
(8): Wettelijk kader | Data.gov.be
https://data.gov.be/nl/documentatie/wettelijk-kader",90.0,sufficient,chroma_retrieval_experiment
Belgium,P24,Policy,"Are there processes to ensure that the open data policies/strategy previously mentioned are updated and revised as needed?

For explanation:
* If yes, please describe the process and any recent updates made to strategy/policy","{'yes': 20, 'no': 0}",yes,20.0,"Belgium has formal legal frameworks that have been updated recently to ensure the open data policy remains current and compliant. The federal Law of 4 May 2016 on open data was modified on 25 December 2023 to transpose the 2019 EU Open Data Directive. Also, several decrees and ordinances at regional levels have been enacted or amended (e.g., Brussels Ordinance of 2016, Flemish decrees of 2018 and 2021) to maintain alignment with evolving EU standards. These reflect established revision and update processes embedded in the legislation governing open data.

## Sources
(1): Overzicht van subsidies
https://bosa.belgium.be/sites/default/files/content/documents/2024%2007%2005%20-%20SR%20Subsidies%20-%20Rapport%20(finaal).pdf
(2): Les réutilisateurs peuvent-ils vous contacter par e-mail ?
https://data.gov.be/sites/default/files/content/opendata-checklist-202304-fr.pdf
(3): ACCORD DE COALITION FÉDÉRALE 2025-2029
https://www.belgium.be/sites/default/files/resources/publication/files/Accord_gouvernemental-Bart_De_Wever_fr.pdf
(4): Legal framework | Data.gov.be
https://data.gov.be/en/documentation/legal-framework
(5): Justel databank
https://www.ejustice.just.fgov.be/eli/besluit/2025/11/06/2025008782/justel
(6): Wettelijk kader
https://data.gov.be/nl/documentatie/wettelijk-kader
(7): Wettelijk kader | Data.gov.be
https://data.gov.be/nl/documentatie/wettelijk-kader
(8): Centraal Informatiepunt Data Governance Act - BOSA
http://bosa.belgium.be/nl/services/centraal-informatiepunt-data-governance-act",90.0,sufficient,chroma_retrieval_experiment
Belgium,P3,Policy,"Is there an open data policy/strategy at regional or local level?

For Explanation:
* If yes, please (1) provide the URL and (2) title of the document(s) and (3) briefly describe.","{'yes': 20, 'no': 0, 'not applicable': 20}",yes,20.0,"Yes, there are open data policies and strategies at the regional level in Belgium. Evidence indicates that the Brussels-Capital Region has issued an implementing decree dated 1 February 2018 related to the establishment and execution of an open data policy, as part of transposing EU directives on the reuse of public sector information. Additionally, Wallonia has enacted a decree on 24 November 2022 concerning the dissemination of open data, which shows regional-level legal frameworks beyond the federal policy. These regional documents complement the national laws and demonstrate active governance tailored to specific regions. This regional-level policy approach aligns with Belgium's federal structure, where open data initiatives are legally established and promoted at regional governance levels.

## Sources
(1): Centraal Informatiepunt Data Governance Act - BOSA
http://bosa.belgium.be/nl/services/centraal-informatiepunt-data-governance-act
(2): Legal framework | Data.gov.be
https://data.gov.be/en/documentation/legal-framework
(3): Concertation Portails de données ouvertes
https://data.gov.be/sites/default/files/content/opendataportals_201904_fr.pdf
(4): Overzicht van subsidies
https://bosa.belgium.be/sites/default/files/content/documents/2024%2007%2005%20-%20SR%20Subsidies%20-%20Rapport%20(finaal).pdf
(5): Justel databank
https://www.ejustice.just.fgov.be/eli/besluit/2025/11/06/2025008782/justel
(6): Open Data Best Practices
https://data.gov.be/sites/default/files/content/opendatabestpractices_202304_nl.pdf
(7): Questions fréquentes | Data.gov.be
https://data.gov.be/fr/documentation/questions-frequentes
(8): ACCORD DE COALITION FÉDÉRALE 2025-2029
https://www.belgium.be/sites/default/files/resources/publication/files/Accord_gouvernemental-Bart_De_Wever_fr.pdf",90.0,sufficient,chroma_retrieval_experiment
Belgium,P4,Policy,"Does the national strategy/policy include an action plan with measures to be implemented in the open data field?

For Explanation:
If yes, please briefly describe the main measures described by the action plan.","{'yes': 20, 'no': 0}",no,0.0,"No evidence was found indicating that Belgium's national open data strategy or policy includes a dedicated action plan with specific implementation measures. The reviewed documents reference strategic and legal frameworks related to data policies and other policy domains such as AI and finance, but none explicitly present an operational delivery plan, roadmap, or concrete milestones focused on open data. While regional legal instruments and general strategies supporting open data exist, no comprehensive coordinated national action plan or implementation roadmap with detailed measures for the open data field was identified. Thus, the policy lacks an articulated action plan specifying concrete steps to be implemented nationally in the open data area.

## Sources
(1): plan coordonne dans le domaine de l'intelligence artificielle
https://bosa.belgium.be/sites/default/files/content/documents/DTdocs/AI/PlanCoordonn%C3%A9EUonAI.pdf
(2): CONTRAT D'ADMINISTRATION PLAN STRATÉGIQUE ...
https://finance.belgium.be/sites/default/files/Strategie/Plan_BO2022-24_FR_vFinaal%20%281%29.pdf
(3): FEDERAAL REGEERAKKOORD 2025-2029
https://www.belgium.be/sites/default/files/resources/publication/files/Regeerakkoord-Bart_De_Wever_nl.pdf
(4): Assessment report Spending reviews. - BOSA
https://bosa.belgium.be/sites/default/files/publications/documents/Assessment%20report%20spending%20reviews%20v2024-12-20.pdf
(5): PLAN STRATÉGIQUE 2025-2029
https://fin.belgium.be/sites/default/files/media/documents/Plan%20strat%C3%A9gique%202025-2029.pdf
(6): EXPOSÉ D'ORIENTATION POLITIQUE (*) ...
https://diplomatie.belgium.be/sites/default/files/2022-10/EOP-Beleidsverklaring-Hadja-Lahbib-oktober-2022.pdf
(7): Concertation Portails de données ouvertes
https://data.gov.be/sites/default/files/content/opendataportals_201904_fr.pdf
(8): Legal framework | Data.gov.be
https://data.gov.be/en/documentation/legal-framework",90.0,sufficient,chroma_retrieval_experiment
Bulgaria,I1,Impact,"Do you have a definition of open data reuse in your country?
 
For Explanation:
* If yes, please specify it.","{'yes': 20, 'no': 0}",no,0.0,"No, there is no explicit or near-explicit formal definition of open data reuse found within the reviewed Bulgarian official documents. The available evidence emphasizes the importance and benefits of open data reuse, such as supporting economic and social development, improving public services, and fostering innovation, as seen in the Digital Transformation Strategy and open data initiatives documentation. However, these references primarily describe goals, potential impacts, and uses of open data rather than providing a precise or formal definition of the concept of open data reuse. Benchmarking, monitoring, and impact measurement approaches mention reuse in general terms without defining it explicitly. Thus, while open data reuse is clearly recognized as valuable, a formal or official definition specific to Bulgaria has not been articulated in the cited policy or methodological sources.

## Sources
(1): Отворени данни и прозрачно управление - ИПА
https://www.ipa.government.bg/sites/default/files/open_data_and_open_government.pdf
(2): Untitled source
https://www.ipa.government.bg/sites/default/files/open_data_and_open_government.pdf
(3): ЦИФРОВА ТРАНСФОРМАЦИЯ НА БЪЛГАРИЯ ЗА ...
https://www.mtc.government.bg/sites/default/files/cifrova_transformaciya_na_bulgariya_za_perioda_2020-2030.pdf",90.0,sufficient,chroma_retrieval_experiment
Bulgaria,I10,Impact,"Have any public bodies in your country developed any systematic way of gathering reuse cases?

For Explanation:
* If yes, please provide a brief explanation of the process: How does the gathering happen?","{'yes': 20, 'no': 0, ""i don't know"": 0}",yes,20.0,"Yes, public bodies in Bulgaria have established systematic processes for gathering reuse cases of public sector information. According to the annual report from the Ministry of the Council of Ministers' administration, a significant number of administrations have defined internal rules concerning the reuse of public sector information and have appointed responsible data officers as mandated by the regulation. These bodies submit regular reports about reuse activities, which are compiled by the State Agency for Electronic Governance into triannual consolidated reports. These reports are publicly released and also sent to the European Commission, reflecting an organized and recurring approach to monitoring reuse cases. This systematic collection and reporting mechanism go beyond isolated examples, indicating a structured process for gathering and showcasing reuse instances within public administrations.

## Sources
(1): от 30 април 2026 година
https://iisda.government.bg/annual_report_file/703_4605
(2): ЗАКОН за достъп до обществена информация
https://www.me.government.bg/bg/files/download?hash=f71cda973a7d9c99817eda1132617ac40c9bc63f
(3): ЗАКОН за достъп до обществена информация
https://www.me.government.bg/files/download?hash=f71cda973a7d9c99817eda1132617ac40c9bc63f
(4): РЕГЛАМЕНТИ
https://www.mtc.government.bg/sites/default/files/regulation_2022_868_data_governance_act-bg.pdf
(5): Untitled source
https://www.ipa.government.bg/sites/default/files/metodika_korektura_all.pdf
(6): КАТАЛОГ 2023
https://www.ipa.government.bg/sites/default/files/katalog_ipa_2023.pdf
(7): ЗАКОН ЗА ДОСТЪП ДО ОБЩЕСТВЕНА ИНФОРМАЦИЯ
https://www.navet.government.bg/bg/media/zdoi-2022-g.pdf
(8): Izsledvane_EP-001.p65
https://www.ipa.government.bg/sites/default/files/european_good_practices.pdf",0.95,sufficient,chroma_retrieval_experiment
Bulgaria,I12,Impact,"Is any data on the impact created by open data on governmental challenges (e.g. efficiency, effectiveness, transparency, decision-making capacity) available in your country such as from research studies, impact assessments, or other systematic investigations that quantify the results or broader effects of open data being reused?

For Explanation:
* If yes, please (1) specify what kind of data source proves this impact and (2) provide the URLs to this data.","{'yes': 20, 'no': 0, ""i don't know"": 0}",yes,20.0,"Yes, there is data on the impact of open data on governmental challenges in Bulgaria derived from systematic investigations and research studies. The 2011 European Commission study on Pricing of Public Sector Information and the 2012 Open Data Research Network report offer frameworks and indicators to measure direct and indirect economic effects as well as other impacts such as social and organizational benefits from open data reuse. Additionally, Bulgaria’s National Association of Municipalities provides portfolios of good governance measures including transparency and efficiency, indicating government-level interest in monitoring open data outcomes. These sources confirm the existence of systematic approaches and indicators to assess how open data contributes to improved transparency, effectiveness, and decision-making capacity in Bulgaria. The concrete URLs for these sources include the IPA government PDF document consolidating these references: https://www.ipa.government.bg/sites/default/files/open_data_and_open_government.pdf

## Sources
(1): Untitled source
https://www.ipa.government.bg/sites/default/files/open_data_and_open_government.pdf
(2): Отворени данни и прозрачно управление - ИПА
https://www.ipa.government.bg/sites/default/files/open_data_and_open_government.pdf",0.9,sufficient,chroma_retrieval_experiment
Bulgaria,I17,Impact,"Is any data on the impact created by open data on social challenges (e.g. inequality, healthcare, education) available in your country such as from research studies, impact assessments, or other systematic investigations that quantify the results or broader effects of open data being reused?

For Explanation:
* If yes, please (1) specify what kind of data source proves this impact and (2) provide the URLs to this data.","{'yes': 20, 'no': 0, ""i don't know"": 0}",no,0.0,"No, there is no specific data or documented evidence available from Bulgaria that quantifies the social impacts of open data reuse on challenges such as inequality, healthcare, or education. While there are references to general frameworks and indicators for assessing economic, cultural, social, and political effects of open data based on European Commission studies and global open data research networks, these do not constitute country-specific impact assessments or systematic investigations demonstrating measurable social outcomes in Bulgaria. The available documentation mainly discusses potential indicator frameworks and general monitoring approaches without concrete evidence or case studies showing actual reuse effects on social challenges.

## Sources
(1): Untitled source
https://www.ipa.government.bg/sites/default/files/open_data_and_open_government.pdf
(2): Отворени данни и прозрачно управление - ИПА
https://www.ipa.government.bg/sites/default/files/open_data_and_open_government.pdf",90.0,partial,chroma_retrieval_experiment
Bulgaria,I2,Impact,"Are there any processes in place to monitor the level of reuse of your country's open data?
 
For Explanation:
* If yes, please (1) briefly describe these processes and (2) provide the URLs to support the answer.","{'yes': 20, 'no': 0, ""i don't know"": 0}",yes,20.0,"Yes, Bulgaria has processes in place to monitor the reuse of its open data. The country employs indicators to assess the economic, cultural, social, political, and organizational effects of open data initiatives, as described in the document on open data and transparent governance. This includes referencing frameworks such as the Open Data Research Network's 2012 report, which proposes key indicators for evaluating open data reuse and its impact. Furthermore, Bulgaria has committed to establishing sustainable monitoring mechanisms to track open data provision and reuse, as reflected in the policy discussions and conference outcomes on open data and transparent governance. These processes aim not only at measuring reuse but also at supporting administrative transparency and engagement with civil society. Relevant official resources include the IPA publication on open data and transparent governance (https://www.ipa.government.bg/sites/default/files/open_data_and_open_government.pdf) and the Bulgarian Institute of Public Administration's conference summary (https://www.ipa.government.bg/bg/novini/konferenciya-otvoreni-danni-i-prozrachno-upravlenie).

## Sources
(1): Отворени данни и прозрачно управление - ИПА
https://www.ipa.government.bg/sites/default/files/open_data_and_open_government.pdf
(2): Untitled source
https://www.ipa.government.bg/sites/default/files/open_data_and_open_government.pdf
(3): Конференция „Отворени данни и прозрачно управление“ | ИНСТИТУТ ПО ПУБЛИЧНА АДМИНИСТРАЦИЯ
https://www.ipa.government.bg/bg/novini/konferenciya-otvoreni-danni-i-prozrachno-upravlenie",90.0,sufficient,chroma_retrieval_experiment
Bulgaria,I27,Impact,"Is any data on the economic impact (e.g. GDP, employment, productivity, innovation,  new businesses created etc.) of open data available in your country such as from research studies, impact assessments, or other systematic investigations that quantify the results or broader effects of open data being reused?

For Explanation:
* If yes, please specify what kind of data source proves this impact and provide the URLs to this data.","{'yes': 20, 'no': 0, ""i don't know"": 0}",no,0.0,"No, there is no direct evidence from Bulgaria specifically quantifying the economic impact of open data reuse, such as on GDP, employment, innovation, or new business creation. The available sources reference European Commission studies and general international frameworks that outline approaches to measuring economic effects of public data opening, including indicator suggestions from the Open Data Research Network and others. However, these references serve more as methodological guidance rather than reporting concrete impact data or systematic investigations conducted within Bulgaria itself. Bulgarian reports mention potential frameworks and the value of indicators for assessing economic and other effects, but lack presentation of actual quantified economic results or systematic impact assessments specific to the country’s open data initiatives.

## Sources
(1): Untitled source
https://www.ipa.government.bg/sites/default/files/open_data_and_open_government.pdf
(2): Отворени данни и прозрачно управление - ИПА
https://www.ipa.government.bg/sites/default/files/open_data_and_open_government.pdf",90.0,partial,chroma_retrieval_experiment
Bulgaria,I9,Impact,"Have any public bodies in your country launched or performed any activities in the past year to better understand reusers' needs in order to further stimulate the reuse of open data?

For Explanation:
* If yes, which of the following activities have been performed? Please describe how the activity has helped you better stimulate reuse.
* Multiple answers are possible.","{'yes': 40, 'no': 0, ""i don't know"": 0}",yes,40.0,"Yes, public bodies in Bulgaria have undertaken activities in the past year to better understand reusers' needs for stimulating the reuse of open data. The documents reveal efforts related to assessing user needs and improving the capacity of public institutions to create and publish open data in machine-readable formats as part of Bulgaria's digital transformation strategy. There are references to engagement through consultations, user needs assessments, and analysis aiming to identify barriers to reuse, demonstrating an active approach to enhancing data accessibility and usability. These activities contribute to stimulating reuse by informing improvements in data quality and dissemination, thereby supporting the development of innovative services and increasing the impact of open data on the economy and society.

## Sources
(1): ЦИФРОВА ТРАНСФОРМАЦИЯ НА БЪЛГАРИЯ ЗА ...
https://www.mtc.government.bg/sites/default/files/cifrova_transformaciya_na_bulgariya_za_perioda_2020-2030.pdf
(2): Untitled source
https://www.ipa.government.bg/sites/default/files/open_data_and_open_government.pdf
(3): Отворени данни и прозрачно управление - ИПА
https://www.ipa.government.bg/sites/default/files/open_data_and_open_government.pdf
(4): Untitled source
https://www.ipa.government.bg/sites/default/files/final_data_report_ipa2024.pdf
(5): КАТАЛОГ 2023
https://www.ipa.government.bg/sites/default/files/katalog_ipa_2023.pdf",90.0,sufficient,chroma_retrieval_experiment
Bulgaria,P1,Policy,"Is there a national open data policy in your country and, if your country is an EU Member State, does this include a national legislation for the transposition of the Open Data Directive?

For Explanation:
* If yes, please provide (1) the URL and (2) title of the policy document and (3) briefly describe.
* If ‘other’, please provide (1) a brief explanation to support your answer choice and (2) provide the URL and indicate the policy section which explicitly references open data.","{'yes': 40, 'no': 0, 'other': 40}",yes,40.0,"Yes, Bulgaria has a national open data policy implemented through a legal framework that supports the transposition of the EU Open Data Directive. The Ministry of Transport and Communications hosts information specifying Bulgaria's commitment to EU Directive 2019/1024 on open data, including provisions on real-time access and high-value datasets, indicating formal transposition efforts. Bulgaria is also acknowledged by the European Commission as a leading country in the EU for open data development, with legislation regulating open data and reuse of information in machine-readable formats. The national open data portal and associated public consultations further demonstrate active governance and implementation aligned with EU policies. While the exact title of the policy document is not named in the evidence, official government websites and the open data portal (http://opendata.government.bg) provide authoritative support for the presence of a national open data policy conforming to EU directives.

## Sources
(1): Untitled source
https://www.ipa.government.bg/sites/default/files/open_data_and_open_government.pdf
(2): Отворени данни и прозрачно управление - ИПА
https://www.ipa.government.bg/sites/default/files/open_data_and_open_government.pdf
(3): Open Data Portal
https://testdata.egov.bg/news/view/52
(4): Политика на ЕС по отворени данни | Министерство на транспорта и съобщенията
https://www.mtc.government.bg/bg/category/214
(5): Общоевропейски портал за отворени данни
https://www.mtc.government.bg/bg/category/214/obschoevropeyski-portal-za-otvoreni-danni
(6): Европейската комисия, Генерална дирекция „Съобщителни мрежи, съдържание и технологии“, дирекция „Данни“ , сектор „Политика за данните и иновации“представя на европейския портал за данни зрелостта на отворените данни в Европа след 2015 година | Министерство на транспорта и съобщенията
https://www.mtc.government.bg/bg/category/214/evropeyskata-komisiya-generalna-direkciya-sobschitelni-mrezhi-sdrzhanie-i-tekhnologii-direkciya-danni-sektor-politika-za-dannite-i-inovaciipredstavya-na-evropeyskiya-portal-za-danni-zrelostta-na-otvorenite-danni-v-evropa-sled-2015-godina",90.0,sufficient,chroma_retrieval_experiment
Bulgaria,P13,Policy,"Is there a governance structure in place that enables the participation and/or inclusion of various open data stakeholders? 

For Explanation:
*  If yes, please briefly describe the governance structure and its operating model","{'yes': 40, 'no': 0}",yes,40.0,"Yes, Bulgaria has established governance structures that enable the participation and inclusion of various open data stakeholders. The governance framework is rooted in legal and strategic commitments including amendments to the Law on Access to Public Information, aiming to enhance openness and streamline access to public sector information. These amendments expand and detail publication obligations and reinforce coordination and control mechanisms. Implementation is supported by technical guidelines for information provision and by initiatives in open data incorporation within administration practices. Moreover, Bulgaria's policy approach involves ongoing dialogue with non-governmental organizations, business sectors, and civil society, as reflected in the commitments under the Open Government Partnership and related national strategies. This multi-stakeholder engagement is supported by ministries and government bodies responsible for open data governance, ensuring coordination and stakeholder involvement in policy execution and monitoring. Thus, the governance model combines legislative measures with operational coordination and inclusive stakeholder consultation, demonstrating a structured approach to open data governance.

## Sources
(1): Izsledvane_EP-001.p65
https://www.ipa.government.bg/sites/default/files/european_good_practices.pdf
(2): Untitled source
https://www.ipa.government.bg/sites/default/files/open_data_and_open_government.pdf
(3): Отворени данни и прозрачно управление - ИПА
https://www.ipa.government.bg/sites/default/files/open_data_and_open_government.pdf
(4): КАТАЛОГ 2023
https://www.ipa.government.bg/sites/default/files/katalog_ipa_2023.pdf
(5): Национално законодателство - Министерство на електронното управление
https://egov.government.bg/wps/portal/ministry-meu/home/data/open-data/legislation/opendata-legal-national/",85.0,sufficient,chroma_retrieval_experiment
Bulgaria,P16,Policy,"To what degree do local/regional public bodies conduct open data initiatives? 

For Explanation:
* If not applicable, please explain why.","{'all public bodies': 20, 'the majority of public bodies': 15, 'approximately half of the public bodies': 10, 'few public bodies': 5, 'none of the public bodies': 0, 'not applicable': 20}",few public bodies,5.0,"Few local or regional public bodies in Bulgaria conduct open data initiatives, based on available evidence. While Bulgaria has committed to open government principles and adopted legislative changes such as amendments to the Law on Access to Public Information aiming to improve openness, these measures primarily emphasize central administration's transparency. There is a lack of clear documented evidence indicating a broad or majority-level implementation of open data practices specifically by local or regional public bodies. Technical guidelines and capacity-building efforts exist but their reach and effectiveness at the local/regional level remain limited. Consequently, the evidence best supports that only a few local or regional bodies have embarked on open data initiatives rather than the majority or half.

## Sources
(1): Untitled source
https://www.ipa.government.bg/sites/default/files/open_data_and_open_government.pdf
(2): Отворени данни и прозрачно управление - ИПА
https://www.ipa.government.bg/sites/default/files/open_data_and_open_government.pdf
(3): КАТАЛОГ 2023
https://www.ipa.government.bg/sites/default/files/katalog_ipa_2023.pdf",80.0,partial,chroma_retrieval_experiment
Bulgaria,P2,Policy,"Is there a national open data strategy in your country?

For Explanation:
* If yes, please provide (1) the URL to the strategy and (2) describe the main highlights.  
* If 'not applicable', please provide (1) a brief explanation to support your answer choice and provide (2) the URL and indicate the policy section which explicitly references objectives, actions/measures, delivery timelines etc.","{'yes': 40, 'no': 0, 'not applicable': 40}",yes,40.0,"Yes, Bulgaria has a national open data strategy embedded within its broader policy framework on open government and data transparency. The strategy is grounded in legal instruments such as the amendments to the Access to Public Information Act and the transposition of EU Directive 2013/37/EU for the reuse of public sector information. This framework commits to enhancing openness of administration, prioritizing data release, and establishing technical guidelines for public data provision. The strategy also emphasizes coordination, control, and active promotion of open data initiatives in cooperation with civil society and business sectors. The policy is supported by structured objectives and measurable targets focused on improving data availability and reuse across public administration. These highlights are documented in the official open data and open government plan available at the IPA website: https://www.ipa.government.bg/sites/default/files/open_data_and_open_government.pdf.

## Sources
(1): Diapositiva 1
https://www.ipa.government.bg/sites/default/files/open-data-boyana-final_2.pdf
(2): Общоевропейски портал за отворени данни
https://www.mtc.government.bg/bg/category/214/obschoevropeyski-portal-za-otvoreni-danni
(3): Untitled source
https://www.ipa.government.bg/sites/default/files/open_data_and_open_government.pdf
(4): Отворени данни и прозрачно управление - ИПА
https://www.ipa.government.bg/sites/default/files/open_data_and_open_government.pdf
(5): КАТАЛОГ 2023
https://www.ipa.government.bg/sites/default/files/katalog_ipa_2023.pdf",90.0,sufficient,chroma_retrieval_experiment
Bulgaria,P22,Policy,"Do data publication plans exist at public body level?

For Explanation:
* If yes, please provide the URL and briefly highlight the key aspects covered.","{'yes': 20, 'no': 0}",yes,20.0,"Yes, data publication plans exist at the public body level in Bulgaria as mandated by law. According to the Law on Access to Public Information (Закон за достъп до обществена информация), each public sector organization is required to annually plan the phased publication online of informational datasets and resources it maintains and to which free access is granted (Article 15b). Furthermore, executive bodies must incorporate these publication goals into their annual operational plans under the Administration Act (Article 33a). The Ministry of Electronic Governance proposes annually to the Council of Ministers a list of data sets to be published openly on the internet, which supports coordinated data release efforts. This legal framework ensures structured planning and accountability for open data publication by public bodies, supported by specific implementation provisions such as the establishment of a national open data portal and reporting obligations.

## Sources
(1): Server Error
https://www.moew.government.bg/static/media/ups/tiny/ZAKON_za_dostap_do_obshtestvena_informaciq.pdf
(2): ЗАКОН за достъп до обществена информация
https://investbg.government.bg/wp-content/uploads/2024/02/ZAKON_za_dostap_do_obshtestvena_informaciq.pdf
(3): ЗАКОН ЗА ДОСТЪП ДО ОБЩЕСТВЕНА ИНФОРМАЦИЯ
https://www.mlsp.government.bg/uploads/30/zdoi/za-dostp-do-obshchestvena-informatsiya.pdf
(4): ЗАКОН ЗА ДОСТЪП ДО ОБЩЕСТВЕНА ИНФОРМАЦИЯ
https://www.mlsp.government.bg/uploads/30/dostp-do-obshchestvena-informatsiya/kodeksi-i-zakoni/za-dostp-do-obshchestvena-informatsiya.pdf
(5): ЗАКОН ЗА ДОСТЪП ДО ОБЩЕСТВЕНА ИНФОРМАЦИЯ
https://www.navet.government.bg/bg/media/zdoi-2022-g.pdf
(6): Национално законодателство - Министерство на електронното управление
https://egov.government.bg/wps/portal/ministry-meu/home/data/open-data/legislation/opendata-legal-national/
(7): от 30 април 2026 година
https://iisda.government.bg/annual_report_file/703_4605
(8): Приема Доклада за състоянието на администрацията през 2023 г. съгласно приложението. Предоставя на Народното събрание доклада по т. 1 за сведение.
https://www.government.bg/files/common/DSA2023.pdf",95.0,sufficient,chroma_retrieval_experiment
Bulgaria,P24,Policy,"Are there processes to ensure that the open data policies/strategy previously mentioned are updated and revised as needed?

For explanation:
* If yes, please describe the process and any recent updates made to strategy/policy","{'yes': 20, 'no': 0}",yes,20.0,"Yes, Bulgaria has processes to ensure that open data policies and strategies are updated and revised as needed. The legal framework, including the Law on Access to Public Information (ЗДОИ) and the National Standard for Open Data, mandates regular updating and maintenance of published datasets and metadata. Administrative bodies are required to include open data publication goals in their annual operational plans, outlining targets for the current and next year, and these are monitored via annual reports such as the IISDA reports. Furthermore, sectoral working groups meet regularly every six months to analyze activities, assess achieved results, and revise strategic plans accordingly. This iterative review and monitoring mechanism demonstrates a formalized process for updating and refining open data strategies and policies, ensuring their relevance and effectiveness over time.

## Sources
(1): Национално законодателство - Министерство на електронното управление
https://egov.government.bg/wps/portal/ministry-meu/home/data/open-data/legislation/opendata-legal-national/
(2): Untitled source
https://www.ipa.government.bg/sites/default/files/open_data_and_open_government.pdf
(3): Отворени данни и прозрачно управление - ИПА
https://www.ipa.government.bg/sites/default/files/open_data_and_open_government.pdf
(4): от 30 април 2026 година
https://iisda.government.bg/annual_report_file/703_4605
(5): Diapositiva 1
https://www.ipa.government.bg/sites/default/files/open-data-boyana-final_2.pdf
(6): Платформа за достъп до обществена информация
https://pitay.government.bg/documents/naredba-za-standartnite-usloviya-za-povtorno-izpolzvane-na-informaciya",90.0,sufficient,chroma_retrieval_experiment
Bulgaria,P3,Policy,"Is there an open data policy/strategy at regional or local level?

For Explanation:
* If yes, please (1) provide the URL and (2) title of the document(s) and (3) briefly describe.","{'yes': 20, 'no': 0, 'not applicable': 20}",no,0.0,"No evidence in the provided sources indicates the existence of an open data policy or strategy specifically at the regional, local, municipal, or city level in Bulgaria. The documents and references focus primarily on national-level frameworks, laws, and initiatives concerning open data, such as national legislation, the national open data portal, and general open government strategies. There is mention of national tasking, legal and economic frameworks, and guidelines relating to open data and transparency but no regional or local policy documents or strategies are identified. Therefore, based on the available evidence, Bulgaria does not have established open data policies or strategies specifically at subnational levels.

## Sources
(1): Общоевропейски портал за отворени данни
https://www.mtc.government.bg/bg/category/214/obschoevropeyski-portal-za-otvoreni-danni
(2): Untitled source
https://www.ipa.government.bg/sites/default/files/open_data_and_open_government.pdf
(3): Отворени данни и прозрачно управление - ИПА
https://www.ipa.government.bg/sites/default/files/open_data_and_open_government.pdf
(4): Diapositiva 1
https://www.ipa.government.bg/sites/default/files/open-data-boyana-final_2.pdf
(5): КАТАЛОГ 2023
https://www.ipa.government.bg/sites/default/files/katalog_ipa_2023.pdf
(6): Национално законодателство - Министерство на електронното управление
https://egov.government.bg/wps/portal/ministry-meu/home/data/open-data/legislation/opendata-legal-national/",95.0,sufficient,chroma_retrieval_experiment
Bulgaria,P4,Policy,"Does the national strategy/policy include an action plan with measures to be implemented in the open data field?

For Explanation:
If yes, please briefly describe the main measures described by the action plan.","{'yes': 20, 'no': 0}",no,0.0,"No direct evidence was found indicating that Bulgaria’s national open data strategy or policy includes a dedicated action plan with specific measures for the open data field. The reviewed documents detail various national action plans addressing social policy, poverty reduction, corporate social responsibility, and good governance, yet none explicitly link to an open data implementation roadmap or specific operational plans for open data. While there is mention of broader government data and digital governance improvements in relation to transparency and participation, these statements refer mostly to general principles and examples from other countries, not a concretely structured, measure-linked national plan in Bulgaria. Consequently, the national strategy or policy lacks a clearly defined open data action plan with measures and milestones.

## Sources
(1): План за изпълнение за периода 2025– 2026 г. на Рамковата политика за насърчаване развитието на Корпоративна социална отговорност и устойчивост
https://www.mlsp.government.bg/uploads/51/zhrdpsi-1/kso/plan-2025-2026-politika-kso.pdf
(2): Izsledvane_EP-001.p65
https://www.ipa.government.bg/sites/default/files/european_good_practices.pdf
(3): ЗА ПЕРИОДА 2025-2026 Г. ЗА ИЗПЪЛНЕНИЕ НА НАЦИОНАЛНАТА СТРАТЕГИЯ ЗА НАМАЛЯВАНЕ НА БЕДНОСТТА И НАСЪРЧАВАНЕ НА СОЦИАЛНОТО ВКЛЮЧВАНЕ 2030
https://www.mlsp.government.bg/uploads/40/sv/sv-1/action-plan-reducing-poverty-2025-2026-nsnbnsv-2030.pdf
(4): МЕЖДИНЕН ПРЕГЛЕД
https://www.mlsp.government.bg/uploads/35/sv/sv-1/mejdinen-pregled-national-poverty-strategy-2030.pdf
(5): КАТАЛОГ 2023
https://www.ipa.government.bg/sites/default/files/katalog_ipa_2023.pdf
(6): Untitled source
https://www.ipa.government.bg/sites/default/files/open_data_and_open_government.pdf
(7): Отворени данни и прозрачно управление - ИПА
https://www.ipa.government.bg/sites/default/files/open_data_and_open_government.pdf
(8): Untitled source
https://www.ipa.government.bg/sites/default/files/final_data_report_ipa2024.pdf",90.0,sufficient,chroma_retrieval_experiment
Estonia,I1,Impact,"Do you have a definition of open data reuse in your country?
 
For Explanation:
* If yes, please specify it.","{'yes': 20, 'no': 0}",yes,20.0,"Yes, Estonia has a clear definition and conceptual framing of open data reuse embedded within its digital and open data policies. The Estonian data portal and related official frameworks articulate open data reuse as the use of publicly available, machine-readable data by various stakeholders—including government, businesses, researchers, media, and citizens—for purposes such as innovation, decision-making, research, and service improvement. Official documents detail that open data reuse includes the utilization of public sector data for both commercial and non-commercial aims, with particular emphasis on interoperability, accessibility, and legal compliance under the Public Information Act. The Data Gateway and Digital Agenda policies underscore that data reuse aims to avoid redundant data collection and foster new solutions by enabling access to quality data, thereby driving economic and social benefits. While some challenges in data quality and user competence exist, these are acknowledged and addressed through strategic initiatives supporting data governance, reuse facilitation, and community capacity building. This constitutes a formal and actionable definition beyond mere examples of reuse.

## Sources
(1): Estonia’s Digital Agenda
https://mkm.ee/media/6970/download
(2): Estonian data portal | RIA
https://www.ria.ee/en/state-information-system/data-based-governance-and-reuse-data/estonian-data-portal
(3): Untitled source
https://digikogu.taltech.ee/et/Download/86f50514-87ff-4fb1-9c79-f38c67acb919
(4): Andmete ja tehisintellekti valge raamat 2024-2030
https://mkm.ee/sites/default/files/documents/2024-02/Tehisintellekti%20ja%20andmete%20valge%20raamat%202024-2030.pdf
(5): Eesti tegevuskava avatud valitsemise partnerluses osalemisel 2014-2016
http://avatudvalitsemine.ee/wp-content/uploads/2014/06/AVP-tegevuskava-2014-2016.pdf
(6): Andmete teabevärav | RIA
https://www.ria.ee/riigi-infosusteem/andmepohine-riigivalitsemine-ja-andmete-taaskasutus/andmete-teabevarav
(7): Eesti avatud valitsemise partnerluse tegevuskava 2022–2024
https://www.riigikantselei.ee/sites/default/files/documents/2022-09/Eesti%20avatud%20valitsemise%20partnerluse%20tegevuskava%202022-2024%20%28kinnitatud%29.pdf
(8): Värske ülevaade: Eesti avaandmete poliitika on Euroopa tipus, kuid andmete kvaliteet ja kättesaadavus vajavad kiiret järeleaitamist | Justiits- ja Digiministeerium
https://www.justdigi.ee/uudised/varske-ulevaade-eesti-avaandmete-poliitika-euroopa-tipus-kuid-andmete-kvaliteet-ja",0.95,sufficient,chroma_retrieval_experiment
Estonia,I10,Impact,"Have any public bodies in your country developed any systematic way of gathering reuse cases?

For Explanation:
* If yes, please provide a brief explanation of the process: How does the gathering happen?","{'yes': 20, 'no': 0, ""i don't know"": 0}",yes,20.0,"Yes, Estonia has developed systematic approaches to gather and analyze reuse cases of open data. The Estonian Information System Authority (RIA) employs continuous monitoring of open data use through usage statistics and impact analyses. This process includes collecting use statistics via tracking tools, analyzing data utilizations, and using findings to optimize data offerings—such as creating new datasets, closing unused ones, and improving data quality. This cyclical monitoring helps focus organizational efforts on important datasets and supports ongoing data lifecycle management, demonstrating an institutionalized reuse case collection and evaluation mechanism. Additionally, coordination between ministries and data governance units reinforces the systematic nature of this practice, reflecting a structured government effort to assess real data reuse impacts and tailor open data publishing accordingly.

## Sources
(1): Untitled source
https://digikogu.taltech.ee/et/Download/86f50514-87ff-4fb1-9c79-f38c67acb919
(2): Eesti avatud valitsemise partnerluse tegevuskava 2022–2024
https://www.riigikantselei.ee/sites/default/files/documents/2022-09/Eesti%20avatud%20valitsemise%20partnerluse%20tegevuskava%202022-2024%20%28kinnitatud%29.pdf
(3): Andmete ja tehisintellekti valge raamat 2024-2030
https://mkm.ee/sites/default/files/documents/2024-02/Tehisintellekti%20ja%20andmete%20valge%20raamat%202024-2030.pdf
(4): Estonia’s Digital Agenda
https://mkm.ee/media/6970/download
(5): Eesti tegevuskava avatud valitsemise partnerluses osalemisel 2014-2016
http://avatudvalitsemine.ee/wp-content/uploads/2014/06/AVP-tegevuskava-2014-2016.pdf
(6): eRes jätkustrateegia - A4 - v2
https://www.e-resident.gov.ee/wp-content/uploads/2026/01/E-residentsuse-jatkustrateegia-2026-2029.pdf
(7): (I) Tegevusjuhend
https://www.e-resident.gov.ee/wp-content/uploads/2024/09/eestikeelne-MP-code-of-conduct_amended_2024-09.docx.pdf
(8): Avaandmete loomise ja avaldamise juhend | RIA andmevahetuse abikeskus
https://abi.ria.ee/teabevarav/avaandmete-loomise-ja-avaldamise-juhend",0.9,sufficient,chroma_retrieval_experiment
Estonia,I12,Impact,"Is any data on the impact created by open data on governmental challenges (e.g. efficiency, effectiveness, transparency, decision-making capacity) available in your country such as from research studies, impact assessments, or other systematic investigations that quantify the results or broader effects of open data being reused?

For Explanation:
* If yes, please (1) specify what kind of data source proves this impact and (2) provide the URLs to this data.","{'yes': 20, 'no': 0, ""i don't know"": 0}",yes,20.0,"Yes, Estonia provides documented evidence on the impact of open data on governmental challenges. The 'Andmete ja tehisintellekti valge raamat 2024-2030' (Data and Artificial Intelligence White Paper) articulates how data usage reduces decision-making time, enhances public sector transparency, improves trustworthiness, saves costs, and reduces bureaucracy. It highlights data-driven decision-making as a key driver for better policy outcomes in areas like security, healthcare, education, environment, internal security, and economic development. Additionally, the Estonian Data Portal and related government frameworks showcase systematic open data governance aimed at improving data quality and reuse, thus empowering more effective public service delivery and policy formulation. These insights stem from official governmental reports and planning documents demonstrating an ongoing commitment to assess and leverage open data impacts.

## Sources
(1): Andmete ja tehisintellekti valge raamat 2024-2030
https://mkm.ee/sites/default/files/documents/2024-02/Tehisintellekti%20ja%20andmete%20valge%20raamat%202024-2030.pdf
(2): Untitled source
https://digikogu.taltech.ee/et/Download/86f50514-87ff-4fb1-9c79-f38c67acb919
(3): IMPROVEMENTACTIONS ESTONIA
https://stat.ee/sites/default/files/2024-11/IMPROVEMENT%20ACTIONS%20ESTONIA.pdf
(4): Värske ülevaade: Eesti avaandmete poliitika on Euroopa tipus, kuid andmete kvaliteet ja kättesaadavus vajavad kiiret järeleaitamist | Justiits- ja Digiministeerium
https://www.justdigi.ee/uudised/varske-ulevaade-eesti-avaandmete-poliitika-euroopa-tipus-kuid-andmete-kvaliteet-ja
(5): Eesti tegevuskava avatud valitsemise partnerluses osalemisel 2014-2016
http://avatudvalitsemine.ee/wp-content/uploads/2014/06/AVP-tegevuskava-2014-2016.pdf
(6): Eesti avatud valitsemise partnerluse tegevuskava 2022–2024
https://www.riigikantselei.ee/sites/default/files/documents/2022-09/Eesti%20avatud%20valitsemise%20partnerluse%20tegevuskava%202022-2024%20%28kinnitatud%29.pdf
(7): Estonian data portal | RIA
https://www.ria.ee/en/state-information-system/data-based-governance-and-reuse-data/estonian-data-portal
(8): Andmete teabevärav | RIA
https://www.ria.ee/riigi-infosusteem/andmepohine-riigivalitsemine-ja-andmete-taaskasutus/andmete-teabevarav",90.0,sufficient,chroma_retrieval_experiment
Estonia,I17,Impact,"Is any data on the impact created by open data on social challenges (e.g. inequality, healthcare, education) available in your country such as from research studies, impact assessments, or other systematic investigations that quantify the results or broader effects of open data being reused?

For Explanation:
* If yes, please (1) specify what kind of data source proves this impact and (2) provide the URLs to this data.","{'yes': 20, 'no': 0, ""i don't know"": 0}",yes,20.0,"Yes, Estonia provides documented evidence on the impact created by open data addressing social challenges. The 2024-2030 White Paper on Data and Artificial Intelligence highlights how quality and timely data usage supports resolving societal issues in healthcare, education, security, and environmental protection by enabling data-driven governance and better decision-making. Furthermore, the Estonian government systematically monitors open data usage and impact through usage statistics and impact analyses as outlined in the Open Data Creation and Publishing Guidelines, which help focus on data with social value and evaluate saved time, improved data quality, and administrative efficiencies. The Estonian Open Government Partnership Action Plan 2022–2024 and official government portals also emphasize open data's contribution to transparency, policy-making, and societal benefits, including enhanced awareness and service improvements. Thus, evidence from strategic documents and official methodologies confirms availability of data quantifying open data's social impact. URLs: https://mkm.ee/sites/default/files/documents/2024-02/Tehisintellekti%20ja%20andmete%20valge%20raamat%202024-2030.pdf, https://abi.ria.ee/teabevarav/avaandmete-loomise-ja-avaldamise-juhend, https://www.riigikantselei.ee/sites/default/files/documents/2022-09/Eesti%20avatud%20valitsemise%20partnerluse%20tegevuskava%202022-2024%20%28kinnitatud%29.pdf

## Sources
(1): Andmete ja tehisintellekti valge raamat 2024-2030
https://mkm.ee/sites/default/files/documents/2024-02/Tehisintellekti%20ja%20andmete%20valge%20raamat%202024-2030.pdf
(2): Untitled source
https://digikogu.taltech.ee/et/Download/86f50514-87ff-4fb1-9c79-f38c67acb919
(3): Värske ülevaade: Eesti avaandmete poliitika on Euroopa tipus, kuid andmete kvaliteet ja kättesaadavus vajavad kiiret järeleaitamist | Justiits- ja Digiministeerium
https://www.justdigi.ee/uudised/varske-ulevaade-eesti-avaandmete-poliitika-euroopa-tipus-kuid-andmete-kvaliteet-ja
(4): Estonian data portal | RIA
https://www.ria.ee/en/state-information-system/data-based-governance-and-reuse-data/estonian-data-portal
(5): IMPROVEMENTACTIONS ESTONIA
https://stat.ee/sites/default/files/2024-11/IMPROVEMENT%20ACTIONS%20ESTONIA.pdf
(6): Andmete teabevärav | RIA
https://www.ria.ee/riigi-infosusteem/andmepohine-riigivalitsemine-ja-andmete-taaskasutus/andmete-teabevarav
(7): Eesti avatud valitsemise partnerluse tegevuskava 2022–2024
https://www.riigikantselei.ee/sites/default/files/documents/2022-09/Eesti%20avatud%20valitsemise%20partnerluse%20tegevuskava%202022-2024%20%28kinnitatud%29.pdf
(8): Avaandmete loomise ja avaldamise juhend | RIA andmevahetuse abikeskus
https://abi.ria.ee/teabevarav/avaandmete-loomise-ja-avaldamise-juhend",90.0,sufficient,chroma_retrieval_experiment
Estonia,I2,Impact,"Are there any processes in place to monitor the level of reuse of your country's open data?
 
For Explanation:
* If yes, please (1) briefly describe these processes and (2) provide the URLs to support the answer.","{'yes': 20, 'no': 0, ""i don't know"": 0}",yes,20.0,"Yes, Estonia has processes in place to monitor the reuse of open data. The Estonian Digital Agenda 2030 explicitly states that all machine-readable open data are made available and reused as actively as possible, demonstrating an ongoing commitment to promote and track reuse. Furthermore, the Ministry of Economic Affairs and Communications, together with Statistics Estonia and other partners, is engaged in activities to improve data quality and to establish data stewardship frameworks, which involve continual assessment and governance related to data reuse and impact. Initiatives like the national open data portal opendata.riik.ee and various improvement actions include targets to increase the publication and usage of open data, reflecting processes aimed at monitoring and boosting data reuse. The Estonian Open Government Partnership Action Plan also highlights efforts to support open data reuse, including organizational support and pilot deployments to foster real-world usage and impact evaluation.

## Sources
(1): Estonia’s Digital Agenda
https://mkm.ee/media/6970/download
(2): Estonian data portal | RIA
https://www.ria.ee/en/state-information-system/data-based-governance-and-reuse-data/estonian-data-portal
(3): Andmete ja tehisintellekti valge raamat 2024-2030
https://mkm.ee/sites/default/files/documents/2024-02/Tehisintellekti%20ja%20andmete%20valge%20raamat%202024-2030.pdf
(4): IMPROVEMENTACTIONS ESTONIA
https://stat.ee/sites/default/files/2024-11/IMPROVEMENT%20ACTIONS%20ESTONIA.pdf
(5): Värske ülevaade: Eesti avaandmete poliitika on Euroopa tipus, kuid andmete kvaliteet ja kättesaadavus vajavad kiiret järeleaitamist | Justiits- ja Digiministeerium
https://www.justdigi.ee/uudised/varske-ulevaade-eesti-avaandmete-poliitika-euroopa-tipus-kuid-andmete-kvaliteet-ja
(6): Eesti tegevuskava avatud valitsemise partnerluses osalemisel 2014-2016
http://avatudvalitsemine.ee/wp-content/uploads/2014/06/AVP-tegevuskava-2014-2016.pdf
(7): Untitled source
https://digikogu.taltech.ee/et/Download/86f50514-87ff-4fb1-9c79-f38c67acb919
(8): Eesti avatud valitsemise partnerluse tegevuskava 2022–2024
https://www.riigikantselei.ee/sites/default/files/documents/2022-09/Eesti%20avatud%20valitsemise%20partnerluse%20tegevuskava%202022-2024%20%28kinnitatud%29.pdf",0.9,sufficient,chroma_retrieval_experiment
Estonia,I27,Impact,"Is any data on the economic impact (e.g. GDP, employment, productivity, innovation,  new businesses created etc.) of open data available in your country such as from research studies, impact assessments, or other systematic investigations that quantify the results or broader effects of open data being reused?

For Explanation:
* If yes, please specify what kind of data source proves this impact and provide the URLs to this data.","{'yes': 20, 'no': 0, ""i don't know"": 0}",no,0.0,"No, there is no documented evidence or systematic investigation explicitly quantifying the economic impact of open data reuse in Estonia available in the reviewed sources. Although multiple documents emphasize the strategic importance of open data for improving government decision-making, transparency, and enabling new services, none provide concrete studies, impact assessments, or quantified data on economic indicators such as GDP contribution, employment effects, productivity gains, innovation metrics, or new businesses created. Existing references focus mainly on governance frameworks, policy maturity, quality challenges, and usage facilitation rather than measuring economic outcomes. The available reports and plans, including the 2024-2030 AI and Data White Paper and government improvement actions, highlight benefits and usage but lack rigorous impact quantification or direct economic evidence.

## Sources
(1): Andmete ja tehisintellekti valge raamat 2024-2030
https://mkm.ee/sites/default/files/documents/2024-02/Tehisintellekti%20ja%20andmete%20valge%20raamat%202024-2030.pdf
(2): Untitled source
https://digikogu.taltech.ee/et/Download/86f50514-87ff-4fb1-9c79-f38c67acb919
(3): Värske ülevaade: Eesti avaandmete poliitika on Euroopa tipus, kuid andmete kvaliteet ja kättesaadavus vajavad kiiret järeleaitamist | Justiits- ja Digiministeerium
https://www.justdigi.ee/uudised/varske-ulevaade-eesti-avaandmete-poliitika-euroopa-tipus-kuid-andmete-kvaliteet-ja
(4): IMPROVEMENTACTIONS ESTONIA
https://stat.ee/sites/default/files/2024-11/IMPROVEMENT%20ACTIONS%20ESTONIA.pdf
(5): Estonian data portal | RIA
https://www.ria.ee/en/state-information-system/data-based-governance-and-reuse-data/estonian-data-portal
(6): Andmete teabevärav | RIA
https://www.ria.ee/riigi-infosusteem/andmepohine-riigivalitsemine-ja-andmete-taaskasutus/andmete-teabevarav
(7): Avaandmete loomise ja avaldamise juhend | RIA andmevahetuse abikeskus
https://abi.ria.ee/teabevarav/avaandmete-loomise-ja-avaldamise-juhend
(8): Eesti tegevuskava avatud valitsemise partnerluses osalemisel 2014-2016
http://avatudvalitsemine.ee/wp-content/uploads/2014/06/AVP-tegevuskava-2014-2016.pdf",90.0,sufficient,chroma_retrieval_experiment
Estonia,I9,Impact,"Have any public bodies in your country launched or performed any activities in the past year to better understand reusers' needs in order to further stimulate the reuse of open data?

For Explanation:
* If yes, which of the following activities have been performed? Please describe how the activity has helped you better stimulate reuse.
* Multiple answers are possible.","{'yes': 40, 'no': 0, ""i don't know"": 0}",yes,40.0,"Yes, Estonian public bodies have undertaken activities to better understand open data reusers' needs to stimulate reuse. According to the Ministry of Economic Affairs and Communications' 2024–2030 White Paper on Data and Artificial Intelligence, a mapping conducted at the end of 2022 assessed the current state of open data in public bodies, identifying significant gaps such as insufficient mapping of reusers' needs by 78% of data holders. This shows active engagement in understanding user requirements to address barriers and improve reuse conditions. Additionally, the Estonian Open Data Portal integrates descriptions and metadata to harmonise and facilitate access for reusers, easing their interaction with datasets, which suggests that feedback and user-centric development approaches inform portal improvements. Efforts by Statistics Estonia to monitor data quality and develop tools for assessing datasets further reflect an institutional focus on responding to practical user needs for reliable data. These initiatives underscore a proactive approach to capturing reuser needs through surveys, mappings, and systemic improvements, enabling targeted stimulation of data reuse across sectors.

## Sources
(1): IMPROVEMENTACTIONS ESTONIA
https://stat.ee/sites/default/files/2024-11/IMPROVEMENT%20ACTIONS%20ESTONIA.pdf
(2): Andmete ja tehisintellekti valge raamat 2024-2030
https://mkm.ee/sites/default/files/documents/2024-02/Tehisintellekti%20ja%20andmete%20valge%20raamat%202024-2030.pdf
(3): Eesti tegevuskava avatud valitsemise partnerluses osalemisel 2014-2016
http://avatudvalitsemine.ee/wp-content/uploads/2014/06/AVP-tegevuskava-2014-2016.pdf
(4): Untitled source
https://digikogu.taltech.ee/et/Download/86f50514-87ff-4fb1-9c79-f38c67acb919
(5): Estonia’s Digital Agenda
https://mkm.ee/media/6970/download
(6): Eesti avatud valitsemise partnerluse tegevuskava 2022–2024
https://www.riigikantselei.ee/sites/default/files/documents/2022-09/Eesti%20avatud%20valitsemise%20partnerluse%20tegevuskava%202022-2024%20%28kinnitatud%29.pdf
(7): Estonian data portal | RIA
https://www.ria.ee/en/state-information-system/data-based-governance-and-reuse-data/estonian-data-portal
(8): Andmete teabevärav | RIA
https://www.ria.ee/riigi-infosusteem/andmepohine-riigivalitsemine-ja-andmete-taaskasutus/andmete-teabevarav",0.95,sufficient,chroma_retrieval_experiment
Estonia,P1,Policy,"Is there a national open data policy in your country and, if your country is an EU Member State, does this include a national legislation for the transposition of the Open Data Directive?

For Explanation:
* If yes, please provide (1) the URL and (2) title of the policy document and (3) briefly describe.
* If ‘other’, please provide (1) a brief explanation to support your answer choice and (2) provide the URL and indicate the policy section which explicitly references open data.","{'yes': 40, 'no': 0, 'other': 40}",yes,40.0,"Yes, Estonia has a national open data policy framework supported by legal and strategic documents. The Public Information Act and the Public Information Act guidelines regulate the availability of open data in the public sector, ensuring data reusability and transparency. The Estonian government has issued regulations specifying data governance obligations, including managing open data and compliance with legislative frameworks adapted to the EU context. Furthermore, Estonia actively implements strategies aligned with EU requirements, including the transposition of the EU Open Data Directive as part of broader data governance legislation and policies. The government’s data governance system is supported by Statistics Estonia and the State Information System, with public sector obligations to publish open data in machine-readable formats via the national open data portal (opendata.riik.ee). This institutional setup and related decrees demonstrate Estonia’s commitment to open data policies consistent with EU directives. Key documentation includes the Public Information Act, government regulations on data governance updated in 2022, and supporting guidelines for open data creation and publication available on official portals.

## Sources
(1): Andmete ja tehisintellekti valge raamat 2024-2030
https://mkm.ee/sites/default/files/documents/2024-02/Tehisintellekti%20ja%20andmete%20valge%20raamat%202024-2030.pdf
(2): Untitled source
https://digikogu.taltech.ee/et/Download/86f50514-87ff-4fb1-9c79-f38c67acb919
(3): Estonia’s Digital Agenda
https://mkm.ee/media/6970/download
(4): IMPROVEMENTACTIONS ESTONIA
https://stat.ee/sites/default/files/2024-11/IMPROVEMENT%20ACTIONS%20ESTONIA.pdf
(5): Avaandmete loomise ja avaldamise juhend | RIA andmevahetuse abikeskus
https://abi.ria.ee/teabevarav/avaandmete-loomise-ja-avaldamise-juhend
(6): Estonian data portal | RIA
https://www.ria.ee/en/state-information-system/data-based-governance-and-reuse-data/estonian-data-portal
(7): Eesti tegevuskava avatud valitsemise partnerluses osalemisel 2014-2016
http://avatudvalitsemine.ee/wp-content/uploads/2014/06/AVP-tegevuskava-2014-2016.pdf
(8): Eesti avatud valitsemise partnerluse tegevuskava 2022–2024
https://www.riigikantselei.ee/sites/default/files/documents/2022-09/Eesti%20avatud%20valitsemise%20partnerluse%20tegevuskava%202022-2024%20%28kinnitatud%29.pdf",95.0,sufficient,chroma_retrieval_experiment
Estonia,P13,Policy,"Is there a governance structure in place that enables the participation and/or inclusion of various open data stakeholders? 

For Explanation:
*  If yes, please briefly describe the governance structure and its operating model","{'yes': 40, 'no': 0}",yes,40.0,"Yes, Estonia has a governance structure in place that facilitates the participation and inclusion of various open data stakeholders. The governance framework is anchored in the Open Government Partnership actions and policies coordinated by the Riigikantselei (Government Office), which involves ministries, agencies, and civil society organizations in consultative processes, including the Open Government Partnership expert group and collaborative platforms for co-creation of policies. Estonia’s Public Information Act and related directives mandate public sector bodies to provide access to open data, enabling broad stakeholder engagement. This structure is supported by systematic policy efforts such as the ""Eesti avatud valitsemise partnerluse tegevuskava 2022–2024,"" which outlines mechanisms for public involvement and transparency, and the implementation of data portals and data-sharing guidelines developed by the RIA (Information System Authority). These arrangements ensure multi-stakeholder coordination and stakeholder governance models are operational, promoting data reuse, feedback, and collaborative policy-making.

## Sources
(1): Andmete ja tehisintellekti valge raamat 2024-2030
https://mkm.ee/sites/default/files/documents/2024-02/Tehisintellekti%20ja%20andmete%20valge%20raamat%202024-2030.pdf
(2): Untitled source
https://digikogu.taltech.ee/et/Download/86f50514-87ff-4fb1-9c79-f38c67acb919
(3): Eesti avatud valitsemise partnerluse tegevuskava 2022–2024
https://www.riigikantselei.ee/sites/default/files/documents/2022-09/Eesti%20avatud%20valitsemise%20partnerluse%20tegevuskava%202022-2024%20%28kinnitatud%29.pdf
(4): Eesti tegevuskava avatud valitsemise partnerluses osalemisel 2014-2016
http://avatudvalitsemine.ee/wp-content/uploads/2014/06/AVP-tegevuskava-2014-2016.pdf
(5): Avaandmete loomise ja avaldamise juhend | RIA andmevahetuse abikeskus
https://abi.ria.ee/teabevarav/avaandmete-loomise-ja-avaldamise-juhend
(6): Estonian data portal | RIA
https://www.ria.ee/en/state-information-system/data-based-governance-and-reuse-data/estonian-data-portal
(7): Andmete teabevärav | RIA
https://www.ria.ee/riigi-infosusteem/andmepohine-riigivalitsemine-ja-andmete-taaskasutus/andmete-teabevarav",90.0,sufficient,chroma_retrieval_experiment
Estonia,P16,Policy,"To what degree do local/regional public bodies conduct open data initiatives? 

For Explanation:
* If not applicable, please explain why.","{'all public bodies': 20, 'the majority of public bodies': 15, 'approximately half of the public bodies': 10, 'few public bodies': 5, 'none of the public bodies': 0, 'not applicable': 20}",few public bodies,5.0,"Few local or regional public bodies in Estonia conduct open data initiatives. While the national framework, including the Public Information Act and the Estonian Open Data Portal, mandates data publication by public sector bodies generally, there is limited evidence of widespread engagement at the local government level. Strategic documents emphasize open governance and open data principles across all levels, including municipalities, yet implementation remains uneven. For example, systemic open data processes exist in only about 9% of public sector organizations, and data quality management is weak, indicating that only a small portion of local or regional entities fully embrace open data initiatives. This suggests that while national-level policies support open data broadly, practical adoption by local/regional bodies is still limited to a few proactive participants rather than the majority.

## Sources
(1): Eesti tegevuskava avatud valitsemise partnerluses osalemisel 2014-2016
http://avatudvalitsemine.ee/wp-content/uploads/2014/06/AVP-tegevuskava-2014-2016.pdf
(2): Eesti avatud valitsemise partnerluse tegevuskava 2022–2024
https://www.riigikantselei.ee/sites/default/files/documents/2022-09/Eesti%20avatud%20valitsemise%20partnerluse%20tegevuskava%202022-2024%20%28kinnitatud%29.pdf
(3): Andmete ja tehisintellekti valge raamat 2024-2030
https://mkm.ee/sites/default/files/documents/2024-02/Tehisintellekti%20ja%20andmete%20valge%20raamat%202024-2030.pdf
(4): Untitled source
https://digikogu.taltech.ee/et/Download/86f50514-87ff-4fb1-9c79-f38c67acb919
(5): Estonian data portal | RIA
https://www.ria.ee/en/state-information-system/data-based-governance-and-reuse-data/estonian-data-portal
(6): Andmete teabevärav | RIA
https://www.ria.ee/riigi-infosusteem/andmepohine-riigivalitsemine-ja-andmete-taaskasutus/andmete-teabevarav
(7): Avaandmete loomise ja avaldamise juhend | RIA andmevahetuse abikeskus
https://abi.ria.ee/teabevarav/avaandmete-loomise-ja-avaldamise-juhend
(8): Värske ülevaade: Eesti avaandmete poliitika on Euroopa tipus, kuid andmete kvaliteet ja kättesaadavus vajavad kiiret järeleaitamist | Justiits- ja Digiministeerium
https://www.justdigi.ee/uudised/varske-ulevaade-eesti-avaandmete-poliitika-euroopa-tipus-kuid-andmete-kvaliteet-ja",80.0,partial,chroma_retrieval_experiment
Estonia,P2,Policy,"Is there a national open data strategy in your country?

For Explanation:
* If yes, please provide (1) the URL to the strategy and (2) describe the main highlights.  
* If 'not applicable', please provide (1) a brief explanation to support your answer choice and provide (2) the URL and indicate the policy section which explicitly references objectives, actions/measures, delivery timelines etc.","{'yes': 40, 'no': 0, 'not applicable': 40}",yes,40.0,"Yes, Estonia has a national open data strategy embedded within broader government frameworks and strategic documents. The ""Andmete ja tehisintellekti valge raamat 2024-2030"" (Data and Artificial Intelligence White Paper) outlines Estonia’s commitment to open data, describing governance structures and expert groups dedicated to open government data as part of the overall data policy. Furthermore, Estonia’s digital agenda also includes strong support for data sharing, transparency, and reuse, underpinning open data goals. In addition, the government enacted regulations such as the “Principles for Managing Services and Governing Information,” amended in 2022, which institute data governance obligations and delegate responsibilities to Statistics Estonia through specific projects, indicating a structured and strategic approach to open data implementation with timelines extending beyond 2025. Practical guidance like the ""Avaandmete loomise ja avaldamise juhend"" (Guide to Creating and Publishing Open Data) concretely supports these policies, showing clear objectives and actions to improve access and usability of open data. This suite of strategic, regulatory, and implementation documents collectively confirms the existence of a national open data strategy in Estonia.

## Sources
(1): Untitled source
https://digikogu.taltech.ee/et/Download/86f50514-87ff-4fb1-9c79-f38c67acb919
(2): Andmete ja tehisintellekti valge raamat 2024-2030
https://mkm.ee/sites/default/files/documents/2024-02/Tehisintellekti%20ja%20andmete%20valge%20raamat%202024-2030.pdf
(3): Estonia’s Digital Agenda
https://mkm.ee/media/6970/download
(4): IMPROVEMENTACTIONS ESTONIA
https://stat.ee/sites/default/files/2024-11/IMPROVEMENT%20ACTIONS%20ESTONIA.pdf
(5): Estonian data portal | RIA
https://www.ria.ee/en/state-information-system/data-based-governance-and-reuse-data/estonian-data-portal
(6): Eesti tegevuskava avatud valitsemise partnerluses osalemisel 2014-2016
http://avatudvalitsemine.ee/wp-content/uploads/2014/06/AVP-tegevuskava-2014-2016.pdf
(7): Avaandmete loomise ja avaldamise juhend | RIA andmevahetuse abikeskus
https://abi.ria.ee/teabevarav/avaandmete-loomise-ja-avaldamise-juhend
(8): Eesti avatud valitsemise partnerluse tegevuskava 2022–2024
https://www.riigikantselei.ee/sites/default/files/documents/2022-09/Eesti%20avatud%20valitsemise%20partnerluse%20tegevuskava%202022-2024%20%28kinnitatud%29.pdf",90.0,sufficient,chroma_retrieval_experiment
Estonia,P22,Policy,"Do data publication plans exist at public body level?

For Explanation:
* If yes, please provide the URL and briefly highlight the key aspects covered.","{'yes': 20, 'no': 0}",yes,20.0,"Yes, data publication plans exist at the public body level in Estonia. This is supported by the ""Avaandmete loomise ja avaldamise juhend"" from RIA's data exchange help center, which specifically assists public sector employees in planning and establishing data publication processes. The guide references the Public Information Act and provides a structured framework for dataset release and publication obligations within public bodies. Further, Estonia’s Digital Agenda 2030 emphasizes the development of legal space and organisational competence for data governance and associated best practices across public sector institutions, reinforcing the systemic approach to data publishing. The Estonian Data Portal also outlines requirements and procedures for public sector bodies to publish and provide access to open data in a machine-readable format, reflecting official guidance and obligations for public bodies to maintain data publication planning.

## Sources
(1): Avaandmete loomise ja avaldamise juhend | RIA andmevahetuse abikeskus
https://abi.ria.ee/teabevarav/avaandmete-loomise-ja-avaldamise-juhend
(2): Untitled source
https://digikogu.taltech.ee/et/Download/86f50514-87ff-4fb1-9c79-f38c67acb919
(3): Andmete ja tehisintellekti valge raamat 2024-2030
https://mkm.ee/sites/default/files/documents/2024-02/Tehisintellekti%20ja%20andmete%20valge%20raamat%202024-2030.pdf
(4): Estonia’s Digital Agenda
https://mkm.ee/media/6970/download
(5): Eesti tegevuskava avatud valitsemise partnerluses osalemisel 2014-2016
http://avatudvalitsemine.ee/wp-content/uploads/2014/06/AVP-tegevuskava-2014-2016.pdf
(6): Estonian data portal | RIA
https://www.ria.ee/en/state-information-system/data-based-governance-and-reuse-data/estonian-data-portal
(7): Eesti avatud valitsemise partnerluse tegevuskava 2022–2024
https://www.riigikantselei.ee/sites/default/files/documents/2022-09/Eesti%20avatud%20valitsemise%20partnerluse%20tegevuskava%202022-2024%20%28kinnitatud%29.pdf
(8): Avaleht | Eesti Vabariigi Valitsus
http://gov.ee/",100.0,sufficient,chroma_retrieval_experiment
Estonia,P24,Policy,"Are there processes to ensure that the open data policies/strategy previously mentioned are updated and revised as needed?

For explanation:
* If yes, please describe the process and any recent updates made to strategy/policy","{'yes': 20, 'no': 0}",yes,20.0,"Yes, Estonia has formalized processes to ensure the update and revision of its open data and related digital policies. The Digiülesande arengukava 2030 is subject to a thorough review and update twice during its validity period, with a recent government decision in May 2024 initiating its revision. This process includes consolidating new sector-specific strategies, such as those focused on data and artificial intelligence, into a unified vision and updating objectives to align with evolving priorities including digital skills and infrastructure resilience. Extensive stakeholder engagement through workshops, interviews, and questionnaires is employed to incorporate diverse input. This structured approach ensures that the open data policy evolves responsively and remains strategically relevant, supported by the Ministry of Economic Affairs and Communications. Additionally, ongoing quality improvement initiatives and institutional responsibilities further strengthen governance and policy adaptation.

## Sources
(1): Arengukava uuendamine 2024 | Majandus- ja Kommunikatsiooniministeerium
https://mkm.ee/digiriik-ja-uhenduvus/digiuhiskonna-arengukava-2030/arengukava-uuendamine-2024
(2): Andmete ja tehisintellekti valge raamat 2024-2030
https://mkm.ee/sites/default/files/documents/2024-02/Tehisintellekti%20ja%20andmete%20valge%20raamat%202024-2030.pdf
(3): Untitled source
https://digikogu.taltech.ee/et/Download/86f50514-87ff-4fb1-9c79-f38c67acb919
(4): Avaandmete loomise ja avaldamise juhend | RIA andmevahetuse abikeskus
https://abi.ria.ee/teabevarav/avaandmete-loomise-ja-avaldamise-juhend
(5): IMPROVEMENTACTIONS ESTONIA
https://stat.ee/sites/default/files/2024-11/IMPROVEMENT%20ACTIONS%20ESTONIA.pdf
(6): Estonian data portal | RIA
https://www.ria.ee/en/state-information-system/data-based-governance-and-reuse-data/estonian-data-portal
(7): Eesti avatud valitsemise partnerluse tegevuskava 2022–2024
https://www.riigikantselei.ee/sites/default/files/documents/2022-09/Eesti%20avatud%20valitsemise%20partnerluse%20tegevuskava%202022-2024%20%28kinnitatud%29.pdf
(8): Eesti tegevuskava avatud valitsemise partnerluses osalemisel 2014-2016
http://avatudvalitsemine.ee/wp-content/uploads/2014/06/AVP-tegevuskava-2014-2016.pdf",95.0,sufficient,chroma_retrieval_experiment
Estonia,P3,Policy,"Is there an open data policy/strategy at regional or local level?

For Explanation:
* If yes, please (1) provide the URL and (2) title of the document(s) and (3) briefly describe.","{'yes': 20, 'no': 0, 'not applicable': 20}",no,0.0,"No evidence was found indicating the existence of a distinct open data policy or strategy at the regional or local level in Estonia. The available documents primarily focus on national-level initiatives and strategies, such as the national open government partnership action plans and the Public Information Act. The open data portal and related guidelines emphasize public sector data provision generally, without specifying separate local or regional open data policies. While local governments might participate in open data activities under national frameworks, there is no clear documentation or policy explicitly dedicated to regional or municipal open data development or strategies. Thus, the evidence supports that open data policy efforts in Estonia remain at the national level without separate regional or local policy articulation.

## Sources
(1): Eesti avatud valitsemise partnerluse tegevuskava 2022–2024
https://www.riigikantselei.ee/sites/default/files/documents/2022-09/Eesti%20avatud%20valitsemise%20partnerluse%20tegevuskava%202022-2024%20%28kinnitatud%29.pdf
(2): Untitled source
https://digikogu.taltech.ee/et/Download/86f50514-87ff-4fb1-9c79-f38c67acb919
(3): Eesti tegevuskava avatud valitsemise partnerluses osalemisel 2014-2016
http://avatudvalitsemine.ee/wp-content/uploads/2014/06/AVP-tegevuskava-2014-2016.pdf
(4): Avaandmete loomise ja avaldamise juhend | RIA andmevahetuse abikeskus
https://abi.ria.ee/teabevarav/avaandmete-loomise-ja-avaldamise-juhend
(5): Andmete ja tehisintellekti valge raamat 2024-2030
https://mkm.ee/sites/default/files/documents/2024-02/Tehisintellekti%20ja%20andmete%20valge%20raamat%202024-2030.pdf
(6): Estonian data portal | RIA
https://www.ria.ee/en/state-information-system/data-based-governance-and-reuse-data/estonian-data-portal
(7): Andmete teabevärav | RIA
https://www.ria.ee/riigi-infosusteem/andmepohine-riigivalitsemine-ja-andmete-taaskasutus/andmete-teabevarav
(8): Värske ülevaade: Eesti avaandmete poliitika on Euroopa tipus, kuid andmete kvaliteet ja kättesaadavus vajavad kiiret järeleaitamist | Justiits- ja Digiministeerium
https://www.justdigi.ee/uudised/varske-ulevaade-eesti-avaandmete-poliitika-euroopa-tipus-kuid-andmete-kvaliteet-ja",90.0,sufficient,chroma_retrieval_experiment
Estonia,P4,Policy,"Does the national strategy/policy include an action plan with measures to be implemented in the open data field?

For Explanation:
If yes, please briefly describe the main measures described by the action plan.","{'yes': 20, 'no': 0}",yes,20.0,"Yes, Estonia's national strategy and policies include action plans with specific measures focused on the open data field. The data governance action plan, initiated in 2022, is developed collaboratively across government institutions and is supported by detailed guidelines such as the data governance framework and data description guidelines. These set clear roles, responsibilities, and processes for managing open data across the public sector. Furthermore, the Estonian Open Government Partnership action plan 2022–2024 outlines concrete activities to enhance data-driven decision-making by integrating technological solutions that promote transparent and efficient access to data for policymaking. These documents establish a structured roadmap to coordinate open data initiatives with defined timelines and responsible entities, reflecting a comprehensive operational delivery plan embedded within Estonia’s overarching digital and data strategies.

## Sources
(1): Untitled source
https://digikogu.taltech.ee/et/Download/86f50514-87ff-4fb1-9c79-f38c67acb919
(2): Andmete ja tehisintellekti valge raamat 2024-2030
https://mkm.ee/sites/default/files/documents/2024-02/Tehisintellekti%20ja%20andmete%20valge%20raamat%202024-2030.pdf
(3): Eesti tegevuskava avatud valitsemise partnerluses osalemisel 2014-2016
http://avatudvalitsemine.ee/wp-content/uploads/2014/06/AVP-tegevuskava-2014-2016.pdf
(4): IMPROVEMENTACTIONS ESTONIA
https://stat.ee/sites/default/files/2024-11/IMPROVEMENT%20ACTIONS%20ESTONIA.pdf
(5): Estonia’s Digital Agenda
https://mkm.ee/media/6970/download
(6): Arengukava uuendamine 2024 | Majandus- ja Kommunikatsiooniministeerium
https://mkm.ee/digiriik-ja-uhenduvus/digiuhiskonna-arengukava-2030/arengukava-uuendamine-2024
(7): Avaandmete loomise ja avaldamise juhend | RIA andmevahetuse abikeskus
https://abi.ria.ee/teabevarav/avaandmete-loomise-ja-avaldamise-juhend
(8): Eesti avatud valitsemise partnerluse tegevuskava 2022–2024
https://www.riigikantselei.ee/sites/default/files/documents/2022-09/Eesti%20avatud%20valitsemise%20partnerluse%20tegevuskava%202022-2024%20%28kinnitatud%29.pdf",95.0,sufficient,chroma_retrieval_experiment
France,I1,Impact,"Do you have a definition of open data reuse in your country?
 
For Explanation:
* If yes, please specify it.","{'yes': 20, 'no': 0}",yes,20.0,"Yes, France has an implicit definition and conceptual framing of open data reuse integrated within its open data policy and impact methodology documents. The methodological approach to measuring the impact of open data explicitly notes that reuse involves citizens, researchers, public officials, and businesses leveraging data to create new uses or enhance existing services, as presented in the Data.gouv.fr impact series. Furthermore, France’s national open data strategies and reports highlight a paradigm shift from mere access to public data towards the active reuse of data, as reflected in official government documents related to the coordination of data openness (e.g., Etalab mission), and their ongoing monitoring and support mechanisms. This framing aligns with international best practices and provides a practical, working definition of open data reuse within the French context, beyond examples to an articulated conceptual approach embedded in national policy and evaluation initiatives.

## Sources
(1): POUR UNE ACTION PUBLIQUE TRANSPARENTE ET COLLABORATIVE
https://www.etalab.gouv.fr/wp-content/uploads/2018/04/PlanOGP-FR-2018-2020-VF-FR.pdf
(2): [Dossier] Ouverture des données publiques en France
https://labo.societenumerique.gouv.fr/fr/articles/dossier-ouverture-des-donn%C3%A9es-publiques-en-france-o%C3%B9-en-sommes-nous/
(3): Impact des données ouvertes 1/6
https://www.data.gouv.fr/posts/impact-des-donnees-ouvertes-1-6
(4): La France classée première européenne en matière d' ...
https://www.data.gouv.fr/posts/la-france-classee-premiere-europeenne-en-matiere-dopen-data-pour-la-4e-annee-consecutive
(5): Untitled source
https://www.documentation-administrative.gouv.fr/adm-01859191v1/document
(6): La France à la première place du classement de l'OCDE en matière d’open data
https://www.data.gouv.fr/posts/la-france-a-la-premiere-place-du-classement-de-locde-en-matiere-dopen-data
(7): RAPPORT
https://www.culture.gouv.fr/mc/content/download/94768/file/201312_Rapport_Open_Data_Culturel.pdf?inLanguage=fre-FR&version=1
(8): RAPPORT
https://www.culture.gouv.fr/Media/Thematiques/Innovation-numerique/Folder/rapport-open-data",0.9,sufficient,chroma_retrieval_experiment
France,I10,Impact,"Have any public bodies in your country developed any systematic way of gathering reuse cases?

For Explanation:
* If yes, please provide a brief explanation of the process: How does the gathering happen?","{'yes': 20, 'no': 0, ""i don't know"": 0}",yes,20.0,"Yes, public bodies in France have developed systematic ways to gather reuse cases. The ""Rapport de la mission Data et territoires"" highlights numerous use cases mobilized by territorial collectivities, often related to the government's sixty priority policies. These use cases typically involve processing data from various actors, public and private, at national and local levels. The mission’s recommendations form a coherent framework designed to fully implement and monitor these reuse cases within public action. This systematic approach implies ongoing collection and consideration of reuse cases as part of evaluating data-driven projects across multiple sectors like health, education, and urban policy. Thus, the gathering of reuse cases is integrated into a structured, government-supported process rather than being isolated examples. This substantiates that France's public bodies have institutionalized the collection and reporting of data reuse instances systematically.

## Sources
(1): Rapport de la mission Data et territoires
https://www.transformation.gouv.fr/files/ressource/Rapport_Mission_Data_Territoires.pdf?v=1701943687
(2): Rapport de la mission Data et territoires
https://www.transformation.gouv.fr/files/ressource/Rapport_Mission_Data_Territoires.pdf
(3): Untitled source
https://documentation.insp.gouv.fr/digitalCollection/DigitalCollectionAttachmentDownloadHandler.ashx?documentId=401780&parentDocumentId=401779&skipCopyright=true&skipWatermark=true
(4): RAPPORT
https://www.culture.gouv.fr/mc/content/download/94768/file/201312_Rapport_Open_Data_Culturel.pdf?inLanguage=fre-FR&version=1
(5): RAPPORT
https://www.culture.gouv.fr/Media/Thematiques/Innovation-numerique/Folder/rapport-open-data
(6): Filières REP
https://www.ecologie.gouv.fr/sites/default/files/documents/REP%20-%20Rapport%20annuel%202025%20de%20la%20CIFREP_0.pdf
(7): Rapport_Complet_VFF - sircom - ajout FG - web
https://www.info.gouv.fr/upload/media/default/0001/01/2020_12_rapport_-_pour_une_politique_publique_de_la_donnee_-_23.12.2020__0.pdf
(8): Rapport_Complet_VFF - sircom - ajout FG - web
https://www.info.gouv.fr/upload/media/default/0001/01/2020_12_rapport_-_pour_une_politique_publique_de_la_donnee_-_23.12.2020_.pdf",85.0,sufficient,chroma_retrieval_experiment
France,I12,Impact,"Is any data on the impact created by open data on governmental challenges (e.g. efficiency, effectiveness, transparency, decision-making capacity) available in your country such as from research studies, impact assessments, or other systematic investigations that quantify the results or broader effects of open data being reused?

For Explanation:
* If yes, please (1) specify what kind of data source proves this impact and (2) provide the URLs to this data.","{'yes': 20, 'no': 0, ""i don't know"": 0}",yes,20.0,"Yes, France has documented evidence on the impact of open data on governmental challenges through research studies and systematic assessments. The data.gouv.fr platform has published a series of studies analyzing the impact of open data across multiple dimensions including governmental impact, social, economic, and environmental effects. These studies specifically assess how open data improves government efficiency, transparency, policy-making, and public services. Furthermore, the Open Data Impact program led by Fing critically evaluates the achievements over years and explores quantifiable outcomes of open data reuse. The French government has also initiated official efforts to measure impact, including organizing study days and creating tools to assess economic and democratic benefits from open data. This is supported by repeated European recognition of France as a leading open data country, indicating effective reuse and impact.

## Sources
(1): [Dossier] Ouverture des données publiques en France
https://labo.societenumerique.gouv.fr/fr/articles/dossier-ouverture-des-donn%C3%A9es-publiques-en-france-o%C3%B9-en-sommes-nous/
(2): La France classée première européenne en matière d' ...
https://www.data.gouv.fr/posts/la-france-classee-premiere-europeenne-en-matiere-dopen-data-pour-la-4e-annee-consecutive
(3): Impact des données ouvertes 1/6
https://www.data.gouv.fr/posts/impact-des-donnees-ouvertes-1-6
(4): Impact des données ouvertes 2/6
https://www.data.gouv.fr/posts/impact-des-donnees-ouvertes-2-6-1
(5): POUR UNE ACTION PUBLIQUE TRANSPARENTE ET COLLABORATIVE
https://www.etalab.gouv.fr/wp-content/uploads/2018/04/PlanOGP-FR-2018-2020-VF-FR.pdf
(6): Quelles actualités pour les données ouvertes en 2024 ?
https://www.data.gouv.fr/posts/quelles-actualites-pour-les-donnees-ouvertes-en-2024
(7): Impact des données ouvertes 3/6
https://www.data.gouv.fr/posts/impact-des-donnees-ouvertes-3-6-1
(8): Impact des données ouvertes 4/6
https://www.data.gouv.fr/posts/impact-des-donnees-ouvertes-4-6-1",0.9,sufficient,chroma_retrieval_experiment
France,I17,Impact,"Is any data on the impact created by open data on social challenges (e.g. inequality, healthcare, education) available in your country such as from research studies, impact assessments, or other systematic investigations that quantify the results or broader effects of open data being reused?

For Explanation:
* If yes, please (1) specify what kind of data source proves this impact and (2) provide the URLs to this data.","{'yes': 20, 'no': 0, ""i don't know"": 0}",yes,20.0,"Yes, France provides documented evidence of the impact of open data on social challenges through a systematic and multi-dimensional study conducted by data.gouv.fr. This study analyzes the effects of open data along four dimensions: governmental, social, economic, and environmental, with a specific focus on social impacts including inclusion, inequality reduction, health, and education. The assessment includes defined indicators to quantify outputs and outcomes, and the social impact analysis explicitly covers issues such as marginalized groups, urban housing, health, well-being, and education. This impact evaluation is presented as a series of articles that detail findings and methodologies, demonstrating concrete and purposeful measurement efforts. The research is part of ongoing national government initiatives to understand and enhance the value of open data reuse and its broader societal benefits. Key sources include the multi-part series “Impact des données ouvertes” published on data.gouv.fr, notably the 4th part dedicated to social impacts: https://www.data.gouv.fr/posts/impact-des-donnees-ouvertes-4-6-1 and the introductory overview: https://www.data.gouv.fr/posts/impact-des-donnees-ouvertes-1-6.

## Sources
(1): Impact des données ouvertes 1/6
https://www.data.gouv.fr/posts/impact-des-donnees-ouvertes-1-6
(2): La France classée première européenne en matière d' ...
https://www.data.gouv.fr/posts/la-france-classee-premiere-europeenne-en-matiere-dopen-data-pour-la-4e-annee-consecutive
(3): [Dossier] Ouverture des données publiques en France
https://labo.societenumerique.gouv.fr/fr/articles/dossier-ouverture-des-donn%C3%A9es-publiques-en-france-o%C3%B9-en-sommes-nous/
(4): Impact des données ouvertes 2/6
https://www.data.gouv.fr/posts/impact-des-donnees-ouvertes-2-6-1
(5): Impact des données ouvertes 4/6
https://www.data.gouv.fr/posts/impact-des-donnees-ouvertes-4-6-1
(6): Quelles actualités pour les données ouvertes en 2024 ?
https://www.data.gouv.fr/posts/quelles-actualites-pour-les-donnees-ouvertes-en-2024
(7): POUR UNE ACTION PUBLIQUE TRANSPARENTE ET COLLABORATIVE
https://www.etalab.gouv.fr/wp-content/uploads/2018/04/PlanOGP-FR-2018-2020-VF-FR.pdf
(8): Impact des données ouvertes 3/6
https://www.data.gouv.fr/posts/impact-des-donnees-ouvertes-3-6-1",90.0,sufficient,chroma_retrieval_experiment
France,I2,Impact,"Are there any processes in place to monitor the level of reuse of your country's open data?
 
For Explanation:
* If yes, please (1) briefly describe these processes and (2) provide the URLs to support the answer.","{'yes': 20, 'no': 0, ""i don't know"": 0}",yes,20.0,"Yes, France has established processes to monitor the reuse of its open data. The Open Data Maturity Report explicitly includes monitoring of reuse and impact under its 'Impact' dimension, which encompasses the tracking of reuses and evaluation of political, social, economic, and environmental impacts derived from open data. Data.gouv.fr's team actively performs studies measuring the impact of open data, documenting these along the same four dimensions. Furthermore, there are community engagement efforts such as forums and events that facilitate exchanges between data producers and reusers, indirectly supporting monitoring by fostering active reuse. Official methodologies and reports are publicly available that detail how this impact and reuse are identified and measured through structured evaluations and impact studies. URLs supporting these claims include data.gouv.fr posts detailing the Open Data Maturity Report and the impact study series: https://www.data.gouv.fr/posts/la-france-classee-premiere-europeenne-en-matiere-dopen-data-pour-la-4e-annee-consecutive and https://www.data.gouv.fr/posts/impact-des-donnees-ouvertes-2-6-1.

## Sources
(1): La France classée première européenne en matière d' ...
https://www.data.gouv.fr/posts/la-france-classee-premiere-europeenne-en-matiere-dopen-data-pour-la-4e-annee-consecutive
(2): La France classée 1e européenne et 2e mondiale en matière d'open data
https://www.data.gouv.fr/posts/la-france-classee-1e-europeenne-et-2e-mondiale-en-matiere-dopen-data
(3): Impact des données ouvertes 1/6
https://www.data.gouv.fr/posts/impact-des-donnees-ouvertes-1-6
(4): Impact des données ouvertes 2/6
https://www.data.gouv.fr/posts/impact-des-donnees-ouvertes-2-6-1
(5): La France à la première place du classement de l'OCDE en matière d’open data
https://www.data.gouv.fr/posts/la-france-a-la-premiere-place-du-classement-de-locde-en-matiere-dopen-data
(6): [Dossier] Ouverture des données publiques en France
https://labo.societenumerique.gouv.fr/fr/articles/dossier-ouverture-des-donn%C3%A9es-publiques-en-france-o%C3%B9-en-sommes-nous/
(7): Untitled source
https://documentation.insp.gouv.fr/digitalCollection/DigitalCollectionAttachmentDownloadHandler.ashx?documentId=401780&parentDocumentId=401779&skipCopyright=true&skipWatermark=true
(8): RAPPORT
https://drees.solidarites-sante.gouv.fr/sites/default/files/2021-01/rapport_final_commission_open_data-2.pdf",0.9,sufficient,chroma_retrieval_experiment
France,I27,Impact,"Is any data on the economic impact (e.g. GDP, employment, productivity, innovation,  new businesses created etc.) of open data available in your country such as from research studies, impact assessments, or other systematic investigations that quantify the results or broader effects of open data being reused?

For Explanation:
* If yes, please specify what kind of data source proves this impact and provide the URLs to this data.","{'yes': 20, 'no': 0, ""i don't know"": 0}",yes,20.0,"Yes, France provides documented evidence on the economic impact of open data reuse. The government’s data.gouv.fr platform publishes a detailed multi-part study series analyzing the impact of open data across four dimensions: governmental, social, economic, and environmental. This includes concrete methodologies for measuring economic effects such as innovation, productivity, and the creation of new businesses. The Open Data Maturity Report and related work include quantifiable indicators and systematic investigations into outputs, outcomes, and long-term impacts of open data use, highlighting real economic effects and improved market activity linked to data openness. Furthermore, France’s leadership position in European open data rankings underscores the maturity of these assessments and their integration into policymaking. These resources and studies are publicly accessible, providing a solid evidence base for economic impact assessment of open data in France.

## Sources
(1): Impact des données ouvertes 1/6
https://www.data.gouv.fr/posts/impact-des-donnees-ouvertes-1-6
(2): La France classée première européenne en matière d' ...
https://www.data.gouv.fr/posts/la-france-classee-premiere-europeenne-en-matiere-dopen-data-pour-la-4e-annee-consecutive
(3): [Dossier] Ouverture des données publiques en France
https://labo.societenumerique.gouv.fr/fr/articles/dossier-ouverture-des-donn%C3%A9es-publiques-en-france-o%C3%B9-en-sommes-nous/
(4): Impact des données ouvertes 2/6
https://www.data.gouv.fr/posts/impact-des-donnees-ouvertes-2-6-1
(5): Quelles actualités pour les données ouvertes en 2024 ?
https://www.data.gouv.fr/posts/quelles-actualites-pour-les-donnees-ouvertes-en-2024
(6): Impact des données ouvertes 3/6
https://www.data.gouv.fr/posts/impact-des-donnees-ouvertes-3-6-1
(7): Impact des données ouvertes 4/6
https://www.data.gouv.fr/posts/impact-des-donnees-ouvertes-4-6-1
(8): La France classée 1e européenne et 2e mondiale en matière d'open data
https://www.data.gouv.fr/posts/la-france-classee-1e-europeenne-et-2e-mondiale-en-matiere-dopen-data",95.0,sufficient,chroma_retrieval_experiment
France,I9,Impact,"Have any public bodies in your country launched or performed any activities in the past year to better understand reusers' needs in order to further stimulate the reuse of open data?

For Explanation:
* If yes, which of the following activities have been performed? Please describe how the activity has helped you better stimulate reuse.
* Multiple answers are possible.","{'yes': 40, 'no': 0, ""i don't know"": 0}",yes,40.0,"Yes, public bodies in France have actively conducted activities to better understand reusers' needs to stimulate open data reuse. Evidence shows that the French government has organized consultations and public debates, notably through Etalab, which has convened thematic debates and public consultation to improve the data.gouv.fr platform. These efforts aim to engage not only the existing open data community but also a broader audience, fostering participatory and contributive approaches, as mandated by the 2016 Digital Republic law that emphasizes open data by default. Additionally, workshops, hackathons, and webinars have been held to facilitate dialogue between data producers and reusers (e.g., via forum.data.gouv.fr and hackathons by Météo-France). The government’s national strategy includes creating engagement spaces and gathering feedback to shape future open data plans (such as the forthcoming 5th Open Government Plan) and improve impact measurement. These activities have enhanced the government's capacity to promote reuse by tailoring data release and support mechanisms to user needs, thereby sustaining and expanding France's leadership in open data within Europe.

## Sources
(1): Untitled source
https://www.documentation-administrative.gouv.fr/adm-01859191v1/document
(2): POUR UNE ACTION PUBLIQUE TRANSPARENTE ET COLLABORATIVE
https://www.etalab.gouv.fr/wp-content/uploads/2018/04/PlanOGP-FR-2018-2020-VF-FR.pdf
(3): Partenariat pour un Gouvernement Ouvert
https://www.modernisation.gouv.fr/files/2021-06/ogp_rapport_autoevalution_com_1.pdf
(4): Untitled source
https://documentation.insp.gouv.fr/digitalCollection/DigitalCollectionAttachmentDownloadHandler.ashx?documentId=401780&parentDocumentId=401779&skipCopyright=true&skipWatermark=true
(5): [Dossier] Ouverture des données publiques en France
https://labo.societenumerique.gouv.fr/fr/articles/dossier-ouverture-des-donn%C3%A9es-publiques-en-france-o%C3%B9-en-sommes-nous/
(6): La France classée première européenne en matière d' ...
https://www.data.gouv.fr/posts/la-france-classee-premiere-europeenne-en-matiere-dopen-data-pour-la-4e-annee-consecutive
(7): La France à la première place du classement de l'OCDE en matière d’open data
https://www.data.gouv.fr/posts/la-france-a-la-premiere-place-du-classement-de-locde-en-matiere-dopen-data
(8): Impacts potentiels de la réutilisation des données ouvertes : des cas d'usage à découvrir
    
    
      
      - Labo
https://labo.societenumerique.gouv.fr/fr/articles/impacts-potentiels-de-la-r%C3%A9utilisation-des-donn%C3%A9es-ouvertes-des-cas-dusage-%C3%A0-d%C3%A9couvrir/",90.0,sufficient,chroma_retrieval_experiment
France,P1,Policy,"Is there a national open data policy in your country and, if your country is an EU Member State, does this include a national legislation for the transposition of the Open Data Directive?

For Explanation:
* If yes, please provide (1) the URL and (2) title of the policy document and (3) briefly describe.
* If ‘other’, please provide (1) a brief explanation to support your answer choice and (2) provide the URL and indicate the policy section which explicitly references open data.","{'yes': 40, 'no': 0, 'other': 40}",yes,40.0,"Yes, France has a national open data policy grounded in historical legal frameworks and current strategies. The policy foundations date back to the 1978 law on access to administrative documents and were further developed with the 2005 ordinance transposing the EU directive on public sector information reuse. The government established the Etalab mission in 2011 to centralize and promote open data through the data.gouv.fr platform, aligned with a ministerial strategy involving the Ministry of Transformation and Digital and other key ministries. France also aligns its national legislation with the EU Open Data Directive (EU 2019/1024), which constitutes the European legal basis for public data reuse. French policies actively reflect this transposition and aim to balance openness with data protection as explained in judicial open data reports. This dual approach ensures France meets both the strategic and legal requirements for open data at a national level within the EU framework.

## Sources
(1): Untitled source
https://documentation.insp.gouv.fr/digitalCollection/DigitalCollectionAttachmentDownloadHandler.ashx?documentId=401780&parentDocumentId=401779&skipCopyright=true&skipWatermark=true
(2): Partenariat pour un Gouvernement Ouvert
https://www.modernisation.gouv.fr/files/2021-06/ogp_rapport_autoevalution_com_1.pdf
(3): Untitled source
https://www.documentation-administrative.gouv.fr/adm-01859191v1/document
(4): Quelles actualités pour les données ouvertes en 2024 ?
https://www.data.gouv.fr/posts/quelles-actualites-pour-les-donnees-ouvertes-en-2024
(5): Rapport_Complet_VFF - sircom - ajout FG - web
https://www.info.gouv.fr/upload/media/default/0001/01/2020_12_rapport_-_pour_une_politique_publique_de_la_donnee_-_23.12.2020__0.pdf
(6): Rapport_Complet_VFF - sircom - ajout FG - web
https://www.info.gouv.fr/upload/media/default/0001/01/2020_12_rapport_-_pour_une_politique_publique_de_la_donnee_-_23.12.2020_.pdf
(7): Mission Bothorel – Pour une politique publique de la donnée
https://www.info.gouv.fr/upload/media/default/0001/01/2020_12_rapport_-_pour_une_politique_publique_de_la_donnee_-_23.12.2020_.pdf
(8): Rapport sur l’évolution de l’open data des décisions de justice
https://www.justice.gouv.fr/sites/default/files/2025-08/rapport_oddj_2025.pdf",90.0,sufficient,chroma_retrieval_experiment
France,P13,Policy,"Is there a governance structure in place that enables the participation and/or inclusion of various open data stakeholders? 

For Explanation:
*  If yes, please briefly describe the governance structure and its operating model","{'yes': 40, 'no': 0}",yes,40.0,"Yes, France has established a clear governance structure to enable participation and inclusion of various open data stakeholders. The governance framework is anchored by two key bodies: the Conseil de gouvernance des données ouvertes, which provides strategic leadership aligned with international best practices and oversees the implementation of the open data strategy, and a consultative working group of public bodies that offers technical advice on open data. This governance model operates under the Ministry with a dedicated team within the Division of Reform, ensuring coordination and alignment across stakeholders. Additionally, efforts such as public forums (e.g., the 2018 Forum Open d’État) and partnerships with civil society organizations like the association Latitudes further facilitate stakeholder engagement. The national open data portal data.gouv.fr, managed by the DINUM, also exemplifies collaborative management involving broad ecosystem actors. Together, these elements reflect an inclusive, multi-actor governance model supporting France's open data policy.

## Sources
(1): Untitled source
https://www.documentation-administrative.gouv.fr/adm-01859191v1/document
(2): RAPPORT
https://drees.solidarites-sante.gouv.fr/sites/default/files/2021-01/rapport_final_commission_open_data-2.pdf
(3): Partenariat pour un Gouvernement Ouvert
https://www.modernisation.gouv.fr/files/2021-06/ogp_rapport_autoevalution_com_1.pdf
(4): La France confirme sa position de leader européen en ...
https://numerique.gouv.fr/sinformer/espace-presse/la-france-confirme-sa-position-de-leader-europ%C3%A9en-en-mati%C3%A8re-dopen-data-en-europe-pour-la-quatri%C3%A8me-ann%C3%A9e-cons%C3%A9cutive/
(5): Rapport_Complet_VFF - sircom - ajout FG - web
https://www.info.gouv.fr/upload/media/default/0001/01/2020_12_rapport_-_pour_une_politique_publique_de_la_donnee_-_23.12.2020__0.pdf
(6): Rapport_Complet_VFF - sircom - ajout FG - web
https://www.info.gouv.fr/upload/media/default/0001/01/2020_12_rapport_-_pour_une_politique_publique_de_la_donnee_-_23.12.2020_.pdf
(7): Mission Bothorel – Pour une politique publique de la donnée
https://www.info.gouv.fr/upload/media/default/0001/01/2020_12_rapport_-_pour_une_politique_publique_de_la_donnee_-_23.12.2020_.pdf
(8): MinistÃšre de la Transition Ã©cologique et de la CohÃ©sion des territoires : Feuille de route de la donnÃ©e, des algorithmes et des codes sources
https://portail.documentation.developpement-durable.gouv.fr/pub/MPDOUV00263251-feuille-route-donnee-des-algorithmes-des-codes-sou.html",0.0,sufficient,chroma_retrieval_experiment
France,P16,Policy,"To what degree do local/regional public bodies conduct open data initiatives? 

For Explanation:
* If not applicable, please explain why.","{'all public bodies': 20, 'the majority of public bodies': 15, 'approximately half of the public bodies': 10, 'few public bodies': 5, 'none of the public bodies': 0, 'not applicable': 20}",approximately half of the public bodies,10.0,"Partially, local and regional public bodies in France engaging in open data initiatives represent approximately half of these entities. The Observatoire Opendata des territoires (2020) highlights that all regions publish open data sets, while around 60% of departments actively engage in open data efforts. However, there is a significant gap with smaller territorial levels; nearly 90% of communes and intercommunal structures (EPCI) do not comply with their open data obligations, largely due to limited resources. This suggests a heterogeneous adoption of open data policies across local public bodies, with strong leadership by regions but weaker engagement among smaller territorial entities. The French government supports open data efforts via institutional frameworks such as Etalab and the platform data.gouv.fr, and programs like Opendatalocale help accompany municipalities and territories. Despite these supports, the breadth of adoption is not yet majority or universal among local and regional public bodies.

## Sources
(1): POUR UNE ACTION PUBLIQUE TRANSPARENTE ET COLLABORATIVE
https://www.etalab.gouv.fr/wp-content/uploads/2018/04/PlanOGP-FR-2018-2020-VF-FR.pdf
(2): Untitled source
https://www.documentation-administrative.gouv.fr/adm-01859191v1/document
(3): Partenariat pour un Gouvernement Ouvert
https://www.modernisation.gouv.fr/files/2021-06/ogp_rapport_autoevalution_com_1.pdf
(4): Rapport_Complet_VFF - sircom - ajout FG - web
https://www.info.gouv.fr/upload/media/default/0001/01/2020_12_rapport_-_pour_une_politique_publique_de_la_donnee_-_23.12.2020__0.pdf
(5): Rapport_Complet_VFF - sircom - ajout FG - web
https://www.info.gouv.fr/upload/media/default/0001/01/2020_12_rapport_-_pour_une_politique_publique_de_la_donnee_-_23.12.2020_.pdf
(6): Mission Bothorel – Pour une politique publique de la donnée
https://www.info.gouv.fr/upload/media/default/0001/01/2020_12_rapport_-_pour_une_politique_publique_de_la_donnee_-_23.12.2020_.pdf
(7): Untitled source
https://documentation.insp.gouv.fr/digitalCollection/DigitalCollectionAttachmentDownloadHandler.ashx?documentId=401780&parentDocumentId=401779&skipCopyright=true&skipWatermark=true
(8): Untitled source
https://www.documentation-administrative.gouv.fr/adm-01859330v1/document",90.0,sufficient,chroma_retrieval_experiment
France,P2,Policy,"Is there a national open data strategy in your country?

For Explanation:
* If yes, please provide (1) the URL to the strategy and (2) describe the main highlights.  
* If 'not applicable', please provide (1) a brief explanation to support your answer choice and provide (2) the URL and indicate the policy section which explicitly references objectives, actions/measures, delivery timelines etc.","{'yes': 40, 'no': 0, 'not applicable': 40}",yes,40.0,"Yes, France has a national open data strategy articulated within its broader public data policy framework. The Mission Bothorel report titled ""Pour une politique publique de la donnée"" (December 2020) serves as an official strategic document that delineates the state of data-related public policy, identifies gaps, and formulates recommendations specifically for the opening of public data and public source codes. This report further outlines governance mechanisms, technical and human resource needs, and proposes a doctrine for data of general interest, including sharing between private and public sectors. Although it is embedded within the general data policy, open data is substantively included with clear objectives and action points documented. The report is available at https://www.info.gouv.fr/upload/media/default/0001/01/2020_12_rapport_-_pour_une_politique_publique_de_la_donnee_-_23.12.2020_.pdf.

## Sources
(1): Untitled source
https://www.documentation-administrative.gouv.fr/adm-01859191v1/document
(2): Rapport_Complet_VFF - sircom - ajout FG - web
https://www.info.gouv.fr/upload/media/default/0001/01/2020_12_rapport_-_pour_une_politique_publique_de_la_donnee_-_23.12.2020__0.pdf
(3): Rapport_Complet_VFF - sircom - ajout FG - web
https://www.info.gouv.fr/upload/media/default/0001/01/2020_12_rapport_-_pour_une_politique_publique_de_la_donnee_-_23.12.2020_.pdf
(4): Mission Bothorel – Pour une politique publique de la donnée
https://www.info.gouv.fr/upload/media/default/0001/01/2020_12_rapport_-_pour_une_politique_publique_de_la_donnee_-_23.12.2020_.pdf",90.0,sufficient,chroma_retrieval_experiment
France,P22,Policy,"Do data publication plans exist at public body level?

For Explanation:
* If yes, please provide the URL and briefly highlight the key aspects covered.","{'yes': 20, 'no': 0}",yes,20.0,"Yes, data publication plans exist at the public body level in France. The legal foundation includes the law adopted on 4 March 2019 on data sharing and governance, which mandates progress in open data sharing and reuse by public bodies. This is complemented by specific obligations stemming from decrees and legislation such as the ordinances and decrees on public procurement data and the obligation for administrations to publish updated databases of interest to economic, social, health, or environmental sectors pursuant to the code of relations between the public and administration. Additionally, official guidance and best practices for data management and open data publication are promoted through strategic reports and continuous updates on tools, audits, and forums facilitating open data uptake. These measures collectively confirm that structured data publication planning at the public body level is formalized and operational in France.

## Sources
(1): Untitled source
https://www.documentation-administrative.gouv.fr/adm-01859191v1/document
(2): Untitled source
https://www.documentation-administrative.gouv.fr/adm-01859330v1/document
(3): L'obligation de publication [Guide juridique pour les données localisées des autorités publiques]
http://formations-geomatiques.developpement-durable.gouv.fr/NAT009/ADL/Aspects_Juridique/co/20a2_Publier.html
(4): Rapport_Complet_VFF - sircom - ajout FG - web
https://www.info.gouv.fr/upload/media/default/0001/01/2020_12_rapport_-_pour_une_politique_publique_de_la_donnee_-_23.12.2020__0.pdf
(5): Rapport_Complet_VFF - sircom - ajout FG - web
https://www.info.gouv.fr/upload/media/default/0001/01/2020_12_rapport_-_pour_une_politique_publique_de_la_donnee_-_23.12.2020_.pdf
(6): Mission Bothorel – Pour une politique publique de la donnée
https://www.info.gouv.fr/upload/media/default/0001/01/2020_12_rapport_-_pour_une_politique_publique_de_la_donnee_-_23.12.2020_.pdf",90.0,sufficient,chroma_retrieval_experiment
France,P24,Policy,"Are there processes to ensure that the open data policies/strategy previously mentioned are updated and revised as needed?

For explanation:
* If yes, please describe the process and any recent updates made to strategy/policy","{'yes': 20, 'no': 0}",yes,20.0,"Yes, France has established formal processes to ensure that its open data policies and strategies are regularly updated and revised. The open data policy is supported by legislative frameworks such as the 2019 law on data sharing and governance, which sets structural grounds for ongoing improvements. Regular actions including annual reporting, continuous collaboration with stakeholders, and updates to the national open data portal (data.gouv.fr) demonstrate an institutionalized review and update cycle. Additionally, ministries are required to produce and update their own data roadmaps, supported by a network of appointed Data Administrators responsible for proposing these strategic updates. The existence of updated roadmaps submitted by ministries and annual national action plans underpin a dynamic mechanism for revision and responsiveness to evolving needs. These processes ensure that the open data policy remains relevant and adapts to emerging priorities and technological trends.

## Sources
(1): Untitled source
https://www.documentation-administrative.gouv.fr/adm-01859191v1/document
(2): Partenariat pour un Gouvernement Ouvert
https://www.modernisation.gouv.fr/files/2021-06/ogp_rapport_autoevalution_com_1.pdf
(3): Untitled source
https://documentation.insp.gouv.fr/digitalCollection/DigitalCollectionAttachmentDownloadHandler.ashx?documentId=401780&parentDocumentId=401779&skipCopyright=true&skipWatermark=true
(4): Untitled source
https://www.documentation-administrative.gouv.fr/adm-01859328v1/document
(5): Les données publiques, un outil pour les services publics ? | DITP
https://www.modernisation.gouv.fr/publications/les-donnees-publiques-un-outil-pour-les-services-publics
(6): Rapport_Complet_VFF - sircom - ajout FG - web
https://www.info.gouv.fr/upload/media/default/0001/01/2020_12_rapport_-_pour_une_politique_publique_de_la_donnee_-_23.12.2020__0.pdf
(7): Rapport_Complet_VFF - sircom - ajout FG - web
https://www.info.gouv.fr/upload/media/default/0001/01/2020_12_rapport_-_pour_une_politique_publique_de_la_donnee_-_23.12.2020_.pdf
(8): Mission Bothorel – Pour une politique publique de la donnée
https://www.info.gouv.fr/upload/media/default/0001/01/2020_12_rapport_-_pour_une_politique_publique_de_la_donnee_-_23.12.2020_.pdf",90.0,sufficient,chroma_retrieval_experiment
France,P3,Policy,"Is there an open data policy/strategy at regional or local level?

For Explanation:
* If yes, please (1) provide the URL and (2) title of the document(s) and (3) briefly describe.","{'yes': 20, 'no': 0, 'not applicable': 20}",no,0.0,"No evidence was found of a formal open data policy or strategy at the regional or local level in France based on the provided documents. The available sources focus primarily on national-level policies, such as the role of the Ministry of Transformation and Public Service, Etalab, and the national portal data.gouv.fr, which coordinate and implement open data initiatives nationally. The reports highlight that data opening decisions are often made internally within ministries without an overarching doctrine, but this primarily references national administrative layers. There are indications of coordination attempts with territorial authorities in ecological and cohesion policies, yet no dedicated regional or municipal open data policy documents or strategies were identified or linked. Thus, the evidence supports the absence of documented regional or local open data policies or strategies.

## Sources
(1): Rapport_Complet_VFF - sircom - ajout FG - web
https://www.info.gouv.fr/upload/media/default/0001/01/2020_12_rapport_-_pour_une_politique_publique_de_la_donnee_-_23.12.2020__0.pdf
(2): Rapport_Complet_VFF - sircom - ajout FG - web
https://www.info.gouv.fr/upload/media/default/0001/01/2020_12_rapport_-_pour_une_politique_publique_de_la_donnee_-_23.12.2020_.pdf
(3): Mission Bothorel – Pour une politique publique de la donnée
https://www.info.gouv.fr/upload/media/default/0001/01/2020_12_rapport_-_pour_une_politique_publique_de_la_donnee_-_23.12.2020_.pdf
(4): Untitled source
https://www.documentation-administrative.gouv.fr/adm-01859191v1/document
(5): Partenariat pour un Gouvernement Ouvert
https://www.modernisation.gouv.fr/files/2021-06/ogp_rapport_autoevalution_com_1.pdf
(6): La France confirme sa position de leader européen en ...
https://numerique.gouv.fr/sinformer/espace-presse/la-france-confirme-sa-position-de-leader-europ%C3%A9en-en-mati%C3%A8re-dopen-data-en-europe-pour-la-quatri%C3%A8me-ann%C3%A9e-cons%C3%A9cutive/
(7): MinistÃšre de la Transition Ã©cologique et de la CohÃ©sion des territoires : Feuille de route de la donnÃ©e, des algorithmes et des codes sources
https://portail.documentation.developpement-durable.gouv.fr/pub/MPDOUV00263251-feuille-route-donnee-des-algorithmes-des-codes-sou.html",90.0,sufficient,chroma_retrieval_experiment
France,P4,Policy,"Does the national strategy/policy include an action plan with measures to be implemented in the open data field?

For Explanation:
If yes, please briefly describe the main measures described by the action plan.","{'yes': 20, 'no': 0}",yes,20.0,"Yes, France's national open data strategy includes a formal, institutionalized national action plan covering the 2024-2026 period. This 4th National Action Plan for Open Government, developed under the Ministry of Democratic Renewal, builds on a co-construction methodology involving stakeholders to define and implement specific commitments. The plan is characterized by clear accountability mechanisms and aims to deepen democratic renewal while supporting open data objectives. Additionally, ministerial roadmaps and operational measures accompany this action plan to accelerate data openness, transparency, and public participation. This coordinated approach is reinforced by governance structures such as data committees and ethics advisory bodies, ensuring strategic oversight and implementation of open data policies.

## Sources
(1): Plan d'action national pour la France 2024-2026
https://www.modernisation.gouv.fr/files/2024-03/Plan_Action_National_2024_2026_0.pdf
(2): Plan d’action national pour la France 2024-2026
https://www.modernisation.gouv.fr/files/2024-03/Plan_Action_National_2024_2026_0.pdf
(3): Politique des données, des algorithmes et des codes sources
https://www.enseignementsup-recherche.gouv.fr/sites/default/files/2021-09/la-feuille-de-route-2021-2024-du-mesri-relative-la-politique-des-donn-es-des-algorithmes-et-des-codes-sources-12965.pdf
(4): Plan d’action 2024-2027
https://www.education.gouv.fr/sites/default/files/document/Plan%20d%E2%80%99action%202024-2027%20pour%20une%20politique%20ambitieuse%20de%20la%20donn%C3%A9e%20au%20service%20de%20l%E2%80%99%C3%A9ducation%20nationale%2C%20de%20la%20jeunesse%20et%20des%20sports-401238.pdf
(5): Partenariat pour un Gouvernement Ouvert
https://www.modernisation.gouv.fr/files/2021-06/ogp_rapport_autoevalution_com_1.pdf
(6): Untitled source
https://www.documentation-administrative.gouv.fr/adm-01859191v1/document
(7): Untitled source
https://documentation.insp.gouv.fr/digitalCollection/DigitalCollectionAttachmentDownloadHandler.ashx?documentId=401780&parentDocumentId=401779&skipCopyright=true&skipWatermark=true
(8): Le plan d’action national 2021-2023 pour un gouvernement ouvert | DITP
https://www.modernisation.gouv.fr/publications/le-plan-daction-national-2021-2023-pour-un-gouvernement-ouvert",90.0,sufficient,chroma_retrieval_experiment
Germany,I1,Impact,"Do you have a definition of open data reuse in your country?
 
For Explanation:
* If yes, please specify it.","{'yes': 20, 'no': 0}",yes,20.0,"Yes, Germany has an explicit near-explicit definition of open data reuse. According to the Federal Administration's open data FAQ, Open (Government) Data are defined as data made publicly accessible in an open, machine-readable format for as unrestricted reuse as possible. This definition explicitly emphasizes reuse as a core component of open data provision. Furthermore, the legal framework under § 12a of the E-Government Act mandates the publication of all suitable authority data for reuse, reinforcing the concept of methodical reuse. Additionally, the Open Data Handbook highlights the importance of understanding various forms of usage to shape objectives, implicitly supporting reuse as a purposeful activity. The Data Ethics Commission's report also discusses the ethical considerations around reuse, particularly when data are provided free to commercial actors, evidencing further conceptual engagement with reuse in policy contexts. Collectively, these sources confirm Germany's formal understanding of open data reuse.

## Sources
(1): Häufig gestellte Fragen
https://www.bva.bund.de/SharedDocs/Downloads/DE/Behoerden/Beratung/Methoden/open_data_faq.pdf?__blob=publicationFile&v=4
(2): Open Data Handbuch
https://www.bva.bund.de/SharedDocs/Downloads/DE/Behoerden/Beratung/Methoden/open_data_handbuch.pdf?__blob=publicationFile&v=8
(3): 30. Tätigkeitsbericht zum Datenschutz und zur Informationsfreiheit
https://www.bfdi.bund.de/SharedDocs/Downloads/DE/Taetigkeitsberichte/30TB_21.pdf?__blob=publicationFile&v=7
(4): Tätigkeitsbericht 2021 - BfDI - Bundesportal
https://www.bfdi.bund.de/SharedDocs/Downloads/DE/Taetigkeitsberichte/30TB_21.pdf?__blob=publicationFile&v=7
(5): Gutachten der Datenethikkommission
https://www.bmi.bund.de/SharedDocs/downloads/DE/publikationen/themen/it-digitalpolitik/gutachten-datenethikkommission.pdf?__blob=publicationFile&v=6",0.9,sufficient,chroma_retrieval_experiment
Germany,I10,Impact,"Have any public bodies in your country developed any systematic way of gathering reuse cases?

For Explanation:
* If yes, please provide a brief explanation of the process: How does the gathering happen?","{'yes': 20, 'no': 0, ""i don't know"": 0}",yes,20.0,"Yes, public bodies in Germany have developed systematic approaches to gathering reuse cases, particularly through ex-post Praxischecks conducted by government bodies. These Praxischecks involve the examination of specific use cases, where practitioners report on bureaucratic hurdles based on concrete practice examples, providing structured insights into data reuse and administrative impacts. For instance, the Praxischeck on the Energiedienstleistungsgesetz engaged auditors and the Bundesamt für Wirtschaft und Ausfuhrkontrolle in verifying practical applicability before legislative adjustments. This indicates a recurring process rather than isolated examples. Additionally, systematic needs assessments and data analyses supported by IT tools, such as the Bedarfserhebungstool (BET) used by federal procurement agencies, demonstrate structured data collection and evaluation mechanisms. Thus, Germany employs both targeted ex-post evaluations and an integrated IT-driven assessment framework to systematically gather evidence of reuse and practical impacts across public administration sectors.

## Sources
(1): Wirksam und praxisnah regieren durch Evaluierung und Praxischecks
https://www.normenkontrollrat.bund.de/Webs/NKR/SharedDocs/Downloads/DE/Gutachten/2026-evaluierungsgutachten.pdf?__blob=publicationFile&v=3
(2): Tätigkeitsbericht 2021 - BfDI - Bundesportal
https://www.bfdi.bund.de/SharedDocs/Downloads/DE/Taetigkeitsberichte/30TB_21.pdf?__blob=publicationFile&v=7
(3): Beschaffungsamt  -  uberBET
https://www.bescha.bund.de/DE/ElektronischerEinkauf/Bedarfserhebungstool_BET/UeberBET/UeberBET_node.html
(4): Metastudie: Nachhaltigkeitseffekte der Digitalisierung
https://www.bmftr.bund.de/SharedDocs/Downloads/DE/2024/24_02_14_nachhaltigkeitseffekte_digitalisierung.pdf?__blob=publicationFile&v=5
(5): Arbeitspapier zum Thema „Smart Cities“
https://www.bfdi.bund.de/SharedDocs/Downloads/DE/Berlin-Group/20230608_WP-Smart-Cities.pdf?__blob=publicationFile&v=2
(6): Gutachten der Datenethikkommission
https://www.bmi.bund.de/SharedDocs/downloads/DE/publikationen/themen/it-digitalpolitik/gutachten-datenethikkommission.pdf?__blob=publicationFile&v=6
(7): Untitled source
https://www.bbsr.bund.de/BBSR/DE/veroeffentlichungen/bbsr-online/2024/bbsr-online-96-2024-dl.pdf;jsessionid=D6F1E3AF076A6679879714C6B32FA3C2.live11291?__blob=publicationFile&v=2
(8): Gute Gesetze. Digitale Verwaltung. Weniger Bürokratie.
https://www.normenkontrollrat.bund.de/Webs/NKR/SharedDocs/Downloads/DE/Jahresberichte/2024-jahresbericht.pdf?__blob=publicationFile&v=3",90.0,sufficient,chroma_retrieval_experiment
Germany,I12,Impact,"Is any data on the impact created by open data on governmental challenges (e.g. efficiency, effectiveness, transparency, decision-making capacity) available in your country such as from research studies, impact assessments, or other systematic investigations that quantify the results or broader effects of open data being reused?

For Explanation:
* If yes, please (1) specify what kind of data source proves this impact and (2) provide the URLs to this data.","{'yes': 20, 'no': 0, ""i don't know"": 0}",yes,20.0,"Yes, Germany has documented evidence of the impact created by open data reuse on governmental challenges. The Open Data Handbuch outlines the fundamental paradigm shift in public data handling that aims to proactively publish data accessible to the public, thus fostering transparency and efficiency in government. Additionally, the national metadata portal GovData facilitates the discovery and unified access to open data from federal, state, and municipal levels, ensuring interoperability with the European Data Portal through the DCAT-AP.de standard. These initiatives are part of an ongoing evaluation process, as open data measures from various action plans at different government levels are regularly assessed for their contribution to transparency, citizen participation, and better governmental decision-making. This systematic approach to monitoring, standardization, and impact evaluation constitutes concrete evidence of the results and broader effects of open data reuse in Germany.

## Sources
(1): Open Data Handbuch
https://www.bva.bund.de/SharedDocs/Downloads/DE/Behoerden/Beratung/Methoden/open_data_handbuch.pdf?__blob=publicationFile&v=8
(2): Homepage - Bekanntmachung  -  BMFTR
https://www.bmftr.bund.de/SharedDocs/Bekanntmachungen/DE/2023/10/2023-10-13-Bekanntmachung-Datentreuhandmodelle.html
(3): Open Data
https://bmds.bund.de/themen/digitale-wirtschaft/daten/open-data
(4): Open Data - BMDS - Bundesportal
https://bmds.bund.de/themen/digitale-wirtschaft/daten/open-data",1.0,sufficient,chroma_retrieval_experiment
Germany,I17,Impact,"Is any data on the impact created by open data on social challenges (e.g. inequality, healthcare, education) available in your country such as from research studies, impact assessments, or other systematic investigations that quantify the results or broader effects of open data being reused?

For Explanation:
* If yes, please (1) specify what kind of data source proves this impact and (2) provide the URLs to this data.","{'yes': 20, 'no': 0, ""i don't know"": 0}",yes,20.0,"Yes, Germany has data on the impact of open data on social challenges documented through official reports and government initiatives. The federal Federal Commissioner for Data Protection and Freedom of Information (BfDI) 30th Activity Report outlines the realized economic potential from open data, including benefits for civil society and ecological initiatives, indicating social and economic impact. It highlights efficiency gains in administration and possible reductions in administrative burdens, which can have significant social benefits. Moreover, the Federal Administration Office (BVA) highlights open data applications improving areas such as healthcare quality and environmental protection, illustrating concrete societal impacts. The ongoing Open Data Forum and the associated competence center promote collaboration and knowledge exchange focused on societal benefits including health and environment. Relevant evidence is available through official government publications and the BVA's info portals. Sources include the BfDI activity report PDF and the BVA Open Data initiative pages:
https://www.bfdi.bund.de/SharedDocs/Downloads/DE/Taetigkeitsberichte/30TB_21.pdf
https://www.bva.bund.de/DE/Services/Behoerden/Beratung/OpenData/Meldungen/Aktuelles/2026/BB-ODM25.html
https://www.bva.bund.de/SharedDocs/Kurzmeldungen/DE/Behoerden/Beratung/OpenData/Aktuelles/2024/Vorstellung_2024.html

## Sources
(1): Open Government - GovData
https://www.govdata.de/informationen/open-government
(2): Open Government
https://www.govdata.de/informationen/open-government
(3): Open Data Handbuch
https://www.bva.bund.de/SharedDocs/Downloads/DE/Behoerden/Beratung/Methoden/open_data_handbuch.pdf?__blob=publicationFile&v=8
(4): BVA  -  Alle Meldungen - Open Data im Aufschwung
https://www.bva.bund.de/DE/Services/Behoerden/Beratung/OpenData/Meldungen/Aktuelles/2026/BB-ODM25.html
(5): 30. Tätigkeitsbericht zum Datenschutz und zur Informationsfreiheit
https://www.bfdi.bund.de/SharedDocs/Downloads/DE/Taetigkeitsberichte/30TB_21.pdf?__blob=publicationFile&v=7
(6): Tätigkeitsbericht 2021 - BfDI - Bundesportal
https://www.bfdi.bund.de/SharedDocs/Downloads/DE/Taetigkeitsberichte/30TB_21.pdf?__blob=publicationFile&v=7
(7): Homepage - Bekanntmachung  -  BMFTR
https://www.bmftr.bund.de/SharedDocs/Bekanntmachungen/DE/2023/10/2023-10-13-Bekanntmachung-Datentreuhandmodelle.html
(8): BVA  -  Aktuelles - Aktuelles aus dem Kompetenzzentrum Open Data (CCOD)
https://www.bva.bund.de/SharedDocs/Kurzmeldungen/DE/Behoerden/Beratung/OpenData/Aktuelles/2024/Vorstellung_2024.html",90.0,sufficient,chroma_retrieval_experiment
Germany,I2,Impact,"Are there any processes in place to monitor the level of reuse of your country's open data?
 
For Explanation:
* If yes, please (1) briefly describe these processes and (2) provide the URLs to support the answer.","{'yes': 20, 'no': 0, ""i don't know"": 0}",no,0.0,"No explicit processes or methodologies to monitor the actual reuse of open data in Germany are described in the available evidence. While Germany has established a national metadata portal, GovData, which facilitates the findability and standardized description of open data from federal, state, and local levels through the use of the DCAT-AP.de standard, this mainly supports data interoperability and accessibility rather than tracking reuse. The Open Data Handbook and accompanying documents highlight goals for open data and data quality requirements but do not specify any monitoring mechanisms or reuse impact assessments. The evidence mentions regular evaluation of open data initiatives but does not detail concrete systems or dashboards that measure the extent of data reuse by users or applications. Hence, there is no clear indication of dedicated processes to monitor open data reuse.

## Sources
(1): Open Data
https://bmds.bund.de/themen/digitale-wirtschaft/daten/open-data
(2): Open Data - BMDS - Bundesportal
https://bmds.bund.de/themen/digitale-wirtschaft/daten/open-data
(3): Open Data Handbuch
https://www.bva.bund.de/SharedDocs/Downloads/DE/Behoerden/Beratung/Methoden/open_data_handbuch.pdf?__blob=publicationFile&v=8
(4): Anforderung an die Daten
https://www.bva.bund.de/SharedDocs/Downloads/DE/Behoerden/Beratung/Methoden/open_data_anforderungen_daten.pdf?__blob=publicationFile&v=2",0.9,sufficient,chroma_retrieval_experiment
Germany,I27,Impact,"Is any data on the economic impact (e.g. GDP, employment, productivity, innovation,  new businesses created etc.) of open data available in your country such as from research studies, impact assessments, or other systematic investigations that quantify the results or broader effects of open data being reused?

For Explanation:
* If yes, please specify what kind of data source proves this impact and provide the URLs to this data.","{'yes': 20, 'no': 0, ""i don't know"": 0}",yes,20.0,"Yes, economic impact data demonstrating the reuse of open data in Germany is available through official reports and strategies. The 30th Tätigkeitsbericht zum Datenschutz und Informationsfreiheit highlights expected economic benefits including new app development, growth in data-driven solutions, and job creation linked to open data reuse. It also describes efficiency gains in public administration that potentially reduce administrative burdens and positively affect taxpayers. Furthermore, the Open Data Handbuch and GovData platform provide frameworks for capturing open data benefits, emphasizing innovation and business opportunities. Though quantitative GDP or employment figures are not explicitly detailed in the sources, these official documents and assessments recognize and anticipate measurable economic and productivity impacts stemming from open data initiatives.

## Sources
(1): 30. Tätigkeitsbericht zum Datenschutz und zur Informationsfreiheit
https://www.bfdi.bund.de/SharedDocs/Downloads/DE/Taetigkeitsberichte/30TB_21.pdf?__blob=publicationFile&v=7
(2): Tätigkeitsbericht 2021 - BfDI - Bundesportal
https://www.bfdi.bund.de/SharedDocs/Downloads/DE/Taetigkeitsberichte/30TB_21.pdf?__blob=publicationFile&v=7
(3): BVA  -  Alle Meldungen - Open Data im Aufschwung
https://www.bva.bund.de/DE/Services/Behoerden/Beratung/OpenData/Meldungen/Aktuelles/2026/BB-ODM25.html
(4): Mehr Leistung für Bürger und Unternehmen: Verwaltung digitalisieren. Register modernisieren.
https://www.normenkontrollrat.bund.de/Webs/NKR/SharedDocs/Downloads/DE/Gutachten/2017-nkr-gutachten-registermodernisierung.pdf?__blob=publicationFile&v=2
(5): Open Government Data - GovData
https://www.govdata.de/informationen/datenbereitsteller
(6): Open Government - GovData
https://www.govdata.de/informationen/open-government
(7): Open Government
https://www.govdata.de/informationen/open-government
(8): Open Data Handbuch
https://www.bva.bund.de/SharedDocs/Downloads/DE/Behoerden/Beratung/Methoden/open_data_handbuch.pdf?__blob=publicationFile&v=8",0.9,sufficient,chroma_retrieval_experiment
Germany,I9,Impact,"Have any public bodies in your country launched or performed any activities in the past year to better understand reusers' needs in order to further stimulate the reuse of open data?

For Explanation:
* If yes, which of the following activities have been performed? Please describe how the activity has helped you better stimulate reuse.
* Multiple answers are possible.","{'yes': 40, 'no': 0, ""i don't know"": 0}",yes,40.0,"Yes, public bodies in Germany have undertaken activities in the past year to better understand reusers' needs and stimulate the reuse of open data. The establishment and ongoing evaluation of initiatives like the national metadata portal GovData illustrate efforts to improve data discoverability and standardization through the DCAT-AP.de metadata standard, which facilitates interoperability and reuse across administrations. Furthermore, the Open Data Strategy and reports such as the 30th Activity Report of the Federal Commissioner for Data Protection document ongoing engagements, including dialogue with civil society and refinement of Open Data policies to embed the “open by default” principle. These engagements reflect consultations and user-oriented approaches aimed at expanding open data availability, quality, and practical reusability. Together, these activities demonstrate active steps to assess and respond to user needs, enhancing both governmental and societal benefits from open data reuse.

## Sources
(1): Open Data Handbuch
https://www.bva.bund.de/SharedDocs/Downloads/DE/Behoerden/Beratung/Methoden/open_data_handbuch.pdf?__blob=publicationFile&v=8
(2): Open Data
https://bmds.bund.de/themen/digitale-wirtschaft/daten/open-data
(3): Open Data - BMDS - Bundesportal
https://bmds.bund.de/themen/digitale-wirtschaft/daten/open-data
(4): BVA  -  Open Data einführen
https://www.bva.bund.de/DE/Services/Behoerden/Beratung/OpenData/ODK_Leitfaden/2_OpenData_Einfuehrung/einfuehrung_node.html
(5): 30. Tätigkeitsbericht zum Datenschutz und zur Informationsfreiheit
https://www.bfdi.bund.de/SharedDocs/Downloads/DE/Taetigkeitsberichte/30TB_21.pdf?__blob=publicationFile&v=7
(6): Tätigkeitsbericht 2021 - BfDI - Bundesportal
https://www.bfdi.bund.de/SharedDocs/Downloads/DE/Taetigkeitsberichte/30TB_21.pdf?__blob=publicationFile&v=7",90.0,sufficient,chroma_retrieval_experiment
Germany,P1,Policy,"Is there a national open data policy in your country and, if your country is an EU Member State, does this include a national legislation for the transposition of the Open Data Directive?

For Explanation:
* If yes, please provide (1) the URL and (2) title of the policy document and (3) briefly describe.
* If ‘other’, please provide (1) a brief explanation to support your answer choice and (2) provide the URL and indicate the policy section which explicitly references open data.","{'yes': 40, 'no': 0, 'other': 40}",yes,40.0,"Yes, Germany has a national open data policy established through the Datennutzungsgesetz (DNG), which came into force in July 2021. This law transposes the EU Open Data Directive (Directive (EU) 2019/1024) into national legislation, regulating the reuse of public sector data for economic, scientific, and social purposes. The DNG emphasizes the provision of dynamic (real-time) datasets and high-value datasets with significant socio-economic potential. The German Federal Ministry of Digital and Transport (BMDS) explicitly references this policy and the relevant EU Implementing Regulation (DVO-HVD) that sets conditions for the publication and reuse of high-value datasets from public authorities. This confirms Germany’s compliance with EU open data frameworks, supported by activities to expand the legal scope and improve public data accessibility. Hence, Germany maintains a formal, comprehensive national open data policy fully aligned with EU directives, reflecting a strong legal and strategic foundation for open data governance.

## Sources
(1): Open Data Handbuch
https://www.bva.bund.de/SharedDocs/Downloads/DE/Behoerden/Beratung/Methoden/open_data_handbuch.pdf?__blob=publicationFile&v=8
(2): Hochwertige Datensätze
https://www.govdata.de/informationen/hochwertige-datensaetze
(3): Hochwertige Datensätze - GovData
https://www.govdata.de/informationen/hochwertige-datensaetze
(4): Gutachten der Datenethikkommission
https://www.bmi.bund.de/SharedDocs/downloads/DE/publikationen/themen/it-digitalpolitik/gutachten-datenethikkommission.pdf?__blob=publicationFile&v=6
(5): 30. Tätigkeitsbericht zum Datenschutz und zur Informationsfreiheit
https://www.bfdi.bund.de/SharedDocs/Downloads/DE/Taetigkeitsberichte/30TB_21.pdf?__blob=publicationFile&v=7
(6): Tätigkeitsbericht 2021 - BfDI - Bundesportal
https://www.bfdi.bund.de/SharedDocs/Downloads/DE/Taetigkeitsberichte/30TB_21.pdf?__blob=publicationFile&v=7
(7): Open Data
https://bmds.bund.de/themen/digitale-wirtschaft/daten/open-data
(8): Open Data - BMDS - Bundesportal
https://bmds.bund.de/themen/digitale-wirtschaft/daten/open-data",95.0,sufficient,chroma_retrieval_experiment
Germany,P13,Policy,"Is there a governance structure in place that enables the participation and/or inclusion of various open data stakeholders? 

For Explanation:
*  If yes, please briefly describe the governance structure and its operating model","{'yes': 40, 'no': 0}",yes,40.0,"Yes, Germany has governance structures that enable participation and inclusion of various open data stakeholders. The Open Data Handbuch highlights that open data serves as a core component of Open Government, creating foundations for transparency, participation, and cooperation. It emphasizes a meaningful dialogue between society and administration, where societal inputs are genuinely considered, fostering broader acceptance and collaboration beyond administrative boundaries. Moreover, the legal framework, specifically § 12a EGovG, mandates the publication of suitable public data by federal authorities, indicating formal governance and coordination mechanisms. The involvement of citizens, businesses, and public entities working together on solutions shows an operational model that integrates diverse stakeholders to leverage open data effectively. This combination of legal provisions, participatory processes, and structured dialogue confirms Germany’s comprehensive governance approach for open data.

## Sources
(1): Open Data Handbuch
https://www.bva.bund.de/SharedDocs/Downloads/DE/Behoerden/Beratung/Methoden/open_data_handbuch.pdf?__blob=publicationFile&v=8
(2): Gutachten der Datenethikkommission
https://www.bmi.bund.de/SharedDocs/downloads/DE/publikationen/themen/it-digitalpolitik/gutachten-datenethikkommission.pdf?__blob=publicationFile&v=6
(3): Datenstrategien für die gemeinwohlorientierte Stadtentwicklung
https://www.bbsr.bund.de/BBSR/DE/veroeffentlichungen/sonderveroeffentlichungen/2021/datenstrategien-gemeinwohl-stadtentwicklung-dl.pdf?__blob=publicationFile&v=2
(4): Häufig gestellte Fragen
https://www.bva.bund.de/SharedDocs/Downloads/DE/Behoerden/Beratung/Methoden/open_data_faq.pdf?__blob=publicationFile&v=4",90.0,sufficient,chroma_retrieval_experiment
Germany,P16,Policy,"To what degree do local/regional public bodies conduct open data initiatives? 

For Explanation:
* If not applicable, please explain why.","{'all public bodies': 20, 'the majority of public bodies': 15, 'approximately half of the public bodies': 10, 'few public bodies': 5, 'none of the public bodies': 0, 'not applicable': 20}",the majority of public bodies,15.0,"Yes, the majority of local and regional public bodies in Germany conduct open data initiatives. The national metadata portal GovData aggregates open data from federal, state, and municipal administrations, indicating widespread participation across various territorial levels. This portal ensures quality and interoperability standards via DCAT-AP.de, facilitating broad data publication and reuse by local and regional bodies. Furthermore, Germany’s open data efforts are supported by structured frameworks such as action plans involving multiple layers of government, which promote transparency and citizen engagement. While explicit detailed figures on exact proportions of all local/regional bodies are absent, the systemic integration of local and regional public bodies through recognized platforms and regular evaluations strongly supports the presence of open data initiatives in the majority of these entities.

## Sources
(1): Open Data Handbuch
https://www.bva.bund.de/SharedDocs/Downloads/DE/Behoerden/Beratung/Methoden/open_data_handbuch.pdf?__blob=publicationFile&v=8
(2): Open Data
https://bmds.bund.de/themen/digitale-wirtschaft/daten/open-data
(3): Open Data - BMDS - Bundesportal
https://bmds.bund.de/themen/digitale-wirtschaft/daten/open-data",0.9,sufficient,chroma_retrieval_experiment
Germany,P2,Policy,"Is there a national open data strategy in your country?

For Explanation:
* If yes, please provide (1) the URL to the strategy and (2) describe the main highlights.  
* If 'not applicable', please provide (1) a brief explanation to support your answer choice and provide (2) the URL and indicate the policy section which explicitly references objectives, actions/measures, delivery timelines etc.","{'yes': 40, 'no': 0, 'not applicable': 40}",yes,40.0,"Yes, Germany has a national open data strategy as part of the broader data policy framework established by the federal government. The strategy spans five years and includes three main action fields, comprising 68 implementation measures coordinated across various federal ministries and agencies. It aims to improve data provision and infrastructure, foster responsible and innovative use of data for the public good, and enhance data literacy and culture within federal administration to increase data quality and usability. This national framework is operationalized through the Second Open Data Act, requiring federal authorities to appoint Open Data Coordinators to manage open data standards and technical processes. These coordinators form networks for cross-agency collaboration, supported by the Centre of Competency for Open Data, ensuring governance and monitoring of the strategy’s implementation. The strategy details and progress are transparently tracked on the official federal open data portal (https://opendata.bund.de). Thus, the clear existence of a defined open data strategy, concrete objectives, assigned responsibilities, and monitoring mechanisms confirms the affirmative response.

## Sources
(1): Open Data Handbuch
https://www.bva.bund.de/SharedDocs/Downloads/DE/Behoerden/Beratung/Methoden/open_data_handbuch.pdf?__blob=publicationFile&v=8
(2): Open Data
https://bmds.bund.de/themen/digitale-wirtschaft/daten/open-data
(3): Open Data - BMDS - Bundesportal
https://bmds.bund.de/themen/digitale-wirtschaft/daten/open-data",95.0,sufficient,chroma_retrieval_experiment
Germany,P22,Policy,"Do data publication plans exist at public body level?

For Explanation:
* If yes, please provide the URL and briefly highlight the key aspects covered.","{'yes': 20, 'no': 0}",yes,20.0,"Yes, data publication plans exist at the public body level in Germany. The Open Data Handbuch (https://www.bva.bund.de/SharedDocs/Downloads/DE/Behoerden/Beratung/Methoden/open_data_handbuch.pdf?__blob=publicationFile&v=8) provides official guidance that helps public bodies create a data catalog, prioritize datasets for publication, and develop processes for data release. It clearly supports agencies in planning and managing data publication systematically. Furthermore, additional FAQ documents and data requirements (https://www.bva.bund.de/SharedDocs/Downloads/DE/Behoerden/Beratung/Methoden/open_data_faq.pdf?__blob=publicationFile&v=4 and https://www.bva.bund.de/SharedDocs/Downloads/DE/Behoerden/Beratung/Methoden/open_data_anforderungen_daten.pdf?__blob=publicationFile&v=2) emphasize the need to assess existing data, legal ownership, privacy, and publication feasibility, which are key aspects of formal data publication planning. Together, these official documents illustrate structured planning frameworks for dataset release and publication obligations at the level of public bodies in Germany, confirming the existence and guidance of data publication plans.

## Sources
(1): Open Data Handbuch
https://www.bva.bund.de/SharedDocs/Downloads/DE/Behoerden/Beratung/Methoden/open_data_handbuch.pdf?__blob=publicationFile&v=8
(2): Häufig gestellte Fragen
https://www.bva.bund.de/SharedDocs/Downloads/DE/Behoerden/Beratung/Methoden/open_data_faq.pdf?__blob=publicationFile&v=4
(3): Anforderung an die Daten
https://www.bva.bund.de/SharedDocs/Downloads/DE/Behoerden/Beratung/Methoden/open_data_anforderungen_daten.pdf?__blob=publicationFile&v=2
(4): 30. Tätigkeitsbericht zum Datenschutz und zur Informationsfreiheit
https://www.bfdi.bund.de/SharedDocs/Downloads/DE/Taetigkeitsberichte/30TB_21.pdf?__blob=publicationFile&v=7
(5): Tätigkeitsbericht 2021 - BfDI - Bundesportal
https://www.bfdi.bund.de/SharedDocs/Downloads/DE/Taetigkeitsberichte/30TB_21.pdf?__blob=publicationFile&v=7
(6): Gutachten der Datenethikkommission
https://www.bmi.bund.de/SharedDocs/downloads/DE/publikationen/themen/it-digitalpolitik/gutachten-datenethikkommission.pdf?__blob=publicationFile&v=6
(7): Hochwertige Datensätze
https://www.govdata.de/informationen/hochwertige-datensaetze
(8): Hochwertige Datensätze - GovData
https://www.govdata.de/informationen/hochwertige-datensaetze",90.0,sufficient,chroma_retrieval_experiment
Germany,P24,Policy,"Are there processes to ensure that the open data policies/strategy previously mentioned are updated and revised as needed?

For explanation:
* If yes, please describe the process and any recent updates made to strategy/policy","{'yes': 20, 'no': 0}",yes,20.0,"Yes, Germany has established processes to ensure that open data policies and strategies are updated and revised as needed. The open data framework is integrated within the broader data strategy of the federal government, which is structured as a five-year plan including 68 implementation measures across federal ministries and agencies. This strategy is continuously monitored through a dedicated measures monitoring system publicly accessible at the federal open data portal. Moreover, the establishment of Open Data Coordinators (ODK) in all federal authorities ensures ongoing responsibility for the technical and organizational aspects of open data provision. These coordinators participate in cross-agency networks and regular internal rounds to coordinate updates and share best practices. The presence of the Competence Center for Open Data further supports methodological guidance and stakeholder engagement to adapt policies as needed. The Open Data Handbook also emphasizes the necessity for regular reassessment and adaptation of organizational and technical measures based on evolving circumstances, confirming a structured revision process.

## Sources
(1): Open Data Handbuch
https://www.bva.bund.de/SharedDocs/Downloads/DE/Behoerden/Beratung/Methoden/open_data_handbuch.pdf?__blob=publicationFile&v=8
(2): Häufig gestellte Fragen
https://www.bva.bund.de/SharedDocs/Downloads/DE/Behoerden/Beratung/Methoden/open_data_faq.pdf?__blob=publicationFile&v=4
(3): Gutachten der Datenethikkommission
https://www.bmi.bund.de/SharedDocs/downloads/DE/publikationen/themen/it-digitalpolitik/gutachten-datenethikkommission.pdf?__blob=publicationFile&v=6
(4): Open Data
https://bmds.bund.de/themen/digitale-wirtschaft/daten/open-data
(5): Open Data - BMDS - Bundesportal
https://bmds.bund.de/themen/digitale-wirtschaft/daten/open-data",90.0,sufficient,chroma_retrieval_experiment
Germany,P3,Policy,"Is there an open data policy/strategy at regional or local level?

For Explanation:
* If yes, please (1) provide the URL and (2) title of the document(s) and (3) briefly describe.","{'yes': 20, 'no': 0, 'not applicable': 20}",yes,20.0,"Yes, Germany has open data policies and strategies implemented at the regional and local levels in addition to the national framework. While the national Open Data Strategy and related legal frameworks set the overarching goals and structures, several documents and initiatives explicitly guide local authorities in adopting Open Data. For instance, the ""Open Data Handbuch"" (https://www.bva.bund.de/SharedDocs/Downloads/DE/Behoerden/Beratung/Methoden/open_data_handbuch.pdf?__blob=publicationFile&v=8) provides detailed methodology and organizational recommendations for Open Data implementation within authorities, including municipal ones. It addresses local strategies, responsibilities, and steps for Open Data rollout, signaling that local applications of Open Data policies are recognized and supported. Moreover, decentralized coordination via Open Data coordinators in public bodies supports regional and local compliance and advancement of Open Data. Hence, the existence of regional/local-level strategies and governance structures is well substantiated.

## Sources
(1): Open Data Handbuch
https://www.bva.bund.de/SharedDocs/Downloads/DE/Behoerden/Beratung/Methoden/open_data_handbuch.pdf?__blob=publicationFile&v=8
(2): Gutachten der Datenethikkommission
https://www.bmi.bund.de/SharedDocs/downloads/DE/publikationen/themen/it-digitalpolitik/gutachten-datenethikkommission.pdf?__blob=publicationFile&v=6
(3): 30. Tätigkeitsbericht zum Datenschutz und zur Informationsfreiheit
https://www.bfdi.bund.de/SharedDocs/Downloads/DE/Taetigkeitsberichte/30TB_21.pdf?__blob=publicationFile&v=7
(4): Tätigkeitsbericht 2021 - BfDI - Bundesportal
https://www.bfdi.bund.de/SharedDocs/Downloads/DE/Taetigkeitsberichte/30TB_21.pdf?__blob=publicationFile&v=7
(5): Häufig gestellte Fragen
https://www.bva.bund.de/SharedDocs/Downloads/DE/Behoerden/Beratung/Methoden/open_data_faq.pdf?__blob=publicationFile&v=4
(6): Open Data
https://bmds.bund.de/themen/digitale-wirtschaft/daten/open-data
(7): Open Government Data - GovData
https://www.govdata.de/informationen/datenbereitsteller",90.0,sufficient,chroma_retrieval_experiment
Germany,P4,Policy,"Does the national strategy/policy include an action plan with measures to be implemented in the open data field?

For Explanation:
If yes, please briefly describe the main measures described by the action plan.","{'yes': 20, 'no': 0}",yes,20.0,"Yes, Germany's national open data strategy includes a comprehensive action plan with concrete measures. The Open Data Strategy is a five-year plan that spans three main areas: enhancing data provision and building sustainable data infrastructure; promoting innovative, socially beneficial, and responsible data use; and fostering data competencies along with a cultural shift towards increased data quality and usability across federal administration. The strategy contains 68 specific implementation measures distributed among various federal ministries and agencies. To support execution, all federal authorities are mandated by the Second Open Data Act to appoint Open Data Coordinators responsible for standards and processes of data provision. Coordination networks and regular meetings among these coordinators facilitate cross-agency collaboration. Furthermore, the implementation progress is monitored and published online, underscoring a structured roadmap and operational delivery framework linked directly to the open data policy.

## Sources
(1): Open Data Handbuch
https://www.bva.bund.de/SharedDocs/Downloads/DE/Behoerden/Beratung/Methoden/open_data_handbuch.pdf?__blob=publicationFile&v=8
(2): Untitled source
https://www.bbsr.bund.de/BBSR/DE/veroeffentlichungen/bbsr-online/2024/bbsr-online-96-2024-dl.pdf;jsessionid=D6F1E3AF076A6679879714C6B32FA3C2.live11291?__blob=publicationFile&v=2
(3): 30. Tätigkeitsbericht zum Datenschutz und zur Informationsfreiheit
https://www.bfdi.bund.de/SharedDocs/Downloads/DE/Taetigkeitsberichte/30TB_21.pdf?__blob=publicationFile&v=7
(4): Tätigkeitsbericht 2021 - BfDI - Bundesportal
https://www.bfdi.bund.de/SharedDocs/Downloads/DE/Taetigkeitsberichte/30TB_21.pdf?__blob=publicationFile&v=7
(5): Open Data
https://bmds.bund.de/themen/digitale-wirtschaft/daten/open-data
(6): Open Data - BMDS - Bundesportal
https://bmds.bund.de/themen/digitale-wirtschaft/daten/open-data",90.0,sufficient,chroma_retrieval_experiment
