country,question_id,dimension,question,final_answer_selected,score_suggestion,justification_generated,confidence,evidence_sufficiency,mode,response_scoring_x,response_scoring_y
Austria,I1,Impact,"Do you have a definition of open data reuse in your country?
 
For Explanation:
* If yes, please specify it.",no,0.0,"No, there is no explicit or near-explicit definition of open data reuse found in the Austrian policy or methodology documents provided. The evidence references definitions of open government data itself, emphasizing data openness, principles such as completeness, timeliness, and use permissions, but does not include a formal or clear definition of the concept of data reuse. For example, the Open Government Data principles outlined in Austrian sources detail the characteristics and quality of open data but do not define what constitutes open data reuse. Similarly, the data strategy and related documents discuss governance, data publication, and transparency but lack a specific definition of reuse. Generic mentions of reuse or examples of its benefits are present, but no formal definition framing what open data reuse specifically means in Austria is provided in the reviewed materials.

## Sources
(1): Geschäftsmodelle in Open Government Data
https://www.data.gv.at/wp-content/uploads/2016/07/Masterarbeit_Georg_Stuhlberger.pdf
(2): Open Government Data - Digital Austria
https://www.digitalaustria.gv.at/verwaltung/egovernment/open-government-data.html
(3): Grünbuch: Partizipation im digitalen Zeitalter
https://oeffentlicherdienst.gv.at/wp-content/uploads/2023/02/201103_Partizipation_Gruenbuch_A4_BF.pdf
(4): Rahmenbedingungen für Open
https://ref.gv.at/documents/27693428/27741921/Rahmenbedingungen_f%25C3%25BCr_Open_Government_Data_Portale_1.3_fin.pdf/51921bf6-cc0a-49c0-bc96-20fc23dcdfba
(5): Datenstrategie für Österreich
https://www.data.gv.at/wp-content/uploads/2024/10/Datenstrategie_barrierefrei_final-02102024.pdf",0.9,sufficient,prepared_main_pipeline,"{'yes': 20.0, 'no': 0.0}","{'yes': 20, 'no': 0}"
Austria,I10,Impact,"Have any public bodies in your country developed any systematic way of gathering reuse cases?

For Explanation:
* If yes, please provide a brief explanation of the process: How does the gathering happen?",yes,20.0,"Yes, public bodies in Austria have developed systematic processes for gathering reuse cases as part of broader waste and reuse management strategies. 1. The Umsetzungskonzept (implementation concept) related to waste and reuse provides a structured approach across federal, regional, and municipal levels to collect and channel potentially reusable waste. This involves separating such waste prior to recycling, verifying and restoring it to lose its waste status, and then selling it as used products. The concept is embedded in Austria's legal framework through the Abfallwirtschaftsgesetz (AWG) and related waste management plans, indicating an organized system for reuse monitoring and collection. 2. Operational management is supported by Re-Use networks coordinated by persons linked to regional waste management associations and municipal environmental advisers. These networks use proven structures and well-qualified personnel, ensuring that collection and quality assurance of reuse goods happen consistently and systematically nationwide. 3. The approach includes a nationwide quality label to document and communicate reuse, demonstrating an official effort to monitor and present reuse cases. 4. While the evidence focuses on reuse in the context of waste management rather than an open data reuse case collection per se, it still reflects a systematic and ongoing government-supported framework to gather, verify, and promote reuse cases with reporting and quality assessment components. Therefore, Austria shows clear evidence of systematic gathering of reuse cases by public bodies through coordinated reuse networks, legislative frameworks, and operational procedures integrated into the waste management system.

## Sources
(1): Umsetzungskonzept
https://www.bmluk.gv.at/dam/jcr:a704d069-a9bc-41e1-804d-84b2f1d5f88e/RepaNet_Umsetzungskonzept_Re-Use.pdf
(2): Machbarkeitsstudie: Datenbasis zu Obdachlosigkeit, Wohnungslosigkeit und prekärem Wohnen
https://www.sozialministerium.gv.at/dam/jcr:f87f9311-c2cb-4ba7-841d-e04b51e52575/Endbericht_Datenbasis_Wohnungslosigkeit.pdf
(3): Digitale Transformation der öffentlichen Verwaltung in Österreich
https://www.parlament.gv.at/dokument/fachinfos/zukunftsthemen/Digitale-Transformation-der-oeffentlichen-Verwaltung_Endbericht_2026.pdf
(4): Weiterentwicklung eines Monitoring-Konzepts zur österreichischen Kreislaufwirtschaftsstrategie
https://www.bmluk.gv.at/dam/jcr:07753443-0495-4f8a-b92c-fd68b59777d3/Weiterentwicklung%20eines%20Monitoring-Konzepts%20zur%20%C3%B6sterreichischen%20Kreislaufwirtschaftsstrategie.pdf
(5): Grünbuch: Partizipation im digitalen Zeitalter
https://oeffentlicherdienst.gv.at/wp-content/uploads/2023/02/201103_Partizipation_Gruenbuch_A4_BF.pdf
(6): Ein Leitfaden für offene Daten
https://www.data.gv.at/wp-content/uploads/2023/07/Open_Data_Leitfaden_20230622.pdf",90.0,sufficient,prepared_main_pipeline,"{'yes': 20.0, 'no': 0.0, ""i don't know"": 0.0}","{'yes': 20, 'no': 0, ""i don't know"": 0}"
Austria,I12,Impact,"Is any data on the impact created by open data on governmental challenges (e.g. efficiency, effectiveness, transparency, decision-making capacity) available in your country such as from research studies, impact assessments, or other systematic investigations that quantify the results or broader effects of open data being reused?

For Explanation:
* If yes, please (1) specify what kind of data source proves this impact and (2) provide the URLs to this data.",yes,20.0,"Yes, there is data available on the impact created by open data on governmental challenges in Austria, although the quantification is somewhat limited. 1. The legal framework and strategy documents acknowledge significant benefits such as improved interoperability of administrative data, enhanced collaboration within and across government entities, and the potential for new analytical insights that support better decision-making and transparency. These documents also highlight the positive socio-economic impacts, including strengthened democracy and increased public trust, enabled by increased transparency through open data. 2. While precise quantification of open data's value remains challenging, official sources such as the RIS Dokument provide narrative impact assessments and qualitative evidence on efficiency gains, improved effectiveness, and transparency enhancements for both internal administrative users and external stakeholders. 3. The Cooperation OGD Austria initiative and the Digital Austria platform reinforce open government data principles and the promotion of data reuse, which foster new products, services, and innovative governance approaches. This structured approach indicates a systematic monitoring of open data reuse impacts. For more details, see the RIS Dokument at https://www.ris.bka.gv.at/Dokumente/Gemeinderecht/GEMRE_ST_60101_Pr%C3%A4s_008364_2012_0001/GEMRE_ST_60101_Pr%C3%A4s_008364_2012_0001.html as well as the policy explanations on Digital Austria: https://www.digitalaustria.gv.at/verwaltung/egovernment/open-government-data.html.

## Sources
(1): RIS Dokument
https://www.ris.bka.gv.at/Dokumente/Gemeinderecht/GEMRE_ST_60101_Pr%C3%A4s_008364_2012_0001/GEMRE_ST_60101_Pr%C3%A4s_008364_2012_0001.html
(2): Geschäftsmodelle in Open Government Data
https://www.data.gv.at/wp-content/uploads/2016/07/Masterarbeit_Georg_Stuhlberger.pdf
(3): Rahmenbedingungen für Open
https://ref.gv.at/documents/27693428/27741921/Rahmenbedingungen_f%25C3%25BCr_Open_Government_Data_Portale_1.3_fin.pdf/51921bf6-cc0a-49c0-bc96-20fc23dcdfba
(4): Open Government Data - Digital Austria
https://www.digitalaustria.gv.at/verwaltung/egovernment/open-government-data.html",90.0,sufficient,prepared_main_pipeline,"{'yes': 20.0, 'no': 0.0, ""i don't know"": 0.0}","{'yes': 20, 'no': 0, ""i don't know"": 0}"
Austria,I17,Impact,"Is any data on the impact created by open data on social challenges (e.g. inequality, healthcare, education) available in your country such as from research studies, impact assessments, or other systematic investigations that quantify the results or broader effects of open data being reused?

For Explanation:
* If yes, please (1) specify what kind of data source proves this impact and (2) provide the URLs to this data.",yes,20.0,"Yes, Austria has documented evidence of the social impact created by open data reuse, particularly highlighted through systematic examples and impact-related reporting. 1. Methodology and Monitoring: The Austrian ""Datenstrategie für Österreich"" (Data Strategy for Austria) outlines Public Value Assessments aimed at illustrating the benefits of data reuse for society and the public in concrete cases. This indicates an official approach to evaluating the broader effects of open data on public value, participation, and transparency. 2. Concrete Impact Evidence: The 'Leitfaden für offene Daten' (Guide for Open Data) explicitly cites the impact of open data during the COVID-19 pandemic, where freely available government data enabled the development of over 85 separate applications and visualizations addressing a critical public health challenge. This is a clear, documented example of open data contributing to healthcare and public awareness, with a tangible measurable output in terms of reuse and societal benefit. 3. Additional Insights: The RIS Dokument further highlights that open data enhances collaboration within public administration and promotes transparency, which indirectly fosters trust and democratic participation, important social dimensions related to inequality and inclusion. These sources collectively show that Austria not only supports open data policies but also monitors and documents the impacts on social challenges like healthcare (COVID-19), transparency, and public engagement, with evidence from government strategy documents and published reports. Relevant URLs: - Data Strategy for Austria: https://www.digitalaustria.gv.at/dam/jcr:c10856b0-bb4f-4240-8c75-776cab4be71a/Datenstrategie_barrierefrei_final-02102024.pdf - Leitfaden für offene Daten: https://www.data.gv.at/wp-content/uploads/2023/07/Open_Data_Leitfaden_20230622.pdf - RIS Dokument: https://www.ris.bka.gv.at/Dokumente/Gemeinderecht/GEMRE_ST_60101_Pr%C3%A4s_008364_2012_0001/GEMRE_ST_60101_Pr%C3%A4s_008364_2012_0001.html

## Sources
(1): RIS Dokument
https://www.ris.bka.gv.at/Dokumente/Gemeinderecht/GEMRE_ST_60101_Pr%C3%A4s_008364_2012_0001/GEMRE_ST_60101_Pr%C3%A4s_008364_2012_0001.html
(2): Geschäftsmodelle in Open Government Data
https://www.data.gv.at/wp-content/uploads/2016/07/Masterarbeit_Georg_Stuhlberger.pdf
(3): Ein Leitfaden für offene Daten
https://www.data.gv.at/wp-content/uploads/2023/07/Open_Data_Leitfaden_20230622.pdf
(4): Untitled source
https://www.data.gv.at/static/uploads/2023/07/Open_Data_Leitfaden_20230622.pdf
(5): Ein Leitfaden für offene Daten
https://www.data.gv.at/static/uploads/2023/07/Open_Data_Leitfaden_20230622.pdf
(6): Datenstrategie für Österreich
https://www.digitalaustria.gv.at/dam/jcr:c10856b0-bb4f-4240-8c75-776cab4be71a/Datenstrategie_barrierefrei_final-02102024.pdf",90.0,sufficient,prepared_main_pipeline,"{'yes': 20.0, 'no': 0.0, ""i don't know"": 0.0}","{'yes': 20, 'no': 0, ""i don't know"": 0}"
Austria,I2,Impact,"Are there any processes in place to monitor the level of reuse of your country's open data?
 
For Explanation:
* If yes, please (1) briefly describe these processes and (2) provide the URLs to support the answer.",yes,20.0,"Yes, Austria has processes in place to monitor the reuse of its open data. The guidelines outlined in the official ""Ein Leitfaden für offene Daten"" document specify a structured approach to internal data monitoring. This involves maintaining and continually updating a detailed data catalogue based on stakeholder interests and data requests, including those arising under the Information Reuse Act (Informationsweiterverwendungsgesetz). The process includes setting and reviewing licenses, data formats, and metadata for each dataset before publication on data portals. Evaluation criteria for internal data monitoring help assess the impact and reuse of the data. Although no specific dashboard or quantitative reuse metrics are cited, the existence of these ongoing evaluation and updating mechanisms, stakeholder surveys, and event feedback form a formal methodology to monitor and understand open data usage. The document supporting this is available at https://www.data.gv.at/wp-content/uploads/2023/07/Open_Data_Leitfaden_20230622.pdf.

## Sources
(1): Ein Leitfaden für offene Daten
https://www.data.gv.at/wp-content/uploads/2023/07/Open_Data_Leitfaden_20230622.pdf
(2): Ein Leitfaden für offene Daten
https://www.data.gv.at/static/uploads/2023/07/Open_Data_Leitfaden_20230622.pdf
(3): Geschäftsmodelle in Open Government Data
https://www.data.gv.at/wp-content/uploads/2016/07/Masterarbeit_Georg_Stuhlberger.pdf
(4): Rahmenbedingungen für Open
https://ref.gv.at/documents/27693428/27741921/Rahmenbedingungen_f%25C3%25BCr_Open_Government_Data_Portale_1.3_fin.pdf/51921bf6-cc0a-49c0-bc96-20fc23dcdfba",0.9,sufficient,prepared_main_pipeline,"{'yes': 20.0, 'no': 0.0, ""i don't know"": 0.0}","{'yes': 20, 'no': 0, ""i don't know"": 0}"
Austria,I27,Impact,"Is any data on the economic impact (e.g. GDP, employment, productivity, innovation,  new businesses created etc.) of open data available in your country such as from research studies, impact assessments, or other systematic investigations that quantify the results or broader effects of open data being reused?

For Explanation:
* If yes, please specify what kind of data source proves this impact and provide the URLs to this data.",yes,20.0,"Yes, Austria provides evidence of the economic impact of open data reuse through research studies and policy analysis. 1. An empirical master's thesis focused on Open Government Data (OGD) business models predominantly used in Austria highlights the commercial utilization of open data and the revenue generation in this field. This work presents concrete research on economic activities resulting from open data reuse within Austria, signaling active economic engagement and innovation around OGD (https://www.data.gv.at/wp-content/uploads/2016/07/Masterarbeit_Georg_Stuhlberger.pdf). 2. Official government documents and policy reports mention positive economic effects from open data, including increased innovation capacity, new business models, and higher state tax revenues from commercial applications built on open data. While precise quantification is limited, these official sources affirm improved productivity and economic benefits linked to open data reusability (https://ref.gv.at/documents/27693428/27741921/Rahmenbedingungen_f%25C3%25BCr_Open_Government_Data_Portale_1.3_fin.pdf). 3. The legal framework established through the Information Reuse Act 2022 and alignment with the EU Open Data Directive ensures public sector data is accessible for commercial reuse, fostering an enabling environment for economic growth, innovation, and new product development using open data (https://www.usp.gv.at/themen/betrieb-und-umwelt/laufender-betrieb/weitere-informationen-laufender-betrieb/informationsweiterverwendung.html). Together, these sources provide documented, research-based, and policy-supported evidence of quantifiable and broader economic impacts of open data reuse in Austria.

## Sources
(1): Geschäftsmodelle in Open Government Data
https://www.data.gv.at/wp-content/uploads/2016/07/Masterarbeit_Georg_Stuhlberger.pdf
(2): Zwischenbericht zur Umsetzung der Open Innovation ...
https://www.bmimi.gv.at/dam/jcr:92c587a4-ab26-4af8-a3cf-63fac265301a/oi_strategie_zwischenbericht_barrierefrei.pdf
(3): Zwischenbericht zur Umsetzung der Open Innovation Strategie für Österreich
https://www.bmimi.gv.at/dam/jcr:92c587a4-ab26-4af8-a3cf-63fac265301a/oi_strategie_zwischenbericht_barrierefrei.pdf
(4): RIS Dokument
https://www.ris.bka.gv.at/Dokumente/Gemeinderecht/GEMRE_ST_60101_Pr%C3%A4s_008364_2012_0001/GEMRE_ST_60101_Pr%C3%A4s_008364_2012_0001.html
(5): Rahmenbedingungen für Open
https://ref.gv.at/documents/27693428/27741921/Rahmenbedingungen_f%25C3%25BCr_Open_Government_Data_Portale_1.3_fin.pdf/51921bf6-cc0a-49c0-bc96-20fc23dcdfba
(6): Weiterverwendung von Daten und Dokumenten
https://www.usp.gv.at/themen/betrieb-und-umwelt/laufender-betrieb/weitere-informationen-laufender-betrieb/informationsweiterverwendung.html",90.0,sufficient,prepared_main_pipeline,"{'yes': 20.0, 'no': 0.0, ""i don't know"": 0.0}","{'yes': 20, 'no': 0, ""i don't know"": 0}"
Austria,I9,Impact,"Have any public bodies in your country launched or performed any activities in the past year to better understand reusers' needs in order to further stimulate the reuse of open data?

For Explanation:
* If yes, which of the following activities have been performed? Please describe how the activity has helped you better stimulate reuse.
* Multiple answers are possible.",yes,40.0,"Yes, public bodies in Austria have actively performed activities in the past year aimed at better understanding reusers' needs to stimulate the reuse of open data. The ""Leitfaden für offene Daten"" (Open Data Guide) explicitly highlights the use of surveys and events as methods to learn about stakeholder interests. This approach helps public bodies to create comprehensive data catalogs reflecting the prioritized needs of various target groups and stakeholders, including those from politics and specialized departments. These activities also include responding to data requests under the Information Reuse Act, which reduces administrative effort and integrates publication obligations from studies and other mandatory reporting into the data catalogs. By continuously updating and improving these data catalogs and metadata, the government ensures that datasets remain relevant and accessible, thus fostering increased reuse. This systematic engagement through consultations, events, and stakeholder interaction demonstrates a structured methodology to monitor demand and support reuse, contributing to the policy's objective of stimulating open data utilization in Austria.

## Sources
(1): Untitled source
https://www.data.gv.at/static/uploads/2023/07/Open_Data_Leitfaden_20230622.pdf
(2): Ein Leitfaden für offene Daten
https://www.data.gv.at/wp-content/uploads/2023/07/Open_Data_Leitfaden_20230622.pdf
(3): Ein Leitfaden für offene Daten
https://www.data.gv.at/static/uploads/2023/07/Open_Data_Leitfaden_20230622.pdf
(4): Geschäftsmodelle in Open Government Data
https://www.data.gv.at/wp-content/uploads/2016/07/Masterarbeit_Georg_Stuhlberger.pdf
(5): Rahmenbedingungen für Open
https://ref.gv.at/documents/27693428/27741921/Rahmenbedingungen_f%25C3%25BCr_Open_Government_Data_Portale_1.3_fin.pdf/51921bf6-cc0a-49c0-bc96-20fc23dcdfba",0.95,sufficient,prepared_main_pipeline,"{'yes': 40.0, 'no': 0.0, ""i don't know"": 0.0}","{'yes': 40, 'no': 0, ""i don't know"": 0}"
Austria,P1,Policy,"Is there a national open data policy in your country and, if your country is an EU Member State, does this include a national legislation for the transposition of the Open Data Directive?

For Explanation:
* If yes, please provide (1) the URL and (2) title of the policy document and (3) briefly describe.
* If ‘other’, please provide (1) a brief explanation to support your answer choice and (2) provide the URL and indicate the policy section which explicitly references open data.",yes,40.0,"Yes, Austria has a national open data policy framework which includes national legislation for the transposition of the EU Open Data Directive (Directive (EU) 2019/1024). This is implemented primarily through the Informationsweiterverwendungsgesetz 2022 (IWG 2022), which regulates the re-use of public sector data on the federal level. The IWG mandates public bodies to enable the reuse of data and documents they hold for both commercial and non-commercial purposes, aligning with the Open Data Directive's goals. It also defines thematic categories of high-value datasets that must be made openly available in all EU member states. 1. Legal Basis and Transposition: Austria has transposed the EU Open Data Directive through the IWG 2022, providing a national legal framework ensuring reuse of public sector information. There is also reference to further legal provisions at the federal and regional level. 2. Policy and Operational Framework: Austria’s national open data platform, data.gv.at, serves as the main portal for accessing public sector open data, supporting the policy implementation. The government also provides a strategy and guidelines (""Ein Leitfaden für offene Daten"") that outline steps for open data publication in accordance with evolving EU regulations. 3. Official Documentation: The policy document ""Ein Leitfaden für offene Daten"" explains how Austrian open data practices align with EU directives, including the Open Data and PSI Directive (EU 2019/1024). Legal references can also be found in public information pages discussing the IWG and relevant regional statutes. The main authoritative URL documenting this is https://www.usp.gv.at/themen/betrieb-und-umwelt/laufender-betrieb/weitere-informationen-laufender-betrieb/informationsweiterverwendung.html which clarifies the legislative implementation of the Open Data Directive in Austria. Therefore, Austria has an explicit national open data policy supported by legislation fulfilling the EU Open Data Directive requirements.

## Sources
(1): Ein Leitfaden für offene Daten
https://www.data.gv.at/wp-content/uploads/2023/07/Open_Data_Leitfaden_20230622.pdf
(2): Ein Leitfaden für offene Daten
https://www.data.gv.at/static/uploads/2023/07/Open_Data_Leitfaden_20230622.pdf
(3): Geschäftsmodelle in Open Government Data
https://www.data.gv.at/wp-content/uploads/2016/07/Masterarbeit_Georg_Stuhlberger.pdf
(4): RIS - NÖ Informationsgesetz 2025 - Landesrecht konsolidiert Niederösterreich, Fassung vom 10.04.2026
https://www.ris.bka.gv.at/GeltendeFassung.wxe?Abfrage=LrNO&Gesetzesnummer=20001464
(5): Weiterverwendung von Daten und Dokumenten
https://www.usp.gv.at/themen/betrieb-und-umwelt/laufender-betrieb/weitere-informationen-laufender-betrieb/informationsweiterverwendung.html",95.0,sufficient,prepared_main_pipeline,"{'yes': 40.0, 'no': 0.0, 'other': 40.0}","{'yes': 40, 'no': 0, 'other': 40}"
Austria,P13,Policy,"Is there a governance structure in place that enables the participation and/or inclusion of various open data stakeholders? 

For Explanation:
*  If yes, please briefly describe the governance structure and its operating model",yes,40.0,"Yes, Austria has established governance structures that enable the participation and inclusion of various open data stakeholders. 1. Legal and Strategic Basis: The governance framework for Open Government Data (OGD) in Austria is founded on clear legal, technical, and organizational requirements as described in official guideline documents such as ""Rahmenbedingungen für Open Government Data Plattformen"". These emphasize transparency and stakeholder participation involving politics, administration, citizens, and the economy. 2. Governance and Operating Model: The governance approach incorporates a cooperative structure known as Cooperation OGD Austria, which includes working groups such as the BLSG Fachgruppe data.gv.at and the BLSG AG-II. This multi-stakeholder cooperation facilitates coordinated management and open data platform operation, ensuring a comprehensive, participatory data ecosystem. 3. Coordination and Participation Mechanisms: Documents on participatory processes in the digital age (“Grünbuch: Partizipation im digitalen Zeitalter”) highlight Austria’s commitment to a transparent, structured, and politically supported participation architecture. This architecture is based on well-established policy cycle models ensuring ongoing monitoring, evaluation, and stakeholder integration throughout policy and data governance processes. 4. Integration Across Levels: Open Government Data governance explicitly includes coordination between multiple administrative levels and sectors (public administration, political actors, civil society, and the private sector), promoting collaboration, data quality improvements, and enhanced trust in public institutions. Together these components demonstrate a robust governance structure that actively involves various stakeholders in Austria's open data policy implementation and oversight.

## Sources
(1): Rahmenbedingungen für Open
https://ref.gv.at/documents/27693428/27741921/Rahmenbedingungen_f%25C3%25BCr_Open_Government_Data_Portale_1.3_fin.pdf/51921bf6-cc0a-49c0-bc96-20fc23dcdfba
(2): Grünbuch: Partizipation im digitalen Zeitalter
https://oeffentlicherdienst.gv.at/wp-content/uploads/2023/02/201103_Partizipation_Gruenbuch_A4_BF.pdf
(3): RIS Dokument
https://www.ris.bka.gv.at/Dokumente/Gemeinderecht/GEMRE_ST_60101_Pr%C3%A4s_008364_2012_0001/GEMRE_ST_60101_Pr%C3%A4s_008364_2012_0001.html
(4): Geschäftsmodelle in Open Government Data
https://www.data.gv.at/wp-content/uploads/2016/07/Masterarbeit_Georg_Stuhlberger.pdf",0.9,sufficient,prepared_main_pipeline,"{'yes': 40.0, 'no': 0.0}","{'yes': 40, 'no': 0}"
Austria,P16,Policy,"To what degree do local/regional public bodies conduct open data initiatives? 

For Explanation:
* If not applicable, please explain why.",few public bodies,5.0,"Partially, open data initiatives among local and regional public bodies in Austria are present but limited to a relatively small number rather than widespread across the majority or all. 1. Legal and strategic framework: The Bundesgesetzblatt (Federal Law Gazette) mandates the appointment of Open Data officers primarily in federal ministries, with shared officers possible among related entities and public enterprises, indicating a stronger focus on national-level implementation rather than explicit local/regional requirements. 2. Implementation evidence: Documentation such as ""Ein Leitfaden für offene Daten"" and the Digital Austria portal describe principles and technical frameworks for open data, emphasizing transparency and machine-readable formats, but do not provide specific evidence that these are extensively adopted at the regional or municipal level. 3. Limited explicit local/regional engagement: There is recognition of the value of open data for improving collaboration within administrative bodies and with society, including through crowdsourcing, but direct evidence of broad-based local/regional open data initiatives or coordinated municipality-driven efforts is not apparent in the reviewed sources. Thus, while some local or regional bodies may have adopted open data measures, the scope appears limited to a few rather than covering half, a majority, or all. This assessment aligns with the lack of clear, substantive evidence of broad uptake or mandatory open data roles at subnational levels. Consequently, “few public bodies” best reflects the current extent of local/regional engagement in open data initiatives in Austria.

## Sources
(1): BUNDESGESETZBLATT
https://www.ris.bka.gv.at/Dokumente/BgblAuth/BGBLA_2022_I_116/BGBLA_2022_I_116.pdf
(2): RIS Dokument
https://www.ris.bka.gv.at/Dokumente/Gemeinderecht/GEMRE_ST_60101_Pr%C3%A4s_008364_2012_0001/GEMRE_ST_60101_Pr%C3%A4s_008364_2012_0001.html
(3): Open Government Data - Digital Austria
https://www.digitalaustria.gv.at/verwaltung/egovernment/open-government-data.html
(4): Ein Leitfaden für offene Daten
https://www.data.gv.at/wp-content/uploads/2023/07/Open_Data_Leitfaden_20230622.pdf
(5): Ein Leitfaden für offene Daten
https://www.data.gv.at/static/uploads/2023/07/Open_Data_Leitfaden_20230622.pdf",4.0,partial,prepared_main_pipeline,"{'all public bodies': 20.0, 'the majority of public bodies': 15.0, 'approximately half of the public bodies': 10.0, 'few public bodies': 5.0, 'none of the public bodies': 0.0, 'not applicable': 20.0}","{'all public bodies': 20, 'the majority of public bodies': 15, 'approximately half of the public bodies': 10, 'few public bodies': 5, 'none of the public bodies': 0, 'not applicable': 20}"
Austria,P2,Policy,"Is there a national open data strategy in your country?

For Explanation:
* If yes, please provide (1) the URL to the strategy and (2) describe the main highlights.  
* If 'not applicable', please provide (1) a brief explanation to support your answer choice and provide (2) the URL and indicate the policy section which explicitly references objectives, actions/measures, delivery timelines etc.",yes,40.0,"Yes, Austria has a national open data strategy framework as part of its broader digital and data governance initiatives. The Digital Austria platform explicitly outlines principles for Open Government Data (OGD), emphasizing completeness, timeliness, and primary source data publication, indicating a strategic approach to open data management. The strategy includes operational details, such as data being as complete as possible, accompanied by metadata and formulas, and ensuring privacy and legal compliance prior to publication. Additionally, the recent Umfeldanalyse zur österreichischen Datenstrategie (environmental analysis of the Austrian data strategy) provides a comprehensive policy foundation addressing legal frameworks, governance structures, interoperability, data availability, and cultural aspects of data use, all of which imply a robust strategic environment for open data. This analysis and related strategic frameworks suggest an integrated national approach supporting open data objectives with governance, implementation measures, and timelines in alignment with European initiatives. The main highlights are: 1. Clear principles underpinning OGD publication and use, such as providing data in raw format, ensuring completeness, and protecting privacy.
2. Governance mechanisms outlined for data responsibility within public administration.
3. Emphasis on interoperability and standardized platforms for data across decentralized sources.
4. Commitment to enhancing data culture, scientific access, and alignment with EU data strategies. Key URLs include the Digital Austria OGD page (https://www.digitalaustria.gv.at/verwaltung/egovernment/open-government-data.html) and the Umfeldanalyse zur österreichischen Datenstrategie report (https://www.data.gv.at/static/uploads/2024/10/2024_Umfeldanalyse_Datenstrategie_WU-Cbased.pdf), which collectively describe objectives, actions, and legal-technical support structures characteristic of a national open data strategy.

## Sources
(1): Geschäftsmodelle in Open Government Data
https://www.data.gv.at/wp-content/uploads/2016/07/Masterarbeit_Georg_Stuhlberger.pdf
(2): Open Government Data - Digital Austria
https://www.digitalaustria.gv.at/verwaltung/egovernment/open-government-data.html
(3): Untitled source
https://www.data.gv.at/static/uploads/2024/10/2024_Umfeldanalyse_Datenstrategie_WU-Cbased.pdf
(4): Umfeldanalyse zur österreichischen Datenstrategie - Wien
https://www.data.gv.at/static/uploads/2024/10/2024_Umfeldanalyse_Datenstrategie_WU-Cbased.pdf
(5): Rahmenbedingungen für Open
https://ref.gv.at/documents/27693428/27741921/Rahmenbedingungen_f%25C3%25BCr_Open_Government_Data_Portale_1.3_fin.pdf/51921bf6-cc0a-49c0-bc96-20fc23dcdfba",90.0,sufficient,prepared_main_pipeline,"{'yes': 40.0, 'no': 0.0, 'not applicable': 40.0}","{'yes': 40, 'no': 0, 'not applicable': 40}"
Austria,P22,Policy,"Do data publication plans exist at public body level?

For Explanation:
* If yes, please provide the URL and briefly highlight the key aspects covered.",yes,20.0,"Yes, data publication plans exist at the public body level in Austria. The official ""Leitfaden für offene Daten"" (Guideline for Open Data) available at https://www.data.gv.at/static/uploads/2023/07/Open_Data_Leitfaden_20230622.pdf explicitly outlines a process for creating data catalogs within public bodies. This includes identifying relevant datasets of interest to different target groups, incorporating regular requests for data, and considering existing publication obligations such as those under the Informationsweiterverwendungsgesetz (Information Reuse Act). Public bodies are guided to compile these into a data catalog which forms the basis for prioritizing and supplementing data releases collaboratively between policy and specialist departments. Furthermore, once a sufficient decision base is created via the data catalog, each dataset’s license and format are defined, metadata is recorded, and datasets are published on open data portals. This is followed by an ongoing process to update and monitor the data catalog internally to ensure systematic publication and compliance. Thus, the Leitfaden provides structured official guidance enabling public bodies to develop and maintain data publication plans. These documented steps demonstrate clear institutional planning and operationalization at the public body level regarding dataset release planning and publication obligations, fulfilling the requirements of the question.

## Sources
(1): Ein Leitfaden für offene Daten
https://www.data.gv.at/static/uploads/2023/07/Open_Data_Leitfaden_20230622.pdf
(2): Ein Leitfaden für offene Daten
https://www.data.gv.at/wp-content/uploads/2023/07/Open_Data_Leitfaden_20230622.pdf
(3): Geschäftsmodelle in Open Government Data
https://www.data.gv.at/wp-content/uploads/2016/07/Masterarbeit_Georg_Stuhlberger.pdf
(4): 11000/BR der Beilagen - Änderungen im Plenum NR
https://www.parlament.gv.at/dokument/BR/I-BR/11000/fnameorig_1459465.html",90.0,sufficient,prepared_main_pipeline,"{'yes': 20.0, 'no': 0.0}","{'yes': 20, 'no': 0}"
Austria,P24,Policy,"Are there processes to ensure that the open data policies/strategy previously mentioned are updated and revised as needed?

For explanation:
* If yes, please describe the process and any recent updates made to strategy/policy",yes,20.0,"Yes, Austria has processes to ensure that its open data policies and strategies are updated and revised as needed. 1. The national data strategies explicitly recognize the need to adapt the existing legal framework for the collection, management, and use of data to evolving digital possibilities. This includes ongoing consideration of legislative changes impacting data availability and usage within the public sector and beyond. 2. Governance is identified as a key pillar of the data strategies, involving responsibilities and tasks carried out via a mix of centralized and decentralized arrangements, ensuring a minimum centralization level to set uniform standards and structures. This governance setup inherently supports regular review and adaptation of policies and strategies as circumstances change. 3. Moreover, the Austrian approach is strongly aligned with European initiatives such as the European Data Strategy and EU Digital Compass, which promote continuous engagement and refinement of data strategies, including the establishment of sectoral data spaces. The implementation reports analyzed demonstrate awareness of the challenges and the need to refine ethical and legal frameworks over time. 4. The official ""Leitfaden für offene Daten"" (Open Data Guide) further confirms ongoing alignment with evolving EU legislation, such as the PSI Directive revision (EU 2019/1024), signaling responsiveness to legal developments and practical implementation updates. Together, these elements underscore that Austria's open data policy framework is designed for ongoing review and revision to stay current and effective.

## Sources
(1): Umfeldanalyse zur österreichischen Datenstrategie - Wien
https://www.data.gv.at/static/uploads/2024/10/2024_Umfeldanalyse_Datenstrategie_WU-Cbased.pdf
(2): Geschäftsmodelle in Open Government Data
https://www.data.gv.at/wp-content/uploads/2016/07/Masterarbeit_Georg_Stuhlberger.pdf
(3): Untitled source
https://www.data.gv.at/static/uploads/2023/07/Open_Data_Leitfaden_20230622.pdf
(4): Ein Leitfaden für offene Daten
https://www.data.gv.at/wp-content/uploads/2023/07/Open_Data_Leitfaden_20230622.pdf
(5): Ein Leitfaden für offene Daten
https://www.data.gv.at/static/uploads/2023/07/Open_Data_Leitfaden_20230622.pdf",0.9,sufficient,prepared_main_pipeline,"{'yes': 20.0, 'no': 0.0}","{'yes': 20, 'no': 0}"
Austria,P3,Policy,"Is there an open data policy/strategy at regional or local level?

For Explanation:
* If yes, please (1) provide the URL and (2) title of the document(s) and (3) briefly describe.",no,0.0,"No, the evidence provided does not indicate the existence of an open data policy or strategy at the regional or local levels in Austria. The documents and sources focus largely on the national framework for open data governance, such as the appointment of Open Data officers in federal ministries and public bodies, legal explanations related to EU directives on open data, and general guidelines for open government data principles. For instance, the references to legislative explanations and recommended principles concern national-level implementation and public sector entities. None of the documents present or explicitly mention regional, municipal, or local open data policies or strategies that operate independently from the national framework. Therefore, based on the available evidence, there is no clear support for the presence of sub-national open data policies or strategies in Austria.

## Sources
(1): Geschäftsmodelle in Open Government Data
https://www.data.gv.at/wp-content/uploads/2016/07/Masterarbeit_Georg_Stuhlberger.pdf
(2): 1571 der Beilagen XXVII. GP - Regierungsvorlage - Erläuterungen
https://www.parlament.gv.at/dokument/XXVII/I/1571/fnameorig_1454608.html
(3): Erläuterungen
https://www.parlament.gv.at/dokument/XXVII/ME/187/fname_1435361.pdf
(4): Rahmenbedingungen für Open
https://ref.gv.at/documents/27693428/27741921/Rahmenbedingungen_f%25C3%25BCr_Open_Government_Data_Portale_1.3_fin.pdf/51921bf6-cc0a-49c0-bc96-20fc23dcdfba
(5): Ein Leitfaden für offene Daten
https://www.data.gv.at/wp-content/uploads/2023/07/Open_Data_Leitfaden_20230622.pdf",90.0,sufficient,prepared_main_pipeline,"{'yes': 20.0, 'no': 0.0, 'not applicable': 20.0}","{'yes': 20, 'no': 0, 'not applicable': 20}"
Austria,P4,Policy,"Does the national strategy/policy include an action plan with measures to be implemented in the open data field?

For Explanation:
If yes, please briefly describe the main measures described by the action plan.",yes,20.0,"Yes, Austria's national data strategy explicitly includes a structured approach to implementing measures in the open data field through action plans at multiple levels. The 2024 ""Datenstrategie für Österreich"" mandates that every ministry develop its own data strategy within the framework of the national data strategy. This decentralised approach ensures operational delivery and governance through defined roles, standards, and procedures aimed at improving data use and management. Key measures include the establishment of modern, sustainable data infrastructures, fostering a data culture, enhanced usability of data and registers, and developing capabilities for data analysis via methods such as data mining and machine learning. The strategy also specifies the appointment of data officers responsible for coordinating internal and external data users and advancing standardisation processes. Furthermore, there is emphasis on participation in regional and European data spaces and consistent data population of central data platforms (IVDB). These elements collectively define clear implementation measures and responsibilities consistent with an overarching action plan to deliver the national open data objectives. Thus, the national strategy integrates both strategic priorities and concrete implementation steps, constituting an actionable roadmap in the open data field.

## Sources
(1): Evaluierung der
https://data.breitbandbuero.gv.at/Publikationen/WIK_WIFO_Evaluierung-der-Breitbandinitiative-2017-2018.pdf
(2): Datenstrategie für Österreich
https://www.data.gv.at/wp-content/uploads/2024/10/Datenstrategie_barrierefrei_final-02102024.pdf
(3): Datenstrategie für Österreich
https://www.digitalaustria.gv.at/dam/jcr:c10856b0-bb4f-4240-8c75-776cab4be71a/Datenstrategie_barrierefrei_final-02102024.pdf
(4): Datenstrategie für Österreich
https://www.digitalaustria.gv.at/dam/jcr%3Ac10856b0-bb4f-4240-8c75-776cab4be71a/Datenstrategie_barrierefrei_final-02102024.pdf
(5): Zwischenbericht zur Umsetzung der Open Innovation ...
https://www.bmfwf.gv.at/dam/jcr:8464c0ac-0bae-4a12-a839-d1c32fda937a/WF063_21-OI-Strategie_Zwischenstandsbericht_BF.pdf",95.0,sufficient,prepared_main_pipeline,"{'yes': 20.0, 'no': 0.0}","{'yes': 20, 'no': 0}"
Belgium,I1,Impact,"Do you have a definition of open data reuse in your country?
 
For Explanation:
* If yes, please specify it.",yes,20.0,"Yes, Belgium has an explicit definition of open data reuse rooted in its legislation and regulatory frameworks. 1. The Belgian Law on Open Data and Reuse of Public Sector Information, which transposes the EU Open Data Directive into Belgian law, clearly regulates the reuse of publicly available government-held information. It defines reuse as the use of public sector data with minimal restrictions, aiming at making such information freely available for citizens, researchers, companies, and governments. 2. Additional clarification is provided by the Data Governance Act (DGA) regulations, which complement the open data law by covering more sensitive or protected data that can be reused under specific conditions, thus expanding the scope and governance of reuse beyond openly available datasets. 3. The federal open data portal consolidates access to over 15,000 datasets from multiple government levels, emphasizing reuse availability in open, machine-readable formats and with as few barriers as possible (e.g., low cost, minimal restrictive licenses). 4. This dual framework—legal and operational—is further supported by official documents and portals managed by the Federal Public Service Policy and Support (BOSA), which outline the boundaries and opportunities for reuse, evidencing a formal, near-explicit definition of open data reuse in Belgium's methodology and policy environment. These elements collectively affirm that Belgium possesses a formal and comprehensive definition of open data reuse in its national context.

## Sources
(1): Centraal Informatiepunt Data Governance Act - BOSA
http://bosa.belgium.be/nl/services/centraal-informatiepunt-data-governance-act
(2): Open Data Best Practices
https://data.gov.be/sites/default/files/content/opendatabestpractices_202304_nl.pdf
(3): Data Governance Act-Datagovernanceverordening | FOD Economie
https://economie.fgov.be/nl/themas/online/data-economie/data-governance-act
(4): Organisme compétent Data Governance Act | BOSA
http://bosa.belgium.be/fr/services/organisme-competent-data-governance-act
(5): Concertation Portails de données ouvertes
https://data.gov.be/sites/default/files/content/opendataportals_201904_fr.pdf",0.95,sufficient,prepared_main_pipeline,"{'yes': 20.0, 'no': 0.0}","{'yes': 20, 'no': 0}"
Belgium,I10,Impact,"Have any public bodies in your country developed any systematic way of gathering reuse cases?

For Explanation:
* If yes, please provide a brief explanation of the process: How does the gathering happen?",no,0.0,"No, there is no evidence that any public bodies in Belgium have developed a systematic method for gathering reuse cases of open data. The reviewed documents and reports focus on administrative procedures, legal frameworks, and data handling processes but do not mention any structured or recurring system aimed specifically at collecting or monitoring reuse examples or impact stories from open data reuse. While some entities like the Health Data Agency have statutory roles around data management and exchange, there is no indication that they or other public bodies maintain a systematic repository or reporting process for reuse cases. The absence of even isolated official showcases or recurring reporting initiatives related to reuse case collections further confirms this conclusion.

## Sources
(1): Toegang tot informatie | FOD Volksgezondheid
https://www.health.belgium.be/nl/themas/leefmilieu/milieubeleid-belgie/aarhusbe/toegang-tot-informatie
(2): FEDERAAL REGEERAKKOORD 2025-2029
https://www.belgium.be/sites/default/files/resources/publication/files/Regeerakkoord-Bart_De_Wever_nl.pdf
(3): RAPPORT D'ACTIVITÉ
https://www.gcloud.belgium.be/file/cc73d96153bbd5448a56f19d925d05b1379c7f21/619117e338e1f4e58e2f0da46fb75ef9d45b6082/gcloud-rapport-d-activites-2024.pdf
(4): ACCORD DE COALITION FÉDÉRALE 2025-2029
https://www.belgium.be/sites/default/files/resources/publication/files/Accord_gouvernemental-Bart_De_Wever_fr.pdf
(5): GEZONDHEIDS(ZORG)DATA-AGENTSCHAP
https://www.hda.belgium.be/sites/default/files/documents/2023-11/HDA_BC_23_1-%20GDA%20-%20Krijtlijnen%20van%20het%20agentschap%20(NL).pdf
(6): Improving equality data collection in Belgium
https://equal.belgium.be/sites/default/files/Rapport_IEDCB_-_NL_1006.pdf",90.0,sufficient,prepared_main_pipeline,"{'yes': 20.0, 'no': 0.0, ""i don't know"": 0.0}","{'yes': 20, 'no': 0, ""i don't know"": 0}"
Belgium,I12,Impact,"Is any data on the impact created by open data on governmental challenges (e.g. efficiency, effectiveness, transparency, decision-making capacity) available in your country such as from research studies, impact assessments, or other systematic investigations that quantify the results or broader effects of open data being reused?

For Explanation:
* If yes, please (1) specify what kind of data source proves this impact and (2) provide the URLs to this data.",no,0.0,"No, there is no clear or direct evidence available that documents or quantifies the impact created by open data on governmental challenges such as efficiency, transparency, decision-making capacity, or public service improvement in Belgium. The sources mention the existence of strategies, legislative frameworks, and portals supporting open data publication and reuse, as well as expected benefits like improved data quality, increased transparency, and innovation potential. However, none of the provided documents contain concrete research studies, impact assessments, or systematic investigations that explicitly quantify or evaluate the actual results or broader effects of open data reuse on government performance or challenges. The referenced reports and strategies focus mainly on intentions, frameworks, or comparative reporting processes without presenting Belgian-specific impact data or formal assessments at this time.

## Sources
(1): Concertation Portails de données ouvertes
https://data.gov.be/sites/default/files/content/opendataportals_201904_fr.pdf
(2): ACCORD DE COALITION FÉDÉRALE 2025-2029
https://www.belgium.be/sites/default/files/resources/publication/files/Accord_gouvernemental-Bart_De_Wever_fr.pdf
(3): Questions fréquentes | Data.gov.be
https://data.gov.be/fr/documentation/questions-frequentes
(4): Centraal Informatiepunt Data Governance Act - BOSA
http://bosa.belgium.be/nl/services/centraal-informatiepunt-data-governance-act
(5): Kamer stemt morgen ambitieuze open data-wet | Data.gov.be
https://data.gov.be/nl/news/kamer-stemt-morgen-ambitieuze-open-data-wet",100.0,sufficient,prepared_main_pipeline,"{'yes': 20.0, 'no': 0.0, ""i don't know"": 0.0}","{'yes': 20, 'no': 0, ""i don't know"": 0}"
Belgium,I17,Impact,"Is any data on the impact created by open data on social challenges (e.g. inequality, healthcare, education) available in your country such as from research studies, impact assessments, or other systematic investigations that quantify the results or broader effects of open data being reused?

For Explanation:
* If yes, please (1) specify what kind of data source proves this impact and (2) provide the URLs to this data.",no,0.0,"No, there is no specific data or systematic evidence available in Belgium that quantifies the impact of open data on social challenges such as inequality, healthcare, or education. The available documents refer broadly to open data initiatives, strategies, and legal frameworks, emphasizing the importance of open data for innovation, transparency, and economic growth, but none provide concrete impact assessments or research studies focused on social outcomes. For example, the federal and regional portals support open data accessibility and reuse, and government coalition agreements highlight the potential benefits of open data; however, no explicit evaluations or impact reports on social issues have been documented or linked. The referenced concertation report mentions a forthcoming comparative impact report at the EU level but does not present Belgium-specific impact data or systematic investigations related to social challenges. Therefore, the evidence is insufficient to confirm the availability of data quantifying social impact of open data reuse in Belgium at this time.

## Sources
(1): Concertation Portails de données ouvertes
https://data.gov.be/sites/default/files/content/opendataportals_201904_fr.pdf
(2): ACCORD DE COALITION FÉDÉRALE 2025-2029
https://www.belgium.be/sites/default/files/resources/publication/files/Accord_gouvernemental-Bart_De_Wever_fr.pdf
(3): Open data | FOD Financiën
https://fin.belgium.be/nl/over-fod-financien/wie-zijn-we/statistieken-en-analysen/open-data
(4): Kamer stemt morgen ambitieuze open data-wet | Data.gov.be
https://data.gov.be/nl/news/kamer-stemt-morgen-ambitieuze-open-data-wet
(5): Questions fréquentes | Data.gov.be
https://data.gov.be/fr/documentation/questions-frequentes",90.0,sufficient,prepared_main_pipeline,"{'yes': 20.0, 'no': 0.0, ""i don't know"": 0.0}","{'yes': 20, 'no': 0, ""i don't know"": 0}"
Belgium,I2,Impact,"Are there any processes in place to monitor the level of reuse of your country's open data?
 
For Explanation:
* If yes, please (1) briefly describe these processes and (2) provide the URLs to support the answer.",yes,20.0,"Yes, Belgium has processes in place to monitor the level of reuse of its open data through engagement with the European Data Portal and associated reporting mechanisms. Specifically, Belgium participates in surveys coordinated by the European Data Portal that include questions on examples of data reuse and studies assessing the economic, social, and political impacts of open data. These responses contribute to a comparative report assigning a score to each member state, thus providing a structured methodology to track and evaluate reuse. The European Data Portal's dashboard (https://www.europeandataportal.eu/en/dashboard) supplements this monitoring by offering a platform where reuse and impact indicators can be reviewed. While there is no detailed description of Belgium’s internal monitoring systems beyond this, the involvement in these Europe-wide mechanisms constitutes an official procedural framework to monitor reuse at the country level. This is supported by the “Concertation Portails de données ouvertes” documents, which describe Belgium's participation in assessment reports and impact studies coordinated by the European Data Portal. Therefore, Belgium has an official, recognized process to monitor the level of open data reuse through these international collaborative frameworks.

## Sources
(1): Concertation Portails de données ouvertes
https://data.gov.be/sites/default/files/content/opendataportals_201904_fr.pdf
(2): Centraal Informatiepunt Data Governance Act - BOSA
http://bosa.belgium.be/nl/services/centraal-informatiepunt-data-governance-act
(3): Assessment report Spending reviews. - BOSA
https://bosa.belgium.be/sites/default/files/publications/documents/Assessment%20report%20spending%20reviews%20v2024-12-20.pdf
(4): Open data: juridisch advies - BOSA - Belgium.be
http://bosa.belgium.be/nl/services/open-data-juridisch-advies
(5): CONTRAT D'ADMINISTRATION PLAN STRATÉGIQUE ...
https://finance.belgium.be/sites/default/files/Strategie/Plan_BO2022-24_FR_vFinaal%20%281%29.pdf
(6): Justel databank
https://www.ejustice.just.fgov.be/eli/besluit/2025/11/06/2025008782/justel",90.0,sufficient,prepared_main_pipeline,"{'yes': 20.0, 'no': 0.0, ""i don't know"": 0.0}","{'yes': 20, 'no': 0, ""i don't know"": 0}"
Belgium,I27,Impact,"Is any data on the economic impact (e.g. GDP, employment, productivity, innovation,  new businesses created etc.) of open data available in your country such as from research studies, impact assessments, or other systematic investigations that quantify the results or broader effects of open data being reused?

For Explanation:
* If yes, please specify what kind of data source proves this impact and provide the URLs to this data.",yes,20.0,"Yes, there is evidence of data on the economic impact of open data in Belgium from authoritative sources and sector assessments. 1. According to official FAQ information from the Belgian federal open data portal, the technology industry federation Agoria estimated the potential net economic gain of opening public sector data at 900 million euros (circa 2013). This figure reflects expected benefits in areas such as innovation, business reuse of data, and efficiency improvements. 2. The federal coalition agreement for 2025-2029 explicitly recognizes open data as a driver for innovation, economic growth, transparency, and participation. It commits to strengthening the open data strategy to maximize availability of government data for citizens and businesses, further confirming the importance attributed to economic impacts. 3. The Belgian open data strategy embraces key measures aimed at enabling free reuse to stimulate innovative applications and economic development, including technical formats for ease of reuse and proactive data release policies. 4. While no single systematic impact study or report is specifically referenced, the combination of sector-estimated economic values, government strategic commitments, and policy frameworks collectively constitute documented evidence that Belgium monitors and supports the economic effects of open data. For further details and official reference, see the Belgian federal open data portal FAQ and the federal coalition agreement 2025-2029:
https://data.gov.be/en/documentation/frequently-asked-questions
https://www.belgium.be/sites/default/files/resources/publication/files/Accord_gouvernemental-Bart_De_Wever_fr.pdf

## Sources
(1): ACCORD DE COALITION FÉDÉRALE 2025-2029
https://www.belgium.be/sites/default/files/resources/publication/files/Accord_gouvernemental-Bart_De_Wever_fr.pdf
(2): Concertation Portails de données ouvertes
https://data.gov.be/sites/default/files/content/opendataportals_201904_fr.pdf
(3): Frequently Asked Questions | Data.gov.be
https://data.gov.be/en/documentation/frequently-asked-questions
(4): Kamer stemt morgen ambitieuze open data-wet | Data.gov.be
https://data.gov.be/nl/news/kamer-stemt-morgen-ambitieuze-open-data-wet
(5): Questions fréquentes | Data.gov.be
https://data.gov.be/fr/documentation/questions-frequentes",0.9,sufficient,prepared_main_pipeline,"{'yes': 20.0, 'no': 0.0, ""i don't know"": 0.0}","{'yes': 20, 'no': 0, ""i don't know"": 0}"
Belgium,I9,Impact,"Have any public bodies in your country launched or performed any activities in the past year to better understand reusers' needs in order to further stimulate the reuse of open data?

For Explanation:
* If yes, which of the following activities have been performed? Please describe how the activity has helped you better stimulate reuse.
* Multiple answers are possible.",no,0.0,"No, there is no clear or direct evidence in the available sources that public bodies in Belgium have performed activities such as consultations, workshops, surveys, engagement events, or user-needs assessments specifically in the past year to better understand reusers' needs with the goal of stimulating the reuse of open data. The documents provided describe the legal framework, the existence of open data portals, data types, licensing and reuse legislation, as well as some open data examples and general reuse benefits, but do not mention any recent targeted initiatives or activities explicitly aimed at gathering or analyzing feedback from reusers or engaging with them to foster reuse. The evidence mainly outlines the framework and the presence of data, rather than active measures to monitor or stimulate reuse based on reuser-input. Therefore, the best supported and most accurate response is ""no.""

## Sources
(1): Open Data
https://data.gov.be/sites/default/files/content/fedax-opendata_20230417_fr.pdf
(2): Centraal Informatiepunt Data Governance Act - BOSA
http://bosa.belgium.be/nl/services/centraal-informatiepunt-data-governance-act
(3): Open data: juridisch advies - BOSA - Belgium.be
http://bosa.belgium.be/nl/services/open-data-juridisch-advies
(4): Concertation Portails de données ouvertes
https://data.gov.be/sites/default/files/content/opendataportals_201904_fr.pdf
(5): Open Data Best Practices
https://data.gov.be/sites/default/files/content/opendatabestpractices_202304_nl.pdf",4.0,partial,prepared_main_pipeline,"{'yes': 40.0, 'no': 0.0, ""i don't know"": 0.0}","{'yes': 40, 'no': 0, ""i don't know"": 0}"
Belgium,P1,Policy,"Is there a national open data policy in your country and, if your country is an EU Member State, does this include a national legislation for the transposition of the Open Data Directive?

For Explanation:
* If yes, please provide (1) the URL and (2) title of the policy document and (3) briefly describe.
* If ‘other’, please provide (1) a brief explanation to support your answer choice and (2) provide the URL and indicate the policy section which explicitly references open data.",yes,40.0,"Yes, Belgium has a national open data policy that includes legislation for the transposition of the EU Open Data Directive. 1) The legal framework is established by several formal instruments: the Ordinance of 27 October 2016 aiming to establish an open data policy, and its subsequent update by the Ordinance of 10 December 2021, which transposes the EU Directive 2019/1024 (the Open Data Directive) concerning open data and the reuse of public sector information. 2) Additionally, regional legislation such as the order from the Brussels-Capital Government dated 1 February 2018 executes the 2016 ordinance and transposes the 2013/37/EU Directive. 3) The legislation is complemented by relevant decrees in Wallonia and supports a comprehensive national approach to open data governance. This framework is documented officially on data.gov.be under the legal framework section (https://data.gov.be/en/documentation/legal-framework). The legal basis is thus clear and current, ensuring Belgium implements the EU open data directive at both federal and regional levels through formal laws and ordinances. This robust legal underpinning supports Belgium’s ongoing open data strategy and governance initiatives.

## Sources
(1): Legal framework | Data.gov.be
https://data.gov.be/en/documentation/legal-framework
(2): Overzicht van subsidies
https://bosa.belgium.be/sites/default/files/content/documents/2024%2007%2005%20-%20SR%20Subsidies%20-%20Rapport%20(finaal).pdf
(3): Concertation Portails de données ouvertes
https://data.gov.be/sites/default/files/content/opendataportals_201904_fr.pdf
(4): FEDERAAL REGEERAKKOORD 2025-2029
https://www.belgium.be/sites/default/files/resources/publication/files/Regeerakkoord-Bart_De_Wever_nl.pdf",95.0,sufficient,prepared_main_pipeline,"{'yes': 40.0, 'no': 0.0, 'other': 40.0}","{'yes': 40, 'no': 0, 'other': 40}"
Belgium,P13,Policy,"Is there a governance structure in place that enables the participation and/or inclusion of various open data stakeholders? 

For Explanation:
*  If yes, please briefly describe the governance structure and its operating model",yes,40.0,"Yes, Belgium has a governance structure that enables the participation and inclusion of various open data stakeholders. This is reflected in the establishment of the federal Open Data Taskforce, which includes the Federal Public Service (FPS) Policy and Support (BOSA) and functions as a coordinating and advisory body on open data matters. The taskforce supports data governance by stimulating the publication and reuse of administrative documents and organizing intergovernmental consultations, thus fostering collaboration among government agencies. The governance framework is established by laws such as the Royal Decree of 2 June 2019 and related legal provisions, which specify the roles and responsibilities of this committee. The FPS BOSA handles the chairmanship and secretariat of the Open Data Committee, further institutionalizing the coordination mechanism for open data governance. Moreover, legal requirements oblige various public entities to publish open data and allow the taskforce to provide advice on licensing and data publishing, ensuring stakeholder involvement in governance and operational aspects. Additionally, the federal coalition agreement emphasizes the reinforcement of the open data strategy to maximize data availability while respecting privacy regulations, highlighting ministerial coordination and cooperation with data protection authorities. These structures collectively create an ecosystem where multiple stakeholders contribute to and oversee open data policies and practices in Belgium.

## Sources
(1): Questions fréquentes | Data.gov.be
https://data.gov.be/fr/documentation/questions-frequentes
(2): Justel databank
https://www.ejustice.just.fgov.be/eli/besluit/2025/11/06/2025008782/justel
(3): ACCORD DE COALITION FÉDÉRALE 2025-2029
https://www.belgium.be/sites/default/files/resources/publication/files/Accord_gouvernemental-Bart_De_Wever_fr.pdf
(4): Open Data Best Practices
https://data.gov.be/sites/default/files/content/opendatabestpractices_202304_nl.pdf
(5): Open data: juridisch advies - BOSA - Belgium.be
http://bosa.belgium.be/nl/services/open-data-juridisch-advies",0.9,sufficient,prepared_main_pipeline,"{'yes': 40.0, 'no': 0.0}","{'yes': 40, 'no': 0}"
Belgium,P16,Policy,"To what degree do local/regional public bodies conduct open data initiatives? 

For Explanation:
* If not applicable, please explain why.",the majority of public bodies,15.0,"Public bodies at the local and regional levels in Belgium actively engage in open data initiatives, as evidenced by the presence of a federated open data portal that links over 15,000 datasets from federal, regional, and local governments. This indicates that open data activities are not limited to just a few entities but span a broad range of public bodies. The national framework supporting these initiatives includes legislation transposing the EU Open Data Directive into Belgian law and coordinated strategies involving various governmental tiers, demonstrating structured support for open data publication beyond just federal agencies. Furthermore, ongoing efforts to create uniform procedures and cooperation agreements across federated entities reflect a commitment to integrating open data practices widely. While the evidence does not confirm every single local or regional public body participates, the breadth of datasets and the institutional frameworks strongly support that the majority of such bodies are involved in open data publishing and management. Therefore, ""the majority of public bodies"" best reflects the extent of open data initiatives at local and regional levels in Belgium under the provided evidence.

## Sources
(1): Centraal Informatiepunt Data Governance Act - BOSA
http://bosa.belgium.be/nl/services/centraal-informatiepunt-data-governance-act
(2): Open data: juridisch advies - BOSA - Belgium.be
http://bosa.belgium.be/nl/services/open-data-juridisch-advies
(3): Open Data Best Practices
https://data.gov.be/sites/default/files/content/opendatabestpractices_202304_nl.pdf
(4): Concertation Portails de données ouvertes
https://data.gov.be/sites/default/files/content/opendataportals_201904_fr.pdf
(5): ACCORD DE COALITION FÉDÉRALE 2025-2029
https://www.belgium.be/sites/default/files/resources/publication/files/Accord_gouvernemental-Bart_De_Wever_fr.pdf",0.85,sufficient,prepared_main_pipeline,"{'all public bodies': 20.0, 'the majority of public bodies': 15.0, 'approximately half of the public bodies': 10.0, 'few public bodies': 5.0, 'none of the public bodies': 0.0, 'not applicable': 20.0}","{'all public bodies': 20, 'the majority of public bodies': 15, 'approximately half of the public bodies': 10, 'few public bodies': 5, 'none of the public bodies': 0, 'not applicable': 20}"
Belgium,P2,Policy,"Is there a national open data strategy in your country?

For Explanation:
* If yes, please provide (1) the URL to the strategy and (2) describe the main highlights.  
* If 'not applicable', please provide (1) a brief explanation to support your answer choice and provide (2) the URL and indicate the policy section which explicitly references objectives, actions/measures, delivery timelines etc.",yes,40.0,"Yes, Belgium has a national open data strategy documented at the federal level. The Coalition Agreement 2025-2029 explicitly states that the federal open data strategy will be pursued and strengthened to maximize availability of public sector data to citizens and businesses under privacy regulations such as the GDPR. It mentions the creation of a cooperation agreement among competent ministers and data protection authorities to support this strategy. Furthermore, the website data.gov.be highlights a comprehensive open data approach with about 15 key strategic elements designed to fully exploit the economic potential of open data. This federal strategy emphasizes free reuse without attribution, prioritizes formats that facilitate reusability, promotes proactive data publication, and ensures continuity and operational embedding of open data responsibilities across government bodies. These elements collectively form a clear national-level open data strategy roadmap with strategic objectives, implementation actions, and governance mechanisms. Key reference documents:
1. Coalition Agreement 2025-2029 (https://www.belgium.be/sites/default/files/resources/publication/files/Accord_gouvernemental-Bart_De_Wever_fr.pdf) outlines the legal and strategic basis for the renewed open data strategy.
2. Data.gov.be news article explaining the 15 strategic lines and practical implementation measures (https://data.gov.be/nl/news/kamer-stemt-morgen-ambitieuze-open-data-wet). Thus, the evidence clearly supports that Belgium has a current, explicit national open data strategy including defined objectives, measures, timelines, and governance frameworks.

## Sources
(1): ACCORD DE COALITION FÉDÉRALE 2025-2029
https://www.belgium.be/sites/default/files/resources/publication/files/Accord_gouvernemental-Bart_De_Wever_fr.pdf
(2): Concertation Portails de données ouvertes
https://data.gov.be/sites/default/files/content/opendataportals_201904_fr.pdf
(3): Open data: juridisch advies - BOSA - Belgium.be
http://bosa.belgium.be/nl/services/open-data-juridisch-advies
(4): Centraal Informatiepunt Data Governance Act - BOSA
http://bosa.belgium.be/nl/services/centraal-informatiepunt-data-governance-act
(5): Kamer stemt morgen ambitieuze open data-wet | Data.gov.be
https://data.gov.be/nl/news/kamer-stemt-morgen-ambitieuze-open-data-wet",0.95,sufficient,prepared_main_pipeline,"{'yes': 40.0, 'no': 0.0, 'not applicable': 40.0}","{'yes': 40, 'no': 0, 'not applicable': 40}"
Belgium,P22,Policy,"Do data publication plans exist at public body level?

For Explanation:
* If yes, please provide the URL and briefly highlight the key aspects covered.",yes,20.0,"Yes, data publication plans exist at the public body level in Belgium. This is evidenced by the federal open data strategy and policy framework supporting public bodies in systematically publishing data. The strategy aligns with the EU Directive 2019/1024, mandating that public administrative documents be made available in digital, open, and machine-readable formats adhering to open standards, including the use of standardized metadata and model licenses such as Creative Commons. Furthermore, official guidance such as the “Open Data Best Practices” document emphasizes the obligation of public bodies to make datasets freely and easily available and integrates processes for automated metadata harvesting to ensure comprehensive publication across public entities. The federal open data portal https://data.gov.be serves as the central platform aggregating links and metadata from datasets provided by various government institutions, reinforcing structured and planned data publication efforts across public bodies. These elements collectively constitute explicit data publication planning and obligations for public bodies at the federal level in Belgium.

## Sources
(1): Justel databank
https://www.ejustice.just.fgov.be/eli/besluit/2025/11/06/2025008782/justel
(2): Open Data Best Practices
https://data.gov.be/sites/default/files/content/opendatabestpractices_202304_nl.pdf
(3): plan coordonne dans le domaine de l'intelligence artificielle
https://bosa.belgium.be/sites/default/files/content/documents/DTdocs/AI/PlanCoordonn%C3%A9EUonAI.pdf
(4): Concertation Portails de données ouvertes
https://data.gov.be/sites/default/files/content/opendataportals_201904_fr.pdf
(5): Federale open data-strategie | Data.gov.be
https://data.gov.be/nl/news/federale-open-data-strategie",90.0,sufficient,prepared_main_pipeline,"{'yes': 20.0, 'no': 0.0}","{'yes': 20, 'no': 0}"
Belgium,P24,Policy,"Are there processes to ensure that the open data policies/strategy previously mentioned are updated and revised as needed?

For explanation:
* If yes, please describe the process and any recent updates made to strategy/policy",yes,20.0,"Yes, Belgium has established legal and governance frameworks that imply processes for updating and revising its open data policies and strategies. Firstly, the open data policy is codified through various legal instruments such as the Ordinance of 27 October 2016 and its modifications through subsequent ordinances and decrees, including the ordinance of 10 December 2021 that implements the EU Directive 2019/1024 on open data and the reuse of public sector information. These modifications indicate an ongoing process of review and updating to align with evolving European legislation. Secondly, at the federal level, the open data strategy is actively pursued and reinforced within governmental coalition agreements (e.g., the Federal Coalition Agreement 2025-2029), which explicitly mention plans to continue and strengthen open data policies to maximize data availability while respecting privacy laws. Furthermore, collaboration mechanisms involving competent ministers, data protection authorities, and oversight commissions are set up to conclude cooperation agreements, demonstrating a structured governance approach to managing policy updates. While explicit procedural steps for routine updates are not described in detail in the evidence, the existence of amended laws, continuous strategic reinforcement in policy agreements, and inter-institutional cooperation suggest formal and ongoing processes to keep the open data policy current and responsive to new requirements.

## Sources
(1): Legal framework | Data.gov.be
https://data.gov.be/en/documentation/legal-framework
(2): Overzicht van subsidies
https://bosa.belgium.be/sites/default/files/content/documents/2024%2007%2005%20-%20SR%20Subsidies%20-%20Rapport%20(finaal).pdf
(3): ACCORD DE COALITION FÉDÉRALE 2025-2029
https://www.belgium.be/sites/default/files/resources/publication/files/Accord_gouvernemental-Bart_De_Wever_fr.pdf
(4): Justel databank
https://www.ejustice.just.fgov.be/eli/besluit/2025/11/06/2025008782/justel
(5): Open data: juridisch advies - BOSA - Belgium.be
http://bosa.belgium.be/nl/services/open-data-juridisch-advies",0.9,sufficient,prepared_main_pipeline,"{'yes': 20.0, 'no': 0.0}","{'yes': 20, 'no': 0}"
Belgium,P3,Policy,"Is there an open data policy/strategy at regional or local level?

For Explanation:
* If yes, please (1) provide the URL and (2) title of the document(s) and (3) briefly describe.",yes,20.0,"Yes, Belgium has open data policies and strategies at the regional and local levels. While the national framework transposes EU directives on open data and reuse of public sector information, regional legislations also exist. For example, the Brussels-Capital Region has an ordinance dated 27 October 2016 and an implementing order from 1 February 2018 establishing an open data policy, which complies with EU Directive 2013/37/EU and has been adapted to subsequent EU rules. Similarly, Wallonia passed a decree on 24 November 2022 on the dissemination and reuse of public sector information, establishing a regional open data policy framework. These regional laws are legally distinct from the federal regulations and ensure governance of open data specifically at the regional level, supplementing the federal open data initiatives. Furthermore, operational open data portals such as Datastore.brussels demonstrate implementation at the regional/local level. These examples confirm that open data policies/strategies are present and active at non-national tiers within Belgium.

## Sources
(1): Overzicht van subsidies
https://bosa.belgium.be/sites/default/files/content/documents/2024%2007%2005%20-%20SR%20Subsidies%20-%20Rapport%20(finaal).pdf
(2): ACCORD DE COALITION FÉDÉRALE 2025-2029
https://www.belgium.be/sites/default/files/resources/publication/files/Accord_gouvernemental-Bart_De_Wever_fr.pdf
(3): Open data: juridisch advies - BOSA - Belgium.be
http://bosa.belgium.be/nl/services/open-data-juridisch-advies
(4): Legal framework | Data.gov.be
https://data.gov.be/en/documentation/legal-framework
(5): Centraal Informatiepunt Data Governance Act - BOSA
http://bosa.belgium.be/nl/services/centraal-informatiepunt-data-governance-act",95.0,sufficient,prepared_main_pipeline,"{'yes': 20.0, 'no': 0.0, 'not applicable': 20.0}","{'yes': 20, 'no': 0, 'not applicable': 20}"
Belgium,P4,Policy,"Does the national strategy/policy include an action plan with measures to be implemented in the open data field?

For Explanation:
If yes, please briefly describe the main measures described by the action plan.",no,0.0,"No, the available evidence does not clearly indicate that Belgium's national open data strategy or policy includes a specific action plan with concrete measures, milestones, or an operational delivery plan focused on open data implementation. The Federal Coalition Agreement 2025-2029 mentions a Federal Action Plan for administrative simplification (Federaal Actieplan Administratieve Vereenvoudiging), primarily targeting the business sector, which might touch on data or digital issues broadly, but there is no direct reference or detail about targeted open data measures within an open data policy framework. Other documents relate to broader strategic or regulatory topics such as AI coordination, health data governance, and financial strategic plans, but none explicitly describe an open data action plan with implementation measures. Therefore, despite references to administrative simplification efforts and strategic planning in various domains, no specific operational open data action plan is identified in the presented evidence.

## Sources
(1): FEDERAAL REGEERAKKOORD 2025-2029
https://www.belgium.be/sites/default/files/resources/publication/files/Regeerakkoord-Bart_De_Wever_nl.pdf
(2): plan coordonne dans le domaine de l'intelligence artificielle
https://bosa.belgium.be/sites/default/files/content/documents/DTdocs/AI/PlanCoordonn%C3%A9EUonAI.pdf
(3): EXPOSÉ D'ORIENTATION POLITIQUE (*) ...
https://diplomatie.belgium.be/sites/default/files/2022-10/EOP-Beleidsverklaring-Hadja-Lahbib-oktober-2022.pdf
(4): GEZONDHEIDS(ZORG)DATA-AGENTSCHAP
https://www.hda.belgium.be/sites/default/files/documents/2023-11/HDA_BC_23_1-%20GDA%20-%20Krijtlijnen%20van%20het%20agentschap%20(NL).pdf
(5): Assessment report Spending reviews. - BOSA
https://bosa.belgium.be/sites/default/files/publications/documents/Assessment%20report%20spending%20reviews%20v2024-12-20.pdf
(6): Fr_AF_Délibération.dotm
https://finance.belgium.be/sites/default/files/d%C3%A9lib%C3%A9ration_AF_019_2018.pdf
(7): PLAN STRATÉGIQUE 2025-2029
https://fin.belgium.be/sites/default/files/media/documents/Plan%20strat%C3%A9gique%202025-2029.pdf",95.0,sufficient,prepared_main_pipeline,"{'yes': 20.0, 'no': 0.0}","{'yes': 20, 'no': 0}"
Bulgaria,I1,Impact,"Do you have a definition of open data reuse in your country?
 
For Explanation:
* If yes, please specify it.",no,0.0,"No, there is no explicit or near-explicit formal definition of open data reuse found in the examined Bulgarian national policy, legislation, or official documentation. The available evidence includes references to relevant laws and regulations such as the Law on Access to Public Information (Закон за достъп до обществена информация), ministerial decisions, and the National Open Data Portal framework, which regulate conditions and procedures for data publication and reuse under public sector provisions. However, these legal and regulatory documents do not provide a clear, standalone definition of open data reuse. Instead, they primarily describe frameworks for access, publication formats, conditions for reuse, and related administrative rules. The documents refer broadly to principles of openness and efficiency and mention reuse conditions, for example, that reuse may be allowed at lower or no fees for certain categories such as research or non-commercial use, but do not explicitly define the concept of open data reuse itself as a structured, formal definition. Consequently, no formal or clear definitional text on open data reuse was identified within official Bulgarian sources. Thus, the best supported official response is “no.”

## Sources
(1): Izsledvane_EP-001.p65
https://www.ipa.government.bg/sites/default/files/european_good_practices.pdf
(2): РЕГЛАМЕНТИ
https://www.mtc.government.bg/sites/default/files/regulation_2022_868_data_governance_act-bg.pdf
(3): Национално законодателство - Министерство на електронното управление
https://egov.government.bg/wps/portal/ministry-meu/home/data/open-data/legislation/opendata-legal-national/
(4): Chapter One GENERAL DISPOSITIONS
https://www.mtc.government.bg/sites/default/files/access_to_public_information_act.pdf
(5): Отворени данни - За потребителя
http://www.mrrb.government.bg/bg/za-potrebitelya/otvoreni-danni/",9.0,sufficient,prepared_main_pipeline,"{'yes': 20.0, 'no': 0.0}","{'yes': 20, 'no': 0}"
Bulgaria,I10,Impact,"Have any public bodies in your country developed any systematic way of gathering reuse cases?

For Explanation:
* If yes, please provide a brief explanation of the process: How does the gathering happen?",yes,20.0,"Yes, public bodies in Bulgaria have developed a systematic approach to gathering reuse cases of public sector information. The State Agency for Electronic Governance (СДейства „Електронно управление"") compiles a consolidated report every three years on the availability of information for reuse provided by public sector organizations. This process includes annual submissions by public sector organizations to the administration of the Council of Ministers, which detail the circumstances of reuse, the conditions under which information is provided, and legal protection practices. These reports are published publicly and submitted to the European Commission, indicating a formal and recurring collection and monitoring process. The structured reporting system, mandated by the law for access to public information, serves as a method for systematically gathering data on reuse instances and supports ongoing policy oversight. This approach demonstrates an institutionalized mechanism rather than isolated examples, confirming systematic reuse case collection at the national level.

## Sources
(1): ЗАКОН за достъп до обществена информация
https://www.me.government.bg/bg/files/download?hash=f71cda973a7d9c99817eda1132617ac40c9bc63f
(2): ЗАКОН за достъп до обществена информация
https://www.me.government.bg/files/download?hash=f71cda973a7d9c99817eda1132617ac40c9bc63f
(3): от 30 април 2026 година
https://iisda.government.bg/annual_report_file/703_4605
(4): РЕГЛАМЕНТИ
https://www.mtc.government.bg/sites/default/files/regulation_2022_868_data_governance_act-bg.pdf
(5): Untitled source
https://www.ipa.government.bg/sites/default/files/metodika_korektura_all.pdf",100.0,sufficient,prepared_main_pipeline,"{'yes': 20.0, 'no': 0.0, ""i don't know"": 0.0}","{'yes': 20, 'no': 0, ""i don't know"": 0}"
Bulgaria,I12,Impact,"Is any data on the impact created by open data on governmental challenges (e.g. efficiency, effectiveness, transparency, decision-making capacity) available in your country such as from research studies, impact assessments, or other systematic investigations that quantify the results or broader effects of open data being reused?

For Explanation:
* If yes, please (1) specify what kind of data source proves this impact and (2) provide the URLs to this data.",no,0.0,"No comprehensive or systematic data directly quantifying the impact of open data on governmental challenges such as efficiency, effectiveness, transparency, or decision-making capacity is evident in the provided evidence for Bulgaria. While several documents highlight the importance of open data for transparency and governance, and frameworks or indicators are mentioned as relevant tools for evaluating these effects internationally and conceptually, there is no clear or concrete study, impact assessment, or official investigation specific to Bulgaria that presents quantifiable results or broader effects from the reuse of open data. For example, the 2014 IPA report discusses the potential frameworks for assessing the economic and other impacts of open data and references international studies and indicator sets, but does not provide Bulgaria-specific impact data or outcomes. Similarly, other sources mention the role of data in policy monitoring and the importance of impact assessment generally, but do not showcase systematic impact evidence linked explicitly to open data reuse in government. Therefore, despite recognition of open data’s value and existing efforts to train government officials in impact assessment, no direct Bulgaria-based documented impact data or studies quantifying the benefits of open data on governance have been found in the reviewed materials.

## Sources
(1): Отворени данни и прозрачно управление - ИПА
https://www.ipa.government.bg/sites/default/files/open_data_and_open_government.pdf
(2): Untitled source
https://www.ipa.government.bg/sites/default/files/final_data_report_ipa2024.pdf
(3): ПРОГРАМА ЗА СЛЕДДИПЛОМНА КВАЛИФИКАЦИЯ ПО ОЦЕНКА НА ВЪЗДЕЙСТВИЕТО
https://www.ipa.government.bg/sites/default/files/impact_assessment_postgraduate_study_final.pdf
(4): КАТАЛОГ 2023
https://www.ipa.government.bg/sites/default/files/katalog_ipa_2023.pdf
(5): Интервю с Антон Герунов, началник на политическия кабинет на Заместник министър-председателя по коалиционната политика и държавната администрация | ИНСТИТУТ ПО ПУБЛИЧНА АДМИНИСТРАЦИЯ
https://www.ipa.government.bg/bg/novini/intervyu-s-anton-gerunov-nachalnik-na-politicheskiya-kabinet-na-zamestnik-ministr-0
(6): Конференция „Отворени данни и прозрачно управление“ | ИНСТИТУТ ПО ПУБЛИЧНА АДМИНИСТРАЦИЯ
https://www.ipa.government.bg/bg/novini/konferenciya-otvoreni-danni-i-prozrachno-upravlenie",0.9,sufficient,prepared_main_pipeline,"{'yes': 20.0, 'no': 0.0, ""i don't know"": 0.0}","{'yes': 20, 'no': 0, ""i don't know"": 0}"
Bulgaria,I17,Impact,"Is any data on the impact created by open data on social challenges (e.g. inequality, healthcare, education) available in your country such as from research studies, impact assessments, or other systematic investigations that quantify the results or broader effects of open data being reused?

For Explanation:
* If yes, please (1) specify what kind of data source proves this impact and (2) provide the URLs to this data.",no,0.0,"No systematic evidence or documented data sources specifically quantifying the impact of open data reuse on social challenges such as inequality, healthcare, or education in Bulgaria are available in the provided materials. While there are references to evaluation indicators and frameworks for assessing effects of open data initiatives (including social effects) in European Commission studies and Open Data Research Network frameworks, these are cited as general methodologies rather than reporting concrete impact studies or assessments conducted within Bulgaria itself. The material also mentions exploratory work and conferences discussing the benefits and potential monitoring frameworks for open data, but no actual impact assessments or research results quantifying social outcomes were presented. Therefore, although foundations for impact measurement exist conceptually, no concrete impact data or systematic investigations evidencing the social effects of open data reuse have been found for Bulgaria in the reviewed evidence.

## Sources
(1): Untitled source
https://www.ipa.government.bg/sites/default/files/open_data_and_open_government.pdf
(2): Отворени данни и прозрачно управление - ИПА
https://www.ipa.government.bg/sites/default/files/open_data_and_open_government.pdf
(3): Untitled source
https://www.ipa.government.bg/sites/default/files/final_data_report_ipa2024.pdf
(4): Конференция „Отворени данни и прозрачно управление“ | ИНСТИТУТ ПО ПУБЛИЧНА АДМИНИСТРАЦИЯ
https://www.ipa.government.bg/bg/novini/konferenciya-otvoreni-danni-i-prozrachno-upravlenie
(5): Интервю с Антон Герунов, началник на политическия кабинет на Заместник министър-председателя по коалиционната политика и държавната администрация | ИНСТИТУТ ПО ПУБЛИЧНА АДМИНИСТРАЦИЯ
https://www.ipa.government.bg/bg/novini/intervyu-s-anton-gerunov-nachalnik-na-politicheskiya-kabinet-na-zamestnik-ministr-0
(6): Общоевропейски портал за отворени данни
https://www.mtc.government.bg/bg/category/214/obschoevropeyski-portal-za-otvoreni-danni",0.9,sufficient,prepared_main_pipeline,"{'yes': 20.0, 'no': 0.0, ""i don't know"": 0.0}","{'yes': 20, 'no': 0, ""i don't know"": 0}"
Bulgaria,I2,Impact,"Are there any processes in place to monitor the level of reuse of your country's open data?
 
For Explanation:
* If yes, please (1) briefly describe these processes and (2) provide the URLs to support the answer.",yes,20.0,"Yes, Bulgaria has processes in place to monitor the level of reuse of its open data. These are reflected in specific frameworks and methodologies that identify key indicators to measure the impact of open data initiatives, including their reuse. For example, according to the report from the Institute of Public Administration, international research and best practices have influenced the design of monitoring indicators that track economic, social, cultural, and organizational effects related to open data reuse. Furthermore, monitoring mechanisms also involve data visualization tools such as Tableau to present reusable data transparently on public portals. The administrative reform project supported by the European Commission, executed by PricewaterhouseCoopers, also illustrates an institutional approach towards continuous monitoring and evaluation of open data processes (https://www.ipa.government.bg/sites/default/files/open_data_and_open_government.pdf and https://www.ipa.government.bg/sites/default/files/sbornik_gp_2021.pdf). In addition, survey data from government administrations shows quantifiable evidence of reuse, with about 30.58% of respondents in administration reporting using reused data in their core activities, suggesting a concrete basis for monitoring reuse levels regularly (https://www.ipa.government.bg/sites/default/files/final_data_report_ipa2024.pdf). Together, these demonstrate an established practice of using indicators, reports, and visualization platforms to monitor and promote the reuse of open data in Bulgaria.

## Sources
(1): Untitled source
https://www.ipa.government.bg/sites/default/files/open_data_and_open_government.pdf
(2): Отворени данни и прозрачно управление - ИПА
https://www.ipa.government.bg/sites/default/files/open_data_and_open_government.pdf
(3): Конференция „Отворени данни и прозрачно управление“ | ИНСТИТУТ ПО ПУБЛИЧНА АДМИНИСТРАЦИЯ
https://www.ipa.government.bg/bg/novini/konferenciya-otvoreni-danni-i-prozrachno-upravlenie
(4): ДОБРИ ПР КТИКИ
https://www.ipa.government.bg/sites/default/files/sbornik_gp_2021.pdf
(5): от 30 април 2026 година
https://iisda.government.bg/annual_report_file/703_4605
(6): Untitled source
https://www.ipa.government.bg/sites/default/files/final_data_report_ipa2024.pdf",90.0,sufficient,prepared_main_pipeline,"{'yes': 20.0, 'no': 0.0, ""i don't know"": 0.0}","{'yes': 20, 'no': 0, ""i don't know"": 0}"
Bulgaria,I27,Impact,"Is any data on the economic impact (e.g. GDP, employment, productivity, innovation,  new businesses created etc.) of open data available in your country such as from research studies, impact assessments, or other systematic investigations that quantify the results or broader effects of open data being reused?

For Explanation:
* If yes, please specify what kind of data source proves this impact and provide the URLs to this data.",no,0.0,"No, there is no direct or well-documented data available from Bulgaria quantifying the economic impact of open data reuse in terms of GDP growth, employment, productivity, innovation, or new business creation. The sources reviewed discuss frameworks, methodologies, or international studies (such as European Commission and Open Data Research Network reports) that outline potential indicators and theoretical economic effects of open data. They also emphasize the importance of open data for innovation and economic development in general and mention ongoing efforts to improve open data availability and quality. However, none of the documents provide concrete Bulgaria-specific research studies, systematic impact assessments, or quantified economic results directly measuring the economic impact of open data reuse in the country. The evidence mainly consists of policy-oriented descriptions, ambitions, and references to international assessment frameworks rather than concrete quantified evidence from local research or impact assessments. Therefore, the strongest supported official response is “no.”

## Sources
(1): Отворени данни и прозрачно управление - ИПА
https://www.ipa.government.bg/sites/default/files/open_data_and_open_government.pdf
(2): ЦИФРОВА ТРАНСФОРМАЦИЯ НА БЪЛГАРИЯ ЗА ...
https://www.mtc.government.bg/sites/default/files/cifrova_transformaciya_na_bulgariya_za_perioda_2020-2030.pdf
(3): Интервю с Антон Герунов, началник на политическия кабинет на Заместник министър-председателя по коалиционната политика и държавната администрация | ИНСТИТУТ ПО ПУБЛИЧНА АДМИНИСТРАЦИЯ
https://www.ipa.government.bg/bg/novini/intervyu-s-anton-gerunov-nachalnik-na-politicheskiya-kabinet-na-zamestnik-ministr-0
(4): ИСУН 2020
https://eumis2020.government.bg/bg/s/Procedure/Info/6fc5eddb-3afa-4e4b-a5db-b56204eb3a43
(5): Общоевропейски портал за отворени данни
https://www.mtc.government.bg/bg/category/214/obschoevropeyski-portal-za-otvoreni-danni
(6): КАТАЛОГ 2023
https://www.ipa.government.bg/sites/default/files/katalog_ipa_2023.pdf",90.0,partial,prepared_main_pipeline,"{'yes': 20.0, 'no': 0.0, ""i don't know"": 0.0}","{'yes': 20, 'no': 0, ""i don't know"": 0}"
Bulgaria,I9,Impact,"Have any public bodies in your country launched or performed any activities in the past year to better understand reusers' needs in order to further stimulate the reuse of open data?

For Explanation:
* If yes, which of the following activities have been performed? Please describe how the activity has helped you better stimulate reuse.
* Multiple answers are possible.",yes,40.0,"Yes, there is evidence that public bodies in Bulgaria have undertaken activities in the past year aimed at better understanding reusers' needs to stimulate the reuse of open data. The IPA 2024 report highlights that institutional respondents have expressed clear needs for training and support related to data usage, including analysis of databases, development of instructions for data handling, visualization, and specialized software training. These activities—such as surveys and consultations gathering institutional needs—directly inform capacity-building efforts and the design of supportive measures that encourage more effective reuse of open data. This focus on understanding user needs through engagement and needs assessments helps tailor interventions and training, thus fostering improved reuse practices and digital transformation. While the evidence does not specify particular workshops or events solely dedicated to reuser engagement, the documented needs assessments, including comprehensive surveys on training and support topics, constitute proactive steps by public bodies to understand and address reusers' requirements. Therefore, Bulgaria has performed relevant activities that contribute to stimulating reuse of open data.

## Sources
(1): Untitled source
https://www.ipa.government.bg/sites/default/files/final_data_report_ipa2024.pdf
(2): ЦИФРОВА ТРАНСФОРМАЦИЯ НА БЪЛГАРИЯ ЗА ...
https://www.mtc.government.bg/sites/default/files/cifrova_transformaciya_na_bulgariya_za_perioda_2020-2030.pdf
(3): Отворени данни и прозрачно управление - ИПА
https://www.ipa.government.bg/sites/default/files/open_data_and_open_government.pdf
(4): КАТАЛОГ 2023
https://www.ipa.government.bg/sites/default/files/katalog_ipa_2023.pdf
(5): Untitled source
https://www.ipa.government.bg/sites/default/files/metodika_korektura_all.pdf",90.0,sufficient,prepared_main_pipeline,"{'yes': 40.0, 'no': 0.0, ""i don't know"": 0.0}","{'yes': 40, 'no': 0, ""i don't know"": 0}"
Bulgaria,P1,Policy,"Is there a national open data policy in your country and, if your country is an EU Member State, does this include a national legislation for the transposition of the Open Data Directive?

For Explanation:
* If yes, please provide (1) the URL and (2) title of the policy document and (3) briefly describe.
* If ‘other’, please provide (1) a brief explanation to support your answer choice and (2) provide the URL and indicate the policy section which explicitly references open data.",yes,40.0,"Yes, Bulgaria has a national open data policy which includes the transposition of the EU Open Data Directive into national legislation. 1) The policy framework and legal basis are referenced in official government and EU-related documents, such as the presentation by the Ministry of Transport and Communications and the IPA report focusing on open data and transparent governance. 2) The official open data portal (https://opendata.government.bg/) serves as a practical implementation tool aligned with national policies and EU directives. 3) The policy framework explicitly acknowledges the transposition of Directive 2013/37/EС and the more recent Directive (EU) 2019/1024 on open data and reuse of public sector information. These are reflected by legal amendments, sublegal acts, and adoption of rules to enhance reusability and access to dynamic real-time data. 4) Additional official information presents Bulgaria as one of the leading EU countries in the development and regulation of open data, confirming operational governance and alignment with the EU policy framework. Thus, Bulgaria has an established national open data policy with documented evidence of legislative transposition of the Open Data Directive supporting the country's open data initiatives.

## Sources
(1): Отворени данни и прозрачно управление - ИПА
https://www.ipa.government.bg/sites/default/files/open_data_and_open_government.pdf
(2): Untitled source
https://www.ipa.government.bg/sites/default/files/open_data_and_open_government.pdf
(3): Политика на ЕС по отворени данни | Министерство на транспорта и съобщенията
https://www.mtc.government.bg/bg/category/214
(4): Open Data Portal
https://testdata.egov.bg/news/view/52
(5): Общоевропейски портал за отворени данни
https://www.mtc.government.bg/bg/category/214/obschoevropeyski-portal-za-otvoreni-danni
(6): Европейската комисия, Генерална дирекция „Съобщителни мрежи, съдържание и технологии“, дирекция „Данни“ , сектор „Политика за данните и иновации“представя на европейския портал за данни зрелостта на отворените данни в Европа след 2015 година | Министерство на транспорта и съобщенията
https://www.mtc.government.bg/bg/category/214/evropeyskata-komisiya-generalna-direkciya-sobschitelni-mrezhi-sdrzhanie-i-tekhnologii-direkciya-danni-sektor-politika-za-dannite-i-inovaciipredstavya-na-evropeyskiya-portal-za-danni-zrelostta-na-otvorenite-danni-v-evropa-sled-2015-godina",95.0,sufficient,prepared_main_pipeline,"{'yes': 40.0, 'no': 0.0, 'other': 40.0}","{'yes': 40, 'no': 0, 'other': 40}"
Bulgaria,P13,Policy,"Is there a governance structure in place that enables the participation and/or inclusion of various open data stakeholders? 

For Explanation:
*  If yes, please briefly describe the governance structure and its operating model",yes,40.0,"Yes, Bulgaria has established a governance structure that supports the participation and inclusion of various open data stakeholders. The legal framework is primarily based on the Law on Access to Public Information, which mandates transparency and repeated use of public sector information. The Ministry of Electronic Governance plays a central coordinating role, maintaining the national Open Data Portal and overseeing the implementation of open data policies. Additionally, ministerial decisions (such as Decisions No. 103/2015, 214/2016, and 897/2016 of the Council of Ministers) provide detailed schedules and standards for data publication in open formats, ensuring consistent and standardized data sharing across public administrations. Furthermore, the governance model includes internal rules within public sector organizations that regulate conditions and procedures for providing repeatable access to information, thereby fostering collaboration with civil society, the private sector, and other stakeholders. Strategic commitments, such as those articulated in national plans aligned with the Open Government Partnership initiatives, emphasize dialogue and cooperation with NGOs, businesses, and citizens to promote open data usage. Overall, the combination of legislative mandates, ministry-led coordination, and structured organizational rules forms a governance framework that enables inclusive participation and stakeholder engagement in Bulgaria's open data ecosystem.

## Sources
(1): Izsledvane_EP-001.p65
https://www.ipa.government.bg/sites/default/files/european_good_practices.pdf
(2): Untitled source
https://www.ipa.government.bg/sites/default/files/open_data_and_open_government.pdf
(3): КАТАЛОГ 2023
https://www.ipa.government.bg/sites/default/files/katalog_ipa_2023.pdf
(4): Национално законодателство - Министерство на електронното управление
https://egov.government.bg/wps/portal/ministry-meu/home/data/open-data/legislation/opendata-legal-national/
(5): Server Error
https://www.moew.government.bg/static/media/ups/tiny/ZAKON_za_dostap_do_obshtestvena_informaciq.pdf",90.0,sufficient,prepared_main_pipeline,"{'yes': 40.0, 'no': 0.0}","{'yes': 40, 'no': 0}"
Bulgaria,P16,Policy,"To what degree do local/regional public bodies conduct open data initiatives? 

For Explanation:
* If not applicable, please explain why.",few public bodies,5.0,"The available evidence indicates that in Bulgaria, local and regional public bodies are engaged in open data initiatives, but their engagement is limited to a small number rather than widespread adoption. 1. Legal and strategic foundations, such as amendments to the Law on Access to Public Information and alignment with EU directives (e.g., Directive 2013/37/EC), set clear obligations for public administrations to increase transparency and open data publication. However, these mandates appear to be more strongly focused on central government bodies rather than a broad swath of local or regional entities. 2. The existence of national portals and coordination by ministries shows an institutional framework and some local involvement. Yet, the evidence specifically notes that regional and municipal administrations do not have equivalent comprehensive responsibilities under the Law on Spatial Data Access and related implementing guidelines, which limits their direct participation in open data publishing. 3. The references to technical guidelines and training target both central and territorial administrations but do not substantiate widespread or majority-level open data initiatives across local/regional public bodies. In conclusion, while some local and regional entities in Bulgaria engage in open data activities, the evidence does not demonstrate that this is the majority or even half of these bodies. The best-supported assessment is that few public bodies conduct open data initiatives at local or regional levels.

## Sources
(1): Отворени данни и прозрачно управление - ИПА
https://www.ipa.government.bg/sites/default/files/open_data_and_open_government.pdf
(2): Untitled source
https://www.ipa.government.bg/sites/default/files/open_data_and_open_government.pdf
(3): КАТАЛОГ 2023
https://www.ipa.government.bg/sites/default/files/katalog_ipa_2023.pdf
(4): Общоевропейски портал за отворени данни
https://www.mtc.government.bg/bg/category/214/obschoevropeyski-portal-za-otvoreni-danni
(5): Izsledvane_EP-001.p65
https://www.ipa.government.bg/sites/default/files/european_good_practices.pdf
(6): от 30 април 2026 година
https://iisda.government.bg/annual_report_file/703_4605",85.0,partial,prepared_main_pipeline,"{'all public bodies': 20.0, 'the majority of public bodies': 15.0, 'approximately half of the public bodies': 10.0, 'few public bodies': 5.0, 'none of the public bodies': 0.0, 'not applicable': 20.0}","{'all public bodies': 20, 'the majority of public bodies': 15, 'approximately half of the public bodies': 10, 'few public bodies': 5, 'none of the public bodies': 0, 'not applicable': 20}"
Bulgaria,P2,Policy,"Is there a national open data strategy in your country?

For Explanation:
* If yes, please provide (1) the URL to the strategy and (2) describe the main highlights.  
* If 'not applicable', please provide (1) a brief explanation to support your answer choice and provide (2) the URL and indicate the policy section which explicitly references objectives, actions/measures, delivery timelines etc.",yes,40.0,"Yes, Bulgaria has a national open data strategy framework embedded principally through commitments made in its official plans and reforms related to access to public information and open data governance. 1) There are references to Bulgaria transposing and implementing EU directives specifically aimed at open data, notably Directive 2013/37/EU on the reuse of public sector information, and ongoing changes to the Law on Access to Public Information that expand and refine obligations for data publication, coordination, control, and open data principles. 2) Strategic intentions include prioritizing information opening, establishing clear technical standards for public sector IT systems, promoting administrative uptake of open data initiatives, and undertaking legislative reforms to support these objectives. 3) Bulgaria also follows a roadmap for open data reforms through dialogue with civil society, business, and stakeholders, as indicated in strategic and planning documents from the Ministry of Transport, Information Technology and Communications and related governance bodies. The country participates actively in EU-level open data initiatives and has introduced concrete measures for enhancing data openness and transparency across public administration. 4) Although the evidence does not name a single consolidated document explicitly titled a ""national open data strategy,"" the combination of legal acts, public commitments, strategic adjustments, and operational measures effectively constitute a national open data strategy that includes objectives, actions, and timelines. The Ministry of Transport, Information Technology and Communications site and associated IPA publications (such as https://www.ipa.government.bg/sites/default/files/open_data_and_open_government.pdf) provide substantiation for this. Hence, Bulgaria’s approach meets the criteria for having a national open data strategy under the assessment parameters.

## Sources
(1): Общоевропейски портал за отворени данни
https://www.mtc.government.bg/bg/category/214/obschoevropeyski-portal-za-otvoreni-danni
(2): Diapositiva 1
https://www.ipa.government.bg/sites/default/files/open-data-boyana-final_2.pdf
(3): Untitled source
https://www.ipa.government.bg/sites/default/files/open_data_and_open_government.pdf
(4): Отворени данни и прозрачно управление - ИПА
https://www.ipa.government.bg/sites/default/files/open_data_and_open_government.pdf
(5): КАТАЛОГ 2023
https://www.ipa.government.bg/sites/default/files/katalog_ipa_2023.pdf
(6): Конференция „Отворени данни и прозрачно управление“ | ИНСТИТУТ ПО ПУБЛИЧНА АДМИНИСТРАЦИЯ
https://www.ipa.government.bg/bg/novini/konferenciya-otvoreni-danni-i-prozrachno-upravlenie",90.0,sufficient,prepared_main_pipeline,"{'yes': 40.0, 'no': 0.0, 'not applicable': 40.0}","{'yes': 40, 'no': 0, 'not applicable': 40}"
Bulgaria,P22,Policy,"Do data publication plans exist at public body level?

For Explanation:
* If yes, please provide the URL and briefly highlight the key aspects covered.",yes,20.0,"Yes, data publication plans exist at the public body level in Bulgaria. The key legal basis is Article 15b of the Law on Access to Public Information (Закон за достъп до обществена информация), which mandates that each public sector organization annually plans the phased publication on the internet of datasets, information arrays, and resources it maintains that are freely accessible in an open format. Furthermore, executive bodies are required to include this objective in their annual administrative goals as stipulated under the Law on Administration. The Council of Ministers, upon the proposal of the Minister of Electronic Governance, annually approves a list of datasets to be published in open format. This establishes a clear governance framework requiring organizations to prepare and maintain publication plans as part of their official duties. The Minister of Electronic Governance also holds the authority to request public bodies to publish data on the Open Data Portal. The legal text is publicly available, for example, at https://investbg.government.bg/wp-content/uploads/2024/02/ZAKON_za_dostap_do_obshtestvena_informaciq.pdf, providing transparency and official guidance supporting this requirement.

## Sources
(1): Server Error
https://www.moew.government.bg/static/media/ups/tiny/ZAKON_za_dostap_do_obshtestvena_informaciq.pdf
(2): ЗАКОН за достъп до обществена информация
https://investbg.government.bg/wp-content/uploads/2024/02/ZAKON_za_dostap_do_obshtestvena_informaciq.pdf
(3): Национално законодателство - Министерство на електронното управление
https://egov.government.bg/wps/portal/ministry-meu/home/data/open-data/legislation/opendata-legal-national/
(4): ЗАКОН ЗА ДОСТЪП ДО ОБЩЕСТВЕНА ИНФОРМАЦИЯ
https://www.mlsp.government.bg/uploads/30/zdoi/za-dostp-do-obshchestvena-informatsiya.pdf
(5): ЗАКОН ЗА ДОСТЪП ДО ОБЩЕСТВЕНА ИНФОРМАЦИЯ
https://www.mlsp.government.bg/uploads/30/dostp-do-obshchestvena-informatsiya/kodeksi-i-zakoni/za-dostp-do-obshchestvena-informatsiya.pdf",0.95,sufficient,prepared_main_pipeline,"{'yes': 20.0, 'no': 0.0}","{'yes': 20, 'no': 0}"
Bulgaria,P24,Policy,"Are there processes to ensure that the open data policies/strategy previously mentioned are updated and revised as needed?

For explanation:
* If yes, please describe the process and any recent updates made to strategy/policy",yes,20.0,"Yes, Bulgaria has established formal processes to ensure that its open data policies and strategies are updated and revised as needed. Firstly, the national framework for open data includes the development of strategic, tactical, and operational plans with defined goals, timelines, and responsibilities for the advancement of open data initiatives at the sector (ministry) level. This is supported by the creation of expert and working groups that meet regularly (every six months) to analyze activities and evaluate outcomes based on the strategic documents. Secondly, compliance with legal requirements for publishing and updating datasets is embedded in national legislation such as the Law on Access to Public Information and other complementary regulations, which mandate data re-publication at least once every 30 days and enforce responsibilities at the level of individual public sector bodies. Entities integrate specific open data objectives into their annual operational plans, which are reflected in national electronic governance reports. These mechanisms collectively support continual review, updating, and refinement of open data policies and their implementation strategies. Therefore, Bulgaria maintains an ongoing, structured process to revise open data policies and ensure their relevance and effectiveness over time.

## Sources
(1): Отворени данни и прозрачно управление - ИПА
https://www.ipa.government.bg/sites/default/files/open_data_and_open_government.pdf
(2): Национално законодателство - Министерство на електронното управление
https://egov.government.bg/wps/portal/ministry-meu/home/data/open-data/legislation/opendata-legal-national/
(3): Платформа за достъп до обществена информация
https://pitay.government.bg/documents/naredba-za-standartnite-usloviya-za-povtorno-izpolzvane-na-informaciya
(4): от 30 април 2026 година
https://iisda.government.bg/annual_report_file/703_4605
(5): Diapositiva 1
https://www.ipa.government.bg/sites/default/files/open-data-boyana-final_2.pdf",90.0,sufficient,prepared_main_pipeline,"{'yes': 20.0, 'no': 0.0}","{'yes': 20, 'no': 0}"
Bulgaria,P3,Policy,"Is there an open data policy/strategy at regional or local level?

For Explanation:
* If yes, please (1) provide the URL and (2) title of the document(s) and (3) briefly describe.",no,0.0,"No, there is no evidence of a dedicated open data policy or strategy at the regional or local levels in Bulgaria. The available evidence primarily refers to national-level frameworks, including the national portal for open data and national legislation that governs open data publication and use. Discussions in the documents and presentations focus on national initiatives, technical requirements for public sector information systems at the state level, and legal frameworks supporting open data at the central government. There is mention of encouraging local administrations to adopt open data initiatives, but no specific regional or municipal level policy or strategy document is identified in the provided sources. Hence, the response aligns with the absence of documented regional or local open data policies or strategies.

## Sources
(1): Общоевропейски портал за отворени данни
https://www.mtc.government.bg/bg/category/214/obschoevropeyski-portal-za-otvoreni-danni
(2): Untitled source
https://www.ipa.government.bg/sites/default/files/open_data_and_open_government.pdf
(3): Diapositiva 1
https://www.ipa.government.bg/sites/default/files/open-data-boyana-final_2.pdf
(4): от 30 април 2026 година
https://iisda.government.bg/annual_report_file/703_4605
(5): Национално законодателство - Министерство на електронното управление
https://egov.government.bg/wps/portal/ministry-meu/home/data/open-data/legislation/opendata-legal-national/",90.0,sufficient,prepared_main_pipeline,"{'yes': 20.0, 'no': 0.0, 'not applicable': 20.0}","{'yes': 20, 'no': 0, 'not applicable': 20}"
Bulgaria,P4,Policy,"Does the national strategy/policy include an action plan with measures to be implemented in the open data field?

For Explanation:
If yes, please briefly describe the main measures described by the action plan.",no,0.0,"No, the provided evidence does not reveal the existence of a national strategy or policy for open data in Bulgaria that includes an action plan with concrete measures to be implemented in the open data field. The documents referenced focus on broader themes such as corporate social responsibility, transparency, and the use of data in policy assessment, but they do not explicitly detail an action plan, roadmap, or implementation measures targeted specifically at open data development. For example, the ""План за изпълнение за периода 2025–2026 г."" pertains to corporate social responsibility and sustainable development with multiple stakeholder involvement but does not include direct measures for open data. Other materials discuss open data conceptually or note global trends and commitments, but do not provide a clear Bulgarian open data action plan with milestones, governance, or operational measures. Therefore, no clear evidence supports that the national strategy or policy explicitly incorporates an open data action plan.

## Sources
(1): План за изпълнение за периода 2025– 2026 г. на Рамковата политика за насърчаване развитието на Корпоративна социална отговорност и устойчивост
https://www.mlsp.government.bg/uploads/51/zhrdpsi-1/kso/plan-2025-2026-politika-kso.pdf
(2): Отворени данни и прозрачно управление - ИПА
https://www.ipa.government.bg/sites/default/files/open_data_and_open_government.pdf
(3): Untitled source
https://www.ipa.government.bg/sites/default/files/final_data_report_ipa2024.pdf
(4): Izsledvane_EP-001.p65
https://www.ipa.government.bg/sites/default/files/european_good_practices.pdf",90.0,sufficient,prepared_main_pipeline,"{'yes': 20.0, 'no': 0.0}","{'yes': 20, 'no': 0}"
Estonia,I1,Impact,"Do you have a definition of open data reuse in your country?
 
For Explanation:
* If yes, please specify it.",yes,20.0,"Yes, Estonia has a clear and explicit approach defining open data reuse within its policy framework and official documentation. 1. The Estonian data portal and the information system authority outline the requirements for public sector bodies to provide access to open data in accordance with the Public Information Act, emphasizing data reuse in machine-readable and open formats. 2. The government’s regulation and strategies emphasize enabling reuse of data, including restricted data under certain conditions, thereby embodying a formal understanding of the concept of open data reuse, not merely examples of reuse. 3. The Andmete teabevärav (Data Gateway) published by the Information System Authority explicitly defines data reuse as the use of data originally collected for different purposes, stating that open data reuse tends to be free and available for both commercial and non-commercial goals. It lays out the societal benefits of such reuse, covering governmental, academic, business, media, and citizen perspectives, which clearly underpin the concept and its intentional promotion. 4. Additionally, Estonia’s Digital Agenda and strategic documents reference reuse as a fundamental element by requiring data to be accessible and reused actively, indicating a formalized policy definition. Thus, Estonia’s documentation does not only provide examples or benefits but supports a structured and explicit definition of open data reuse within its data governance and public information policies.

## Sources
(1): Estonian data portal | RIA
https://www.ria.ee/en/state-information-system/data-based-governance-and-reuse-data/estonian-data-portal
(2): IMPROVEMENTACTIONS ESTONIA
https://stat.ee/sites/default/files/2024-11/IMPROVEMENT%20ACTIONS%20ESTONIA.pdf
(3): Andmete ja tehisintellekti valge raamat 2024-2030
https://mkm.ee/sites/default/files/documents/2024-02/Tehisintellekti%20ja%20andmete%20valge%20raamat%202024-2030.pdf
(4): Eesti tegevuskava avatud valitsemise partnerluses osalemisel 2014-2016
http://avatudvalitsemine.ee/wp-content/uploads/2014/06/AVP-tegevuskava-2014-2016.pdf
(5): Estonia’s Digital Agenda
https://mkm.ee/media/6970/download
(6): Andmete teabevärav | RIA
https://www.ria.ee/riigi-infosusteem/andmepohine-riigivalitsemine-ja-andmete-taaskasutus/andmete-teabevarav",0.9,sufficient,prepared_main_pipeline,"{'yes': 20.0, 'no': 0.0}","{'yes': 20, 'no': 0}"
Estonia,I10,Impact,"Have any public bodies in your country developed any systematic way of gathering reuse cases?

For Explanation:
* If yes, please provide a brief explanation of the process: How does the gathering happen?",yes,20.0,"Yes, public bodies in Estonia have developed systematic ways to gather reuse cases of open data. The Ministry of Economic Affairs and Communications (MKM), in cooperation with the State Information System Authority (RIA) and other partners, has actively promoted open data reuse since 2018. In particular, MKM conducted a mapping exercise at the end of 2022 to assess the status and impact of open data reuse within public sector institutions. This exercise specifically included gathering insights on reuse needs, practices, and challenges across these institutions, indicating a structured approach to monitoring and collecting reuse cases (Andmete ja tehisintellekti valge raamat 2024-2030). Furthermore, Estonia’s Open Government Partnership (OGP) action plans have measures to support public consultations and transparency, which indirectly support tracking and sharing of data reuse impacts through engagement with various stakeholders (Eesti avatud valitsemise partnerluse tegevuskava 2022–2024). 1. Methodology: MKM’s 2022 short mapping of open data status involved systematic data collection from institutions, highlighting reuse needs and gaps, showing this is not a one-off case but part of ongoing monitoring.
2. Institutional Involvement: MKM and RIA’s coordinated efforts suggest institutional responsibility and recurring activities related to reuse case gathering.
3. Impact Evidence: The mapping identified barriers such as lack of competence and systematic organization, demonstrating active review and potential for improvement. Thus, the evidence clearly supports that Estonia has a systematic process involving public bodies for gathering and monitoring reuse cases, rather than isolated examples.

## Sources
(1): Eesti avatud valitsemise partnerluse tegevuskava 2022–2024
https://www.riigikantselei.ee/sites/default/files/documents/2022-09/Eesti%20avatud%20valitsemise%20partnerluse%20tegevuskava%202022-2024%20%28kinnitatud%29.pdf
(2): Andmete ja tehisintellekti valge raamat 2024-2030
https://mkm.ee/sites/default/files/documents/2024-02/Tehisintellekti%20ja%20andmete%20valge%20raamat%202024-2030.pdf
(3): Untitled source
https://digikogu.taltech.ee/et/Download/86f50514-87ff-4fb1-9c79-f38c67acb919
(4): Eesti tegevuskava avatud valitsemise partnerluses osalemisel 2014-2016
http://avatudvalitsemine.ee/wp-content/uploads/2014/06/AVP-tegevuskava-2014-2016.pdf",90.0,sufficient,prepared_main_pipeline,"{'yes': 20.0, 'no': 0.0, ""i don't know"": 0.0}","{'yes': 20, 'no': 0, ""i don't know"": 0}"
Estonia,I12,Impact,"Is any data on the impact created by open data on governmental challenges (e.g. efficiency, effectiveness, transparency, decision-making capacity) available in your country such as from research studies, impact assessments, or other systematic investigations that quantify the results or broader effects of open data being reused?

For Explanation:
* If yes, please (1) specify what kind of data source proves this impact and (2) provide the URLs to this data.",yes,20.0,"Yes, there is documented evidence of the impact created by open data in Estonia on governmental challenges such as efficiency, transparency, and decision-making capacity. Firstly, the Estonian Ministry of Economic Affairs and Communications provides the “Andmete ja tehisintellekti valge raamat 2024-2030” (Data and Artificial Intelligence White Paper 2024-2030), which highlights how quality open datasets related to governance and other sectors enhance innovation, economic growth, transparency, and better decision-making. The white paper also discusses the use of AI systems that rely on open data to automate processes and improve the quality of decisions, leading to increased productivity and reliability across multiple sectors. Secondly, the Estonian Data Portal and related official resources describe how open data reuse reduces duplicated data collection and query costs, supports data-driven policymaking, and improves public sector service delivery and transparency. Thirdly, the Estonian Open Government Partnership Action Plans (2014-2016 and 2022-2024) outline coordinated government initiatives to foster open data reuse, aiming explicitly to increase public sector transparency, stimulate innovation, and support collaborative policymaking with measurable outcomes. These sources represent systematic investigations and official government documents that quantify or demonstrate the real effects of open data reuse, including improvements in governance and public administration. Relevant URLs include the official white paper and government data portal: https://mkm.ee/sites/default/files/documents/2024-02/Tehisintellekti%20ja%20andmete%20valge%20raamat%202024-2030.pdf and https://www.ria.ee/en/state-information-system/data-based-governance-and-reuse-data/estonian-data-portal.

## Sources
(1): Andmete ja tehisintellekti valge raamat 2024-2030
https://mkm.ee/sites/default/files/documents/2024-02/Tehisintellekti%20ja%20andmete%20valge%20raamat%202024-2030.pdf
(2): Untitled source
https://digikogu.taltech.ee/et/Download/86f50514-87ff-4fb1-9c79-f38c67acb919
(3): Eesti tegevuskava avatud valitsemise partnerluses osalemisel 2014-2016
http://avatudvalitsemine.ee/wp-content/uploads/2014/06/AVP-tegevuskava-2014-2016.pdf
(4): Estonian data portal | RIA
https://www.ria.ee/en/state-information-system/data-based-governance-and-reuse-data/estonian-data-portal
(5): Eesti avatud valitsemise partnerluse tegevuskava 2022–2024
https://www.riigikantselei.ee/sites/default/files/documents/2022-09/Eesti%20avatud%20valitsemise%20partnerluse%20tegevuskava%202022-2024%20%28kinnitatud%29.pdf
(6): Andmete teabevärav | RIA
https://www.ria.ee/riigi-infosusteem/andmepohine-riigivalitsemine-ja-andmete-taaskasutus/andmete-teabevarav",90.0,sufficient,prepared_main_pipeline,"{'yes': 20.0, 'no': 0.0, ""i don't know"": 0.0}","{'yes': 20, 'no': 0, ""i don't know"": 0}"
Estonia,I17,Impact,"Is any data on the impact created by open data on social challenges (e.g. inequality, healthcare, education) available in your country such as from research studies, impact assessments, or other systematic investigations that quantify the results or broader effects of open data being reused?

For Explanation:
* If yes, please (1) specify what kind of data source proves this impact and (2) provide the URLs to this data.",yes,20.0,"Yes, Estonia provides evidence of the social impact generated by open data reuse through documented methodologies and strategic national initiatives. 1. The ""Andmete ja tehisintellekti valge raamat 2024-2030"" (Data and Artificial Intelligence White Paper) outlines the broad availability of high-quality and extensive open datasets covering governance, financing, spatial location, environment, and other domains. It highlights how these data sources foster innovation, economic growth, and transparency for citizens, researchers, and businesses, all of which contribute indirectly to social outcomes including education and public awareness. 2. The Estonian data portal and the associated guidelines emphasize enabling reuse of open data for research, innovation, and transparent governance, which enhance societal value by improving citizen understanding and supporting new services. 3. The ""Avaandmete loomise ja avaldamise juhend"" (Open Data Creation and Publication Guide) explains the methodology for monitoring data usage impact through statistics collection and analysis. This impact assessment supports decisions on data quality improvements and engagement focus, effectively linking open data usage to measurable benefits such as time savings, better data quality, and increased transparency. 4. In addition, the Estonian Open Government Partnership Action Plan 2022-2024 includes provisions for developing data-driven decision-making solutions and associated impact assessments involving ministries, civil society, and international bodies. This demonstrates the country's systematic effort to quantify and enhance open data's social impact, including on social challenges like education and awareness. The URLs supporting these findings include the official Estonian data portal (https://www.ria.ee/en/state-information-system/data-based-governance-and-reuse-data/estonian-data-portal) and the White Paper on Data and AI (https://mkm.ee/sites/default/files/documents/2024-02/Tehisintellekti%20ja%20andmete%20valge%20raamat%202024-2030.pdf). Overall, while direct quantitative impact metrics on specific social challenges may not be extensively detailed, the documented frameworks, evaluations, and national strategies confirm systematic data collection and analysis regarding the broader societal effects of open data reuse in Estonia.

## Sources
(1): Andmete ja tehisintellekti valge raamat 2024-2030
https://mkm.ee/sites/default/files/documents/2024-02/Tehisintellekti%20ja%20andmete%20valge%20raamat%202024-2030.pdf
(2): Estonian data portal | RIA
https://www.ria.ee/en/state-information-system/data-based-governance-and-reuse-data/estonian-data-portal
(3): Andmete teabevärav | RIA
https://www.ria.ee/riigi-infosusteem/andmepohine-riigivalitsemine-ja-andmete-taaskasutus/andmete-teabevarav
(4): Untitled source
https://digikogu.taltech.ee/et/Download/86f50514-87ff-4fb1-9c79-f38c67acb919
(5): Avaandmete loomise ja avaldamise juhend | RIA andmevahetuse abikeskus
https://abi.ria.ee/teabevarav/avaandmete-loomise-ja-avaldamise-juhend
(6): Eesti avatud valitsemise partnerluse tegevuskava 2022–2024
https://www.riigikantselei.ee/sites/default/files/documents/2022-09/Eesti%20avatud%20valitsemise%20partnerluse%20tegevuskava%202022-2024%20%28kinnitatud%29.pdf",0.9,sufficient,prepared_main_pipeline,"{'yes': 20.0, 'no': 0.0, ""i don't know"": 0.0}","{'yes': 20, 'no': 0, ""i don't know"": 0}"
Estonia,I2,Impact,"Are there any processes in place to monitor the level of reuse of your country's open data?
 
For Explanation:
* If yes, please (1) briefly describe these processes and (2) provide the URLs to support the answer.",yes,20.0,"Yes, Estonia has processes in place to monitor the reuse of its open data, as evidenced by ongoing government efforts to assess and improve data governance and reuse effectiveness. Specifically: 1. The Ministry of Economic Affairs and Communications (MKM), in cooperation with the State Information System Authority (RIA), Statistics Estonia, and others, is actively engaged in monitoring and improving data management and reuse. Since 2020, these entities have developed guidelines, conducted training, and organized networks of data stewards to foster systematic data governance across public institutions. 2. In 2022, MKM carried out a mapping exercise assessing the current state of data governance and reuse, which identified key challenges and informed the development of a comprehensive data governance maturity model and assessment framework planned for release by 2025. This framework is intended to systematically monitor data reuse and its impact within both public and increasingly in the private sector. 3. The Ministry has set specific targets and improvement actions (e.g., increasing publication of open data by 50% compared to 2021) and engages in peer review and guidelines development through Statistics Estonia to enhance data quality and reuse monitoring. 4. The Estonian Data Portal, managed by RIA, supports reuse by providing open data in machine-readable formats and maintaining access procedures that encourage reuse while respecting legal restrictions. This centralized infrastructure implies ongoing monitoring to maintain data quality and usability, which are essential prerequisites for reuse measurement. For detailed official documentation on these processes and policies, see the ""Andmete ja tehisintellekti valge raamat 2024-2030"" (https://mkm.ee/sites/default/files/documents/2024-02/Tehisintellekti%20ja%20andmete%20valge%20raamat%202024-2030.pdf) and the improvement actions document by Statistics Estonia (https://stat.ee/sites/default/files/2024-11/IMPROVEMENT%20ACTIONS%20ESTONIA.pdf). These confirm that Estonia has established systematic and evolving mechanisms to monitor open data reuse and its related impacts.

## Sources
(1): Andmete ja tehisintellekti valge raamat 2024-2030
https://mkm.ee/sites/default/files/documents/2024-02/Tehisintellekti%20ja%20andmete%20valge%20raamat%202024-2030.pdf
(2): Eesti tegevuskava avatud valitsemise partnerluses osalemisel 2014-2016
http://avatudvalitsemine.ee/wp-content/uploads/2014/06/AVP-tegevuskava-2014-2016.pdf
(3): Untitled source
https://digikogu.taltech.ee/et/Download/86f50514-87ff-4fb1-9c79-f38c67acb919
(4): IMPROVEMENTACTIONS ESTONIA
https://stat.ee/sites/default/files/2024-11/IMPROVEMENT%20ACTIONS%20ESTONIA.pdf
(5): Estonian data portal | RIA
https://www.ria.ee/en/state-information-system/data-based-governance-and-reuse-data/estonian-data-portal",0.95,sufficient,prepared_main_pipeline,"{'yes': 20.0, 'no': 0.0, ""i don't know"": 0.0}","{'yes': 20, 'no': 0, ""i don't know"": 0}"
Estonia,I27,Impact,"Is any data on the economic impact (e.g. GDP, employment, productivity, innovation,  new businesses created etc.) of open data available in your country such as from research studies, impact assessments, or other systematic investigations that quantify the results or broader effects of open data being reused?

For Explanation:
* If yes, please specify what kind of data source proves this impact and provide the URLs to this data.",yes,20.0,"Yes, there is evidence in Estonia demonstrating the economic impact of open data reuse, supported by government research and strategic documents. 1. The ""Andmete ja tehisintellekti valge raamat 2024-2030"" white paper highlights that the availability of high-quality open datasets across various domains—including governance, financing, spatial location, and environment—fosters innovation, economic growth, and transparency. It explicitly notes that access to quality data enables citizens, researchers, and businesses to make better decisions, which supports economic activities. 2. The same document references a large European Union open data market valued at up to €334 billion by 2025, growing annually by 15.9%, with open data comprising a central part of the data economy. 3. It further connects open data reuse and AI adoption with productivity improvements, enhanced product quality, and supply chain reliability in multiple sectors, indicating measurable economic effects like workforce skill shifts and potential job impacts. 4. Additionally, the Estonian Data Portal and related initiatives overseen by the State Information System Authority (RIA) facilitate reuse of public sector data by businesses and the wider society to develop new business models, products, and services. This institutional support, combined with monitoring and usage analytics described in open data publishing guidelines, reflects a structured approach to capturing and understanding the economic benefits arising from open data reuse. Taken together, these points provide documented, research-backed evidence and systematic investigation of the broader economic impacts of open data in Estonia. Further information and the strategic context can be found in the white paper at https://mkm.ee/sites/default/files/documents/2024-02/Tehisintellekti%20ja%20andmete%20valge%20raamat%202024-2030.pdf.

## Sources
(1): Andmete ja tehisintellekti valge raamat 2024-2030
https://mkm.ee/sites/default/files/documents/2024-02/Tehisintellekti%20ja%20andmete%20valge%20raamat%202024-2030.pdf
(2): Untitled source
https://digikogu.taltech.ee/et/Download/86f50514-87ff-4fb1-9c79-f38c67acb919
(3): Estonian companies have high levels of transparency | E-Residency
https://www.e-resident.gov.ee/blog/posts/heres-why-estonian-companies-have-high-levels-of-transparency/
(4): Andmete teabevärav | RIA
https://www.ria.ee/riigi-infosusteem/andmepohine-riigivalitsemine-ja-andmete-taaskasutus/andmete-teabevarav
(5): Estonian data portal | RIA
https://www.ria.ee/en/state-information-system/data-based-governance-and-reuse-data/estonian-data-portal
(6): Avaandmete loomise ja avaldamise juhend | RIA andmevahetuse abikeskus
https://abi.ria.ee/teabevarav/avaandmete-loomise-ja-avaldamise-juhend",0.9,sufficient,prepared_main_pipeline,"{'yes': 20.0, 'no': 0.0, ""i don't know"": 0.0}","{'yes': 20, 'no': 0, ""i don't know"": 0}"
Estonia,I9,Impact,"Have any public bodies in your country launched or performed any activities in the past year to better understand reusers' needs in order to further stimulate the reuse of open data?

For Explanation:
* If yes, which of the following activities have been performed? Please describe how the activity has helped you better stimulate reuse.
* Multiple answers are possible.",yes,40.0,"Yes, public bodies in Estonia have undertaken activities in the past year to better understand reusers' needs with the goal of stimulating open data reuse. Specifically, the Ministry of Economic Affairs and Communications (MKM), together with the Estonian Information System Authority (RIA) and other partners, has actively promoted open data since 2018. To assess the impact of their activities and gather additional input, at the end of 2022 MKM conducted a brief mapping exercise examining the current state of open data within agencies. This exercise identified key issues such as lack of data management skills and limited systematic organization of data activities. Notably, the mapping revealed that as of 2023, 78% of data holders do not map reusers' needs, indicating awareness of this gap. The mapping itself is an example of an engagement activity aimed at better understanding reuser requirements. This proactive assessment helps inform targeted capacity-building efforts and the development of supporting communities to cultivate skills and encourage data publishing and reuse. By identifying impediments such as insufficient competencies and resource challenges especially at local government level, the public bodies can tailor interventions to stimulate open data reuse effectively. Thus, the conducted user needs mapping and continuous promotion of open data policies demonstrate a structured approach to engaging with and understanding reusers' needs to enhance data reuse. In summary:
1. MKM and partners have conducted a systematic short mapping survey of open data practices and reuser needs in late 2022.
2. Results highlighted important barriers and gaps in understanding reusers, guiding better support for reuse.
3. This activity informs capacity-building and community support to effectively stimulate open data reuse. This direct evidence supports selecting “yes” to the question about efforts to understand reuser needs fostering reuse.

## Sources
(1): Andmete ja tehisintellekti valge raamat 2024-2030
https://mkm.ee/sites/default/files/documents/2024-02/Tehisintellekti%20ja%20andmete%20valge%20raamat%202024-2030.pdf
(2): Eesti tegevuskava avatud valitsemise partnerluses osalemisel 2014-2016
http://avatudvalitsemine.ee/wp-content/uploads/2014/06/AVP-tegevuskava-2014-2016.pdf
(3): Untitled source
https://digikogu.taltech.ee/et/Download/86f50514-87ff-4fb1-9c79-f38c67acb919
(4): Estonia’s Digital Agenda
https://mkm.ee/media/6970/download
(5): Eesti avatud valitsemise partnerluse tegevuskava 2022–2024
https://www.riigikantselei.ee/sites/default/files/documents/2022-09/Eesti%20avatud%20valitsemise%20partnerluse%20tegevuskava%202022-2024%20%28kinnitatud%29.pdf",0.9,sufficient,prepared_main_pipeline,"{'yes': 40.0, 'no': 0.0, ""i don't know"": 0.0}","{'yes': 40, 'no': 0, ""i don't know"": 0}"
Estonia,P1,Policy,"Is there a national open data policy in your country and, if your country is an EU Member State, does this include a national legislation for the transposition of the Open Data Directive?

For Explanation:
* If yes, please provide (1) the URL and (2) title of the policy document and (3) briefly describe.
* If ‘other’, please provide (1) a brief explanation to support your answer choice and (2) provide the URL and indicate the policy section which explicitly references open data.",yes,40.0,"Yes, Estonia has a national open data policy framework that includes legislation and guidance consistent with the transposition of the EU Open Data Directive. 1. Legal and Strategic Basis: The ""Avaandmete loomise ja avaldamise juhend"" (Open Data Creation and Publication Guide) explicitly references Estonia's Public Information Act (Avaliku teabe seadus) and other laws that establish access and reuse rights for public data. This guide is a formal document supporting the opening and reuse of public sector data, highlighting the legislative foundation for open data in Estonia. 2. Policy and Implementation Support: Estonia’s digital governance is shaped by official strategies such as the Digital Agenda 2030 as well as the Open Government Partnership Action Plans, which promote open data publication, reuse, and data-driven decision-making processes. The guide and policy documents are maintained by the government to ensure continuous compliance with evolving data governance rules and best practices. 3. Evidence of Transposition of EU Open Data Directive: The references in the guide and the ongoing implementation efforts demonstrate the integration of the directive's principles into national legislation and practice. The Public Information Act and other statutes provide the legal basis for openness and sharing of government data, ensuring Estonia’s compliance as an EU Member State. The URL for the key open data publication guide is https://abi.ria.ee/teabevarav/avaandmete-loomise-ja-avaldamise-juhend, which explicitly references open data policy and legislation. Thus, Estonia has a formal national open data policy framework that includes the legislative foundation required for the EU Open Data Directive transposition.

## Sources
(1): Andmete ja tehisintellekti valge raamat 2024-2030
https://mkm.ee/sites/default/files/documents/2024-02/Tehisintellekti%20ja%20andmete%20valge%20raamat%202024-2030.pdf
(2): Untitled source
https://digikogu.taltech.ee/et/Download/86f50514-87ff-4fb1-9c79-f38c67acb919
(3): Estonia’s Digital Agenda
https://mkm.ee/media/6970/download
(4): Eesti tegevuskava avatud valitsemise partnerluses osalemisel 2014-2016
http://avatudvalitsemine.ee/wp-content/uploads/2014/06/AVP-tegevuskava-2014-2016.pdf
(5): Eesti avatud valitsemise partnerluse tegevuskava 2022–2024
https://www.riigikantselei.ee/sites/default/files/documents/2022-09/Eesti%20avatud%20valitsemise%20partnerluse%20tegevuskava%202022-2024%20%28kinnitatud%29.pdf
(6): Avaandmete loomise ja avaldamise juhend | RIA andmevahetuse abikeskus
https://abi.ria.ee/teabevarav/avaandmete-loomise-ja-avaldamise-juhend",90.0,sufficient,prepared_main_pipeline,"{'yes': 40.0, 'no': 0.0, 'other': 40.0}","{'yes': 40, 'no': 0, 'other': 40}"
Estonia,P13,Policy,"Is there a governance structure in place that enables the participation and/or inclusion of various open data stakeholders? 

For Explanation:
*  If yes, please briefly describe the governance structure and its operating model",yes,40.0,"Yes, Estonia has a governance structure that enables participation and inclusion of various open data stakeholders. This structure is primarily embodied in the Open Governance Partnership (AVP) framework and its related action plans, such as the 2022–2024 AVP Action Plan, which formalizes the role of an open governance expert group. This group is tasked with systematically mapping and enhancing co-creative policy-making processes across public sector institutions, ensuring the involvement of diverse stakeholder groups including government bodies, civil society, and private sector representatives. 1. Legal and Strategic Basis: The AVP action plans (both past and current) serve as the legal and strategic foundation for fostering stakeholder inclusion. The 2014–2016 and 2022–2024 action plans illustrate a coordinated effort led by the Government Office (Riigikantselei) to engage a broad network of stakeholders through consultations, roundtables with non-governmental organizations, ministries, and private sector actors. 2. Governance and Operational Model: An expert group (avatud valitsemise eksperdirühm) plays a key role in overseeing and advising on co-creation policies, updating toolkits for collaborative policy development, and supporting the introduction of digital platforms (like the KOOS co-creation platform) that facilitate stakeholder participation throughout the legislative and service development lifecycle. These mechanisms provide transparent, interactive, and documented channels for ideas and feedback from various participants, strengthening inclusiveness and transparency. Therefore, Estonia’s governance model integrates multiple ministries, agencies, civil society groups, and private sector partners in an institutionalized, consultative, and participatory framework designed to advance open data and open governance principles at all government levels.

## Sources
(1): Eesti avatud valitsemise partnerluse tegevuskava 2022–2024
https://www.riigikantselei.ee/sites/default/files/documents/2022-09/Eesti%20avatud%20valitsemise%20partnerluse%20tegevuskava%202022-2024%20%28kinnitatud%29.pdf
(2): Eesti tegevuskava avatud valitsemise partnerluses osalemisel 2014-2016
http://avatudvalitsemine.ee/wp-content/uploads/2014/06/AVP-tegevuskava-2014-2016.pdf
(3): Andmete ja tehisintellekti valge raamat 2024-2030
https://mkm.ee/sites/default/files/documents/2024-02/Tehisintellekti%20ja%20andmete%20valge%20raamat%202024-2030.pdf
(4): Untitled source
https://digikogu.taltech.ee/et/Download/86f50514-87ff-4fb1-9c79-f38c67acb919
(5): Avaandmete loomise ja avaldamise juhend | RIA andmevahetuse abikeskus
https://abi.ria.ee/teabevarav/avaandmete-loomise-ja-avaldamise-juhend",90.0,sufficient,prepared_main_pipeline,"{'yes': 40.0, 'no': 0.0}","{'yes': 40, 'no': 0}"
Estonia,P16,Policy,"To what degree do local/regional public bodies conduct open data initiatives? 

For Explanation:
* If not applicable, please explain why.",the majority of public bodies,15.0,"Estonia demonstrates a strong commitment to advancing open data initiatives at the local and regional levels, though the evidence suggests this is more characteristic of the majority rather than all public bodies. 1. Legal and strategic basis: The goals and activities articulated in Estonia's Open Government Partnership (AVP) action plans for 2014–2016 and 2022–2024 highlight the systematic promotion of open governance principles, including open data and co-creative policymaking, explicitly encompassing local governments. These plans involve developing frameworks, toolkits, and roadmaps to embed open governance practices across government tiers, indicating active engagement beyond the national level. 2. Governance and implementation: The AVP 2022–2024 plan specifically addresses the need to implement open governance and co-creation tools at all administrative levels, including local governments, supporting systematic capacity building and increasing transparency. Furthermore, efforts in creating a unified interactive toolbox for public service development and provisioning data in machine- and human-readable formats imply a broad reach into municipal bodies. However, some challenges remain in consistent data quality and data governance practices across the public sector, as highlighted in the 2024–2030 white paper on data and artificial intelligence. Notably, data management practices and open data adoption vary, with only a subset of public organizations fully implementing standards and proactive data quality control. Conclusion:Though open data and open governance initiatives are widespread and officially supported at local and regional public bodies, the varying degrees of implementation and coverage, especially regarding data management maturity, suggest a majority of public bodies actively conduct open data initiatives rather than all. This assessment aligns with comprehensive policy commitments and documented implementation efforts targeting local governance, yet acknowledges some unevenness in practical uptake and integration of open data approaches.

## Sources
(1): Eesti tegevuskava avatud valitsemise partnerluses osalemisel 2014-2016
http://avatudvalitsemine.ee/wp-content/uploads/2014/06/AVP-tegevuskava-2014-2016.pdf
(2): Eesti avatud valitsemise partnerluse tegevuskava 2022–2024
https://www.riigikantselei.ee/sites/default/files/documents/2022-09/Eesti%20avatud%20valitsemise%20partnerluse%20tegevuskava%202022-2024%20%28kinnitatud%29.pdf
(3): Andmete ja tehisintellekti valge raamat 2024-2030
https://mkm.ee/sites/default/files/documents/2024-02/Tehisintellekti%20ja%20andmete%20valge%20raamat%202024-2030.pdf
(4): Untitled source
https://digikogu.taltech.ee/et/Download/86f50514-87ff-4fb1-9c79-f38c67acb919",85.0,partial,prepared_main_pipeline,"{'all public bodies': 20.0, 'the majority of public bodies': 15.0, 'approximately half of the public bodies': 10.0, 'few public bodies': 5.0, 'none of the public bodies': 0.0, 'not applicable': 20.0}","{'all public bodies': 20, 'the majority of public bodies': 15, 'approximately half of the public bodies': 10, 'few public bodies': 5, 'none of the public bodies': 0, 'not applicable': 20}"
Estonia,P2,Policy,"Is there a national open data strategy in your country?

For Explanation:
* If yes, please provide (1) the URL to the strategy and (2) describe the main highlights.  
* If 'not applicable', please provide (1) a brief explanation to support your answer choice and provide (2) the URL and indicate the policy section which explicitly references objectives, actions/measures, delivery timelines etc.",yes,40.0,"Yes, Estonia has a national open data strategy, though it is integrated within broader open government and data governance policy documents rather than a standalone open data strategy titled as such. 1. Strategic Basis: Estonia’s open data objectives and actions are embedded in the ""Eesti avatud valitsemise partnerluse tegevuskava 2022–2024"" (Estonia Open Government Partnership Action Plan 2022–2024), which includes clear measures to improve data-based decision making and open data usage across government bodies. This document establishes responsibilities, partners, timelines (August 2022 – June 2024), and detailed activities aiming to improve transparency and availability of public data. 2. Past Foundations and Evolution: Earlier open government action plans (2014-2016) and subsequent versions explicitly focus on making datasets openly available machine-readable and supporting infrastructure for reuse, highlighting coordinated national-level efforts to develop open data as a strategic priority. 3. Implementation and Governance: The coordination involves multiple ministries and stakeholders, including the Government Office and the Ministry of Economic Affairs and Communications, showcasing institutional backing and operational frameworks to advance open data implementation. The 2022-2024 Action Plan URL: https://www.riigikantselei.ee/sites/default/files/documents/2022-09/Eesti%20avatud%20valitsemise%20partnerluse%20tegevuskava%202022-2024%20%28kinnitatud%29.pdf contains detailed objectives, responsible parties, timelines, and measurable actions centered on open data as part of the broader open government agenda. While the open data policy is integrated within open government partnership activities rather than a separate standalone document, the substantive inclusion and national coordination qualify this as the country’s national open data strategy framework.

## Sources
(1): Eesti avatud valitsemise partnerluse tegevuskava 2022–2024
https://www.riigikantselei.ee/sites/default/files/documents/2022-09/Eesti%20avatud%20valitsemise%20partnerluse%20tegevuskava%202022-2024%20%28kinnitatud%29.pdf
(2): Untitled source
https://digikogu.taltech.ee/et/Download/86f50514-87ff-4fb1-9c79-f38c67acb919
(3): Eesti tegevuskava avatud valitsemise partnerluses osalemisel 2014-2016
http://avatudvalitsemine.ee/wp-content/uploads/2014/06/AVP-tegevuskava-2014-2016.pdf
(4): Andmete ja tehisintellekti valge raamat 2024-2030
https://mkm.ee/sites/default/files/documents/2024-02/Tehisintellekti%20ja%20andmete%20valge%20raamat%202024-2030.pdf",95.0,sufficient,prepared_main_pipeline,"{'yes': 40.0, 'no': 0.0, 'not applicable': 40.0}","{'yes': 40, 'no': 0, 'not applicable': 40}"
Estonia,P22,Policy,"Do data publication plans exist at public body level?

For Explanation:
* If yes, please provide the URL and briefly highlight the key aspects covered.",yes,20.0,"Yes, Estonia has data publication plans at the public body level, evidenced by official guidelines and strategies that include explicit arrangements for dataset release and publication processes. First, the ""Avaandmete loomise ja avaldamise juhend"" (Open Data Creation and Publishing Guide) provided by the Riigi Infosüsteemi Amet's data exchange helpdesk (https://abi.ria.ee/teabevarav/avaandmete-loomise-ja-avaldamise-juhend) is specifically designed to assist public employees responsible for planning and executing the publication of open data. This document includes references to the Public Information Act and other regulations that govern open data publication obligations and provides a framework for systematic planning at public bodies. Second, data publication is reinforced by Estonia’s strategic commitments within its Open Government Partnership action plans and across ministries. The Open Government Partnership Action Plan 2014-2016 and subsequent strategic documents consistently emphasize the establishment of unified, machine-readable descriptions of public services, facilitating standardized and planned data availability from public bodies. Moreover, recent evaluations note that about 68.2% of institutions have covered data publishing development plans, demonstrating institutional adoption of publication planning, albeit with gaps in process maturity. Collectively, these elements show that Estonia mandates and supports data publication plans at the public body level, backed by official guidance and structured policy frameworks.

## Sources
(1): Eesti tegevuskava avatud valitsemise partnerluses osalemisel 2014-2016
http://avatudvalitsemine.ee/wp-content/uploads/2014/06/AVP-tegevuskava-2014-2016.pdf
(2): Andmete ja tehisintellekti valge raamat 2024-2030
https://mkm.ee/sites/default/files/documents/2024-02/Tehisintellekti%20ja%20andmete%20valge%20raamat%202024-2030.pdf
(3): Eesti avatud valitsemise partnerluse tegevuskava 2022–2024
https://www.riigikantselei.ee/sites/default/files/documents/2022-09/Eesti%20avatud%20valitsemise%20partnerluse%20tegevuskava%202022-2024%20%28kinnitatud%29.pdf
(4): Avaandmete loomise ja avaldamise juhend | RIA andmevahetuse abikeskus
https://abi.ria.ee/teabevarav/avaandmete-loomise-ja-avaldamise-juhend
(5): Untitled source
https://digikogu.taltech.ee/et/Download/86f50514-87ff-4fb1-9c79-f38c67acb919
(6): Värske ülevaade: Eesti avaandmete poliitika on Euroopa tipus, kuid andmete kvaliteet ja kättesaadavus vajavad kiiret järeleaitamist | Justiits- ja Digiministeerium
https://www.justdigi.ee/uudised/varske-ulevaade-eesti-avaandmete-poliitika-euroopa-tipus-kuid-andmete-kvaliteet-ja",90.0,sufficient,prepared_main_pipeline,"{'yes': 20.0, 'no': 0.0}","{'yes': 20, 'no': 0}"
Estonia,P24,Policy,"Are there processes to ensure that the open data policies/strategy previously mentioned are updated and revised as needed?

For explanation:
* If yes, please describe the process and any recent updates made to strategy/policy",yes,20.0,"Yes, Estonia has processes to ensure that its open data policies and strategies are regularly updated and revised as needed. Firstly, the Digiühiskonna arengukava 2030 (Digital Society Development Plan 2030) explicitly includes provisions for systematic and comprehensive reviews of the strategy at least twice during its validity period, with planned update points in early 2024 and at the end of 2027. This demonstrates a formalized, government-backed commitment to revising the digital and data-related strategic framework regularly. Secondly, the ""Andmete ja tehisintellekti valge raamat 2024-2030"" (White Paper on Data and Artificial Intelligence 2024-2030) outlines ongoing activities for the regular updating of data and open data practices based on stakeholders' changing needs and international best practices. It specifies development of additional guidelines and materials during 2024-2025, indicating active and planned revisions to support open data policy implementation. Thirdly, the Eesti avatud valitsemise partnerluse tegevuskava 2022–2024 (Estonian Open Government Partnership Action Plan 2022-2024) and related governance documents emphasize iterative development and feedback mechanisms, including integration of user feedback to improve data sets and related policies. Together, these documents show a clear governance and review framework involving multiple ministries and stakeholders, ensuring that open data policies are not static but adapt to emerging needs and technological advancements through formal procedures and scheduled strategic updates.

## Sources
(1): Eesti avatud valitsemise partnerluse tegevuskava 2022–2024
https://www.riigikantselei.ee/sites/default/files/documents/2022-09/Eesti%20avatud%20valitsemise%20partnerluse%20tegevuskava%202022-2024%20%28kinnitatud%29.pdf
(2): Arengukava uuendamine 2024 | Majandus- ja Kommunikatsiooniministeerium
https://mkm.ee/digiriik-ja-uhenduvus/digiuhiskonna-arengukava-2030/arengukava-uuendamine-2024
(3): Avaandmete loomise ja avaldamise juhend | RIA andmevahetuse abikeskus
https://abi.ria.ee/teabevarav/avaandmete-loomise-ja-avaldamise-juhend
(4): Andmete ja tehisintellekti valge raamat 2024-2030
https://mkm.ee/sites/default/files/documents/2024-02/Tehisintellekti%20ja%20andmete%20valge%20raamat%202024-2030.pdf
(5): Eesti tegevuskava avatud valitsemise partnerluses osalemisel 2014-2016
http://avatudvalitsemine.ee/wp-content/uploads/2014/06/AVP-tegevuskava-2014-2016.pdf
(6): Untitled source
https://digikogu.taltech.ee/et/Download/86f50514-87ff-4fb1-9c79-f38c67acb919",0.95,sufficient,prepared_main_pipeline,"{'yes': 20.0, 'no': 0.0}","{'yes': 20, 'no': 0}"
Estonia,P3,Policy,"Is there an open data policy/strategy at regional or local level?

For Explanation:
* If yes, please (1) provide the URL and (2) title of the document(s) and (3) briefly describe.",no,0.0,"No, there is no clear evidence of an open data policy or strategy that exists explicitly at regional or local levels in Estonia. The available documents and evidence focus predominantly on national-level frameworks and initiatives, including national open government partnership action plans, national strategies on data governance, and guidelines for open data creation and publication. For example, the ""Eesti avatud valitsemise partnerluse tegevuskava 2022–2024"" and the ""Avaandmete loomise ja avaldamise juhend"" primarily discuss national-level policies and implementation aspects. While local governments are mentioned as data origin points in the broader sense, there is no specific regional or municipal open data strategy or policy document provided or referenced. Hence, based on the supplied evidence, there is no substantiated indication of open data policies or strategies specifically targeted or created at sub-national levels.

## Sources
(1): Eesti avatud valitsemise partnerluse tegevuskava 2022–2024
https://www.riigikantselei.ee/sites/default/files/documents/2022-09/Eesti%20avatud%20valitsemise%20partnerluse%20tegevuskava%202022-2024%20%28kinnitatud%29.pdf
(2): Untitled source
https://digikogu.taltech.ee/et/Download/86f50514-87ff-4fb1-9c79-f38c67acb919
(3): Eesti tegevuskava avatud valitsemise partnerluses osalemisel 2014-2016
http://avatudvalitsemine.ee/wp-content/uploads/2014/06/AVP-tegevuskava-2014-2016.pdf
(4): Andmete ja tehisintellekti valge raamat 2024-2030
https://mkm.ee/sites/default/files/documents/2024-02/Tehisintellekti%20ja%20andmete%20valge%20raamat%202024-2030.pdf
(5): Avaandmete loomise ja avaldamise juhend | RIA andmevahetuse abikeskus
https://abi.ria.ee/teabevarav/avaandmete-loomise-ja-avaldamise-juhend",90.0,sufficient,prepared_main_pipeline,"{'yes': 20.0, 'no': 0.0, 'not applicable': 20.0}","{'yes': 20, 'no': 0, 'not applicable': 20}"
Estonia,P4,Policy,"Does the national strategy/policy include an action plan with measures to be implemented in the open data field?

For Explanation:
If yes, please briefly describe the main measures described by the action plan.",yes,20.0,"Yes, Estonia's national open data policy includes an action plan with specific measures for implementation in the open data field. The key document evidencing this is the ""Eesti avatud valitsemise partnerluse tegevuskava"" (Estonian Open Government Partnership Action Plan) for periods including 2014-2016 and 2022-2024. These plans contain clearly articulated activities and milestones designed to promote open data and data-driven decision-making. For example, the 2022-2024 action plan outlines measures such as developing a technological solution to integrate data-driven decision support into policy processes, encouraging transparent and efficient use of data across government entities, and fostering cooperation among ministries, civil society, and the private sector. Additionally, the open government action plans are coordinated and published by the Riigikantselei (Government Office), which provides regular updates on progress and implementation. Earlier plans (2014-2016) included commitments to create interactive online toolkits for public service development and to catalogue public services in machine-readable formats. Furthermore, data governance frameworks and guidelines complement these action plans, supporting standardization, roles allocation, and interoperability requirements across government bodies. Together, these documents demonstrate a structured, continuous roadmap to advance open data policies with measurable implementation steps and multi-stakeholder involvement.

## Sources
(1): Eesti tegevuskava avatud valitsemise partnerluses osalemisel 2014-2016
http://avatudvalitsemine.ee/wp-content/uploads/2014/06/AVP-tegevuskava-2014-2016.pdf
(2): Andmete ja tehisintellekti valge raamat 2024-2030
https://mkm.ee/sites/default/files/documents/2024-02/Tehisintellekti%20ja%20andmete%20valge%20raamat%202024-2030.pdf
(3): Untitled source
https://digikogu.taltech.ee/et/Download/86f50514-87ff-4fb1-9c79-f38c67acb919
(4): Eesti avatud valitsemise partnerluse tegevuskava 2022–2024
https://www.riigikantselei.ee/sites/default/files/documents/2022-09/Eesti%20avatud%20valitsemise%20partnerluse%20tegevuskava%202022-2024%20%28kinnitatud%29.pdf",90.0,sufficient,prepared_main_pipeline,"{'yes': 20.0, 'no': 0.0}","{'yes': 20, 'no': 0}"
France,I1,Impact,"Do you have a definition of open data reuse in your country?
 
For Explanation:
* If yes, please specify it.",no,0.0,"No, there is no direct evidence of an explicit or near-explicit formal definition of ""open data reuse"" in France. The available sources from official French open data platforms and government documents extensively discuss the impact of open data and measure its impact across several dimensions—governmental, social, economic, and environmental—often referencing international reports like the Open Data Maturity report (ODM). However, these materials do not provide a formal or standardized definition of open data reuse itself. Instead, they describe reuse through illustrative examples and impacts rather than defining it as a concept. This distinction aligns with the question-specific hint that generic examples or descriptions of reuse should not be mistaken for a formal definition. Therefore, while there is strong engagement with and analysis of reuse outcomes and impact, no official policy, methodology, or monitoring document contains an explicit definition of open data reuse in the French context.

## Sources
(1): Impact des données ouvertes 1/6
https://www.data.gouv.fr/posts/impact-des-donnees-ouvertes-1-6
(2): POUR UNE ACTION PUBLIQUE TRANSPARENTE ET COLLABORATIVE
https://www.etalab.gouv.fr/wp-content/uploads/2018/04/PlanOGP-FR-2018-2020-VF-FR.pdf
(3): Impact des données ouvertes 2/6
https://www.data.gouv.fr/posts/impact-des-donnees-ouvertes-2-6-1
(4): Impact des données ouvertes 3/6
https://www.data.gouv.fr/posts/impact-des-donnees-ouvertes-3-6-1
(5): Quelles actualités pour les données ouvertes en 2024 ?
https://www.data.gouv.fr/posts/quelles-actualites-pour-les-donnees-ouvertes-en-2024",90.0,sufficient,prepared_main_pipeline,"{'yes': 20.0, 'no': 0.0}","{'yes': 20, 'no': 0}"
France,I10,Impact,"Have any public bodies in your country developed any systematic way of gathering reuse cases?

For Explanation:
* If yes, please provide a brief explanation of the process: How does the gathering happen?",yes,20.0,"Yes, public bodies in France have developed systematic methods to gather reuse cases, particularly within the cultural sector. The evidence indicates that a set of around twenty cultural institutions undertook a survey exercise aimed at collecting data on reuse royalties derived from public cultural data. Although the collected data primarily relied on self-declarations, this effort represents a structured process to monitor different types of reuse, including commercial reuse, within public bodies. Furthermore, the mission ""Data et territoires"" reports an organized collection and analysis of numerous reuse cases mobilized by territorial authorities, often aligning with the government's priority themes. This mission included gathering evidence from various stakeholders and documenting multiple usage cases across health, education, security, and urban policy among others, demonstrating an ongoing, comprehensive approach to capturing reuse cases. Together, these efforts illustrate that French public bodies employ systematic processes for gathering, analyzing, and reporting on reuse cases across sectors, rather than isolated or ad hoc examples.

## Sources
(1): RAPPORT
https://www.culture.gouv.fr/Media/Thematiques/Innovation-numerique/Folder/rapport-open-data
(2): RAPPORT
https://www.culture.gouv.fr/mc/content/download/94768/file/201312_Rapport_Open_Data_Culturel.pdf?inLanguage=fre-FR&version=1
(3): Filières REP
https://www.ecologie.gouv.fr/sites/default/files/documents/REP%20-%20Rapport%20annuel%202025%20de%20la%20CIFREP_0.pdf
(4): Rapport de la mission Data et territoires
https://www.transformation.gouv.fr/files/ressource/Rapport_Mission_Data_Territoires.pdf?v=1701943687
(5): Rapport de la mission Data et territoires
https://www.transformation.gouv.fr/files/ressource/Rapport_Mission_Data_Territoires.pdf",90.0,sufficient,prepared_main_pipeline,"{'yes': 20.0, 'no': 0.0, ""i don't know"": 0.0}","{'yes': 20, 'no': 0, ""i don't know"": 0}"
France,I12,Impact,"Is any data on the impact created by open data on governmental challenges (e.g. efficiency, effectiveness, transparency, decision-making capacity) available in your country such as from research studies, impact assessments, or other systematic investigations that quantify the results or broader effects of open data being reused?

For Explanation:
* If yes, please (1) specify what kind of data source proves this impact and (2) provide the URLs to this data.",yes,20.0,"Yes, France has concrete data sources that document and quantify the impact of open data on governmental challenges such as efficiency, transparency, and decision-making capacity. 1. The national open data platform data.gouv.fr has published a detailed, multi-part study series titled ""Impact des données ouvertes"" which analyzes open data impacts across four dimensions: governmental, social, economic, and environmental. This series explicitly addresses how open data improves public action by increasing efficiency, transparency, accountability, and policy development. 2. The studies propose and utilize a methodology for impact assessment that includes specific indicators to measure outputs, outcomes, and long-term impacts of open data along the data value chain from collection to reuse. 3. The program and report from the Open Data Maturity initiative in France have also produced systematic investigations and critical reviews assessing the results of open data policies over the last years, including governmental impacts. 4. These resources are openly accessible on official government and affiliated websites such as data.gouv.fr, with ongoing updates and evidence-based insights on open data’s role in enhancing government performance. Evidence can be found at https://www.data.gouv.fr/posts/impact-des-donnees-ouvertes-1-6 and https://www.data.gouv.fr/posts/impact-des-donnees-ouvertes-2-6-1 which provide both methodological details and concrete quantified examples of open data impacts in France.

## Sources
(1): Impact des données ouvertes 1/6
https://www.data.gouv.fr/posts/impact-des-donnees-ouvertes-1-6
(2): [Dossier] Ouverture des données publiques en France
https://labo.societenumerique.gouv.fr/fr/articles/dossier-ouverture-des-donn%C3%A9es-publiques-en-france-o%C3%B9-en-sommes-nous/
(3): Impact des données ouvertes 2/6
https://www.data.gouv.fr/posts/impact-des-donnees-ouvertes-2-6-1
(4): La France classée première européenne en matière d' ...
https://www.data.gouv.fr/posts/la-france-classee-premiere-europeenne-en-matiere-dopen-data-pour-la-4e-annee-consecutive
(5): Impact des données ouvertes 3/6
https://www.data.gouv.fr/posts/impact-des-donnees-ouvertes-3-6-1",0.95,sufficient,prepared_main_pipeline,"{'yes': 20.0, 'no': 0.0, ""i don't know"": 0.0}","{'yes': 20, 'no': 0, ""i don't know"": 0}"
France,I17,Impact,"Is any data on the impact created by open data on social challenges (e.g. inequality, healthcare, education) available in your country such as from research studies, impact assessments, or other systematic investigations that quantify the results or broader effects of open data being reused?

For Explanation:
* If yes, please (1) specify what kind of data source proves this impact and (2) provide the URLs to this data.",yes,20.0,"Yes, France has systematically studied and documented the social impact created by the reuse of open data. 1) The French government, through data.gouv.fr, has conducted a detailed multi-part study titled ""Impact des données ouvertes"" that analyzes the impact of open data across social dimensions including inclusion of marginalized groups, inequality reduction, healthcare, and education. This study follows a robust methodology that categorizes impacts into outputs, outcomes, and long-term societal effects along the data value chain (collection, publication, usage, application). It recommends specific indicators tied to reuse cases to quantify these impacts. 2) The study series published on data.gouv.fr extensively details social impacts, alongside governmental, economic, and environmental ones. The social impact work explicitly targets social challenges such as urban housing issues, health and well-being, education, and social inclusion, demonstrating a concrete national effort to measure effects with evidence rather than general statements. These resources are openly accessible and represent systematic investigations and assessments of open data impacts in France. The URLs below give direct access to these published impact studies and evidence-based reports. For detailed evidence and to consult the methodology and documented results, see: https://www.data.gouv.fr/posts/impact-des-donnees-ouvertes-1-6 and https://www.data.gouv.fr/posts/impact-des-donnees-ouvertes-4-6-1 This confirms France’s commitment to measuring and evidencing the social benefits of open data reuse with structured research and impact evaluation frameworks.

## Sources
(1): Impact des données ouvertes 1/6
https://www.data.gouv.fr/posts/impact-des-donnees-ouvertes-1-6
(2): La France classée première européenne en matière d' ...
https://www.data.gouv.fr/posts/la-france-classee-premiere-europeenne-en-matiere-dopen-data-pour-la-4e-annee-consecutive
(3): [Dossier] Ouverture des données publiques en France
https://labo.societenumerique.gouv.fr/fr/articles/dossier-ouverture-des-donn%C3%A9es-publiques-en-france-o%C3%B9-en-sommes-nous/
(4): Impact des données ouvertes 4/6
https://www.data.gouv.fr/posts/impact-des-donnees-ouvertes-4-6-1
(5): Impact des données ouvertes 2/6
https://www.data.gouv.fr/posts/impact-des-donnees-ouvertes-2-6-1",0.95,sufficient,prepared_main_pipeline,"{'yes': 20.0, 'no': 0.0, ""i don't know"": 0.0}","{'yes': 20, 'no': 0, ""i don't know"": 0}"
France,I2,Impact,"Are there any processes in place to monitor the level of reuse of your country's open data?
 
For Explanation:
* If yes, please (1) briefly describe these processes and (2) provide the URLs to support the answer.",yes,20.0,"Yes, France has established processes to monitor the level of reuse of its open data. This is demonstrated through a documented methodology applied in recent studies to evaluate the impact of open data. These processes include research and interviews to track the services, datasets used, and resulting impacts, allowing a structured assessment of open data reuse. Furthermore, France aligns its impact evaluation approach with broader European initiatives like data.europa.eu's Use Case Observatory, which tracks usage cases over several years to highlight economic, social, governmental, and environmental impacts. The Open Data Maturity Report 2023 specifically mentions impact as one of its four core dimensions, highlighting France's focus on the follow-up of data reuse and measurement of political, social, economic, and environmental effects. Additionally, France's national open data portal, data.gouv.fr, shares a series of articles presenting these impact assessments. This confirms official government recognition and active monitoring of data reuse. Key supporting resources include: https://www.data.gouv.fr/posts/impact-des-donnees-ouvertes-1-6 and https://www.data.gouv.fr/posts/la-france-classee-1e-europeenne-et-2e-mondiale-en-matiere-dopen-data.

## Sources
(1): Impact des données ouvertes 1/6
https://www.data.gouv.fr/posts/impact-des-donnees-ouvertes-1-6
(2): La France classée première européenne en matière d' ...
https://www.data.gouv.fr/posts/la-france-classee-premiere-europeenne-en-matiere-dopen-data-pour-la-4e-annee-consecutive
(3): La France classée 1e européenne et 2e mondiale en matière d'open data
https://www.data.gouv.fr/posts/la-france-classee-1e-europeenne-et-2e-mondiale-en-matiere-dopen-data
(4): La France à la première place du classement de l'OCDE en matière d’open data
https://www.data.gouv.fr/posts/la-france-a-la-premiere-place-du-classement-de-locde-en-matiere-dopen-data
(5): [Dossier] Ouverture des données publiques en France
https://labo.societenumerique.gouv.fr/fr/articles/dossier-ouverture-des-donn%C3%A9es-publiques-en-france-o%C3%B9-en-sommes-nous/",95.0,sufficient,prepared_main_pipeline,"{'yes': 20.0, 'no': 0.0, ""i don't know"": 0.0}","{'yes': 20, 'no': 0, ""i don't know"": 0}"
France,I27,Impact,"Is any data on the economic impact (e.g. GDP, employment, productivity, innovation,  new businesses created etc.) of open data available in your country such as from research studies, impact assessments, or other systematic investigations that quantify the results or broader effects of open data being reused?

For Explanation:
* If yes, please specify what kind of data source proves this impact and provide the URLs to this data.",yes,20.0,"Yes, France has systematic and documented evidence of the economic impact of open data reuse. 1. Methodology and Monitoring: Data.gouv.fr has conducted a comprehensive study designed to assess the impact of open data along multiple dimensions including economic effects such as innovation, business reuse, and productivity. This study proposes a structured approach to evaluate outputs, outcomes, and long-term impacts through a chain of value covering data collection, publication, use, and application. Specific indicators for quantifying these economic impacts have been suggested. 2. Evidence of Economic Impact: The ongoing series ""Impact des données ouvertes"" presented by data.gouv.fr explicitly addresses the economic impacts of open data and is part of broader efforts aligned with the Open Data Maturity Report framework. These studies include analysis of how open data contributes to new businesses, innovation, and economic efficiency. 3. Official Recognition and Dissemination: France is recognized as a European leader in open data, sustaining such efforts with regular engagements, events, and publications that document the economic and social influence of data reuse. These insights come from official platforms and government-led studies, ensuring credible and actionable evidence. The primary evidence source can be accessed here: https://www.data.gouv.fr/posts/impact-des-donnees-ouvertes-1-6

## Sources
(1): Impact des données ouvertes 1/6
https://www.data.gouv.fr/posts/impact-des-donnees-ouvertes-1-6
(2): La France classée première européenne en matière d' ...
https://www.data.gouv.fr/posts/la-france-classee-premiere-europeenne-en-matiere-dopen-data-pour-la-4e-annee-consecutive
(3): [Dossier] Ouverture des données publiques en France
https://labo.societenumerique.gouv.fr/fr/articles/dossier-ouverture-des-donn%C3%A9es-publiques-en-france-o%C3%B9-en-sommes-nous/
(4): Impact des données ouvertes 2/6
https://www.data.gouv.fr/posts/impact-des-donnees-ouvertes-2-6-1
(5): Quelles actualités pour les données ouvertes en 2024 ?
https://www.data.gouv.fr/posts/quelles-actualites-pour-les-donnees-ouvertes-en-2024",0.95,sufficient,prepared_main_pipeline,"{'yes': 20.0, 'no': 0.0, ""i don't know"": 0.0}","{'yes': 20, 'no': 0, ""i don't know"": 0}"
France,I9,Impact,"Have any public bodies in your country launched or performed any activities in the past year to better understand reusers' needs in order to further stimulate the reuse of open data?

For Explanation:
* If yes, which of the following activities have been performed? Please describe how the activity has helped you better stimulate reuse.
* Multiple answers are possible.",yes,40.0,"Yes, public bodies in France have actively engaged in activities to better understand the needs of open data reusers over the past year with the aim of stimulating reuse. 1. The French government and its associated agencies have fostered continuous engagement with the open data community through organized forums, webinars, hackathons (such as the Météo-France Open Data Hackathon), and collaborative initiatives with startups, researchers, and artists. These activities serve as platforms for identifying the needs and feedback of data reusers and for promoting innovative uses of open data. 2. Ministries like the Ministry of Culture have explicitly supported hackathons, calls for projects, and training actions that not only spur data reuse but also gather direct input from users to tailor data publishing and support efforts more effectively. The culture.data.gouv.fr platform exemplifies this user-oriented approach where open data is made accessible alongside efforts to encourage service and application creation based on these datasets. 3. Evaluations and impact studies, such as those led by the Fing through the Open Data Impact program, critically analyze the outcomes of open data initiatives and examine user needs and market responses. This evidences a methodical assessment process dedicated to understanding reuse dynamics that informs future strategies. 4. The overall strategic framework includes public forums (forum.data.gouv.fr) and impact measurement methodologies which help adjust policies and improve the outreach and support for data reuse. These combined efforts have strengthened France's capacity to stimulate open data reuse by centering reuser feedback, enhancing community animation, and refining the support infrastructure based on concrete user needs and impact evaluations.

## Sources
(1): [Dossier] Ouverture des données publiques en France
https://labo.societenumerique.gouv.fr/fr/articles/dossier-ouverture-des-donn%C3%A9es-publiques-en-france-o%C3%B9-en-sommes-nous/
(2): La France classée première européenne en matière d' ...
https://www.data.gouv.fr/posts/la-france-classee-premiere-europeenne-en-matiere-dopen-data-pour-la-4e-annee-consecutive
(3): La France à la première place du classement de l'OCDE en matière d’open data
https://www.data.gouv.fr/posts/la-france-a-la-premiere-place-du-classement-de-locde-en-matiere-dopen-data
(4): Untitled source
https://documentation.insp.gouv.fr/digitalCollection/DigitalCollectionAttachmentDownloadHandler.ashx?documentId=401780&parentDocumentId=401779&skipCopyright=true&skipWatermark=true
(5): Ouvrir et réutiliser les données (Open Data) | Ministère de la Culture
https://www.culture.gouv.fr/thematiques/innovation-numerique/faciliter-l-acces-aux-donnees-et-aux-contenus-culturels/partager-et-valoriser-les-donnees-et-les-contenus-culturels/ouvrir-et-reutiliser-les-donnees-open-data",90.0,sufficient,prepared_main_pipeline,"{'yes': 40.0, 'no': 0.0, ""i don't know"": 0.0}","{'yes': 40, 'no': 0, ""i don't know"": 0}"
France,P1,Policy,"Is there a national open data policy in your country and, if your country is an EU Member State, does this include a national legislation for the transposition of the Open Data Directive?

For Explanation:
* If yes, please provide (1) the URL and (2) title of the policy document and (3) briefly describe.
* If ‘other’, please provide (1) a brief explanation to support your answer choice and (2) provide the URL and indicate the policy section which explicitly references open data.",yes,40.0,"Yes, France has a national open data policy framework supported by specific laws and government initiatives that align with the transposition of the EU Open Data Directive. 1. Legal and strategic basis: The foundation for open data in France lies in the law of 17 July 1978, which established the right of access to administrative documents including data and source codes. The legislation was further developed with the ordinance of 6 June 2005, which transposed the EU Directive on the reuse of public sector information (Directive 2003/98/EC) into French law, thereby formalizing the right to reuse public information. 2. Government initiatives and implementation: Since 2011, France institutionalized its open data policy through the creation and operation of the Etalab mission, mandated to develop a unified national open data portal (data.gouv.fr) and promote broad reuse of public data. The Prime Minister's circular dated 26 May 2011 explicitly sets goals to encourage open reuse and innovation through public data. 3. Continuity with EU legislation: The transposition of the Open Data Directive is implicitly confirmed by France's adherence to the 2005 ordinance and ongoing open data governance structures, which comply with EU requirements. Recent updates and continuous leadership at European open data rankings further affirm active national policy alignment. This policy framework is publicly accessible through the official government and Etalab portals, representing a robust and formalized national open data policy that incorporates EU legal obligations.

## Sources
(1): Untitled source
https://www.documentation-administrative.gouv.fr/adm-01859191v1/document
(2): Untitled source
https://documentation.insp.gouv.fr/digitalCollection/DigitalCollectionAttachmentDownloadHandler.ashx?documentId=401780&parentDocumentId=401779&skipCopyright=true&skipWatermark=true
(3): Rapport sur l’évolution de l’open data des décisions de justice
https://www.justice.gouv.fr/sites/default/files/2025-08/rapport_oddj_2025.pdf
(4): Rapport sur l'évolution de l'open data des décisions ...
https://www.justice.gouv.fr/sites/default/files/2025-08/rapport_oddj_2025.pdf
(5): Quelles actualités pour les données ouvertes en 2024 ?
https://www.data.gouv.fr/posts/quelles-actualites-pour-les-donnees-ouvertes-en-2024",95.0,sufficient,prepared_main_pipeline,"{'yes': 40.0, 'no': 0.0, 'other': 40.0}","{'yes': 40, 'no': 0, 'other': 40}"
France,P13,Policy,"Is there a governance structure in place that enables the participation and/or inclusion of various open data stakeholders? 

For Explanation:
*  If yes, please briefly describe the governance structure and its operating model",yes,40.0,"Yes, France has a clear governance structure that enables the participation and inclusion of various open data stakeholders. This structure is anchored within a dedicated unit in the Ministry responsible for reform, which supports open data initiatives. Two key governance bodies have been established: first, a Data Open Governance Council that provides strategic leadership aligned with international best practices and oversees the implementation of the national open data strategy; second, a public agencies' advisory working group that offers technical advice on open data matters. These bodies ensure a coordinated approach involving government actors and promote consistent publication standards for datasets. Furthermore, France organizes consultative mechanisms such as forums involving citizens and civil society, as illustrated by partnerships like that with the association Latitudes to co-develop data exploration projects. The overarching governance approach also emphasizes transparency, accountability, and collaboration with civil society representatives, thus fostering inclusive stakeholder engagement. Altogether, this multi-layered and consultative governance model ensures broad participation and systematic coordination in France's open data policy.

## Sources
(1): Untitled source
https://www.documentation-administrative.gouv.fr/adm-01859191v1/document
(2): RAPPORT
https://drees.solidarites-sante.gouv.fr/sites/default/files/2021-01/rapport_final_commission_open_data-2.pdf
(3): Partenariat pour un Gouvernement Ouvert
https://www.modernisation.gouv.fr/files/2021-06/ogp_rapport_autoevalution_com_1.pdf
(4): Rapport_Complet_VFF - sircom - ajout FG - web
https://www.info.gouv.fr/upload/media/default/0001/01/2020_12_rapport_-_pour_une_politique_publique_de_la_donnee_-_23.12.2020__0.pdf
(5): Rapport_Complet_VFF - sircom - ajout FG - web
https://www.info.gouv.fr/upload/media/default/0001/01/2020_12_rapport_-_pour_une_politique_publique_de_la_donnee_-_23.12.2020_.pdf",0.95,sufficient,prepared_main_pipeline,"{'yes': 40.0, 'no': 0.0}","{'yes': 40, 'no': 0}"
France,P16,Policy,"To what degree do local/regional public bodies conduct open data initiatives? 

For Explanation:
* If not applicable, please explain why.",approximately half of the public bodies,10.0,"Partially, open data initiatives are conducted by approximately half of local and regional public bodies in France, with significant variation depending on the type and size of the collectivity. 1. Legal and Strategic Context: The French state has actively promoted open data policies extending to territorial authorities, as shown in official reports and national strategies. Notably, the ""Mission Bothorel"" report and the Observatoire Opendata des territoires provide detailed evaluations of the engagement levels across different local and regional bodies. 2. Extent of Local/Regional Engagement: All French regions currently offer open data sets, though the volume and quality vary widely—from just a few datasets to several hundred. Departments show a strong level of participation, with about 60% actively engaged in open data initiatives. However, many smaller entities such as communes (municipalities) and EPCI (public inter-municipal cooperation establishments) are largely non-compliant with open data obligations, with nearly 90% not fulfilling these requirements. 3. Interpretation: While regions and many departments are clearly engaged, the widespread lack of compliance by smaller local bodies reduces the overall breadth of participation. This paints a picture of roughly half of local/regional public bodies conducting open data initiatives, considering that regions and departments form a significant share but smaller units lag behind. This evidence supports selecting ""approximately half of the public bodies"" to best represent the current extent of open data implementation by local and regional public bodies in France.

## Sources
(1): Untitled source
https://www.documentation-administrative.gouv.fr/adm-01859191v1/document
(2): POUR UNE ACTION PUBLIQUE TRANSPARENTE ET COLLABORATIVE
https://www.etalab.gouv.fr/wp-content/uploads/2018/04/PlanOGP-FR-2018-2020-VF-FR.pdf
(3): Rapport_Complet_VFF - sircom - ajout FG - web
https://www.info.gouv.fr/upload/media/default/0001/01/2020_12_rapport_-_pour_une_politique_publique_de_la_donnee_-_23.12.2020__0.pdf
(4): Mission Bothorel – Pour une politique publique de la donnée
https://www.info.gouv.fr/upload/media/default/0001/01/2020_12_rapport_-_pour_une_politique_publique_de_la_donnee_-_23.12.2020_.pdf
(5): Impact des données ouvertes 2/6
https://www.data.gouv.fr/posts/impact-des-donnees-ouvertes-2-6-1",90.0,sufficient,prepared_main_pipeline,"{'all public bodies': 20.0, 'the majority of public bodies': 15.0, 'approximately half of the public bodies': 10.0, 'few public bodies': 5.0, 'none of the public bodies': 0.0, 'not applicable': 20.0}","{'all public bodies': 20, 'the majority of public bodies': 15, 'approximately half of the public bodies': 10, 'few public bodies': 5, 'none of the public bodies': 0, 'not applicable': 20}"
France,P2,Policy,"Is there a national open data strategy in your country?

For Explanation:
* If yes, please provide (1) the URL to the strategy and (2) describe the main highlights.  
* If 'not applicable', please provide (1) a brief explanation to support your answer choice and provide (2) the URL and indicate the policy section which explicitly references objectives, actions/measures, delivery timelines etc.",yes,40.0,"Yes, France has a national open data strategy that is clearly structured and actively implemented. 1. Strategic Basis: France’s approach to open data is embedded within a comprehensive public data policy that includes concrete strategic documents such as ministerial roadmaps defined in September 2021 to accelerate public data opening and exploitation. These roadmaps complement the national framework and align with the third national action plan for open government launched in December 2021, which highlights transparency, citizen participation, and inclusion as key objectives. 2. Policy Documentation: The open data strategy is elaborated in official reports and policy papers, such as the detailed 2020 report on public data policy which assesses current challenges and progress, and formulates recommendations on open data and public source codes. This report also clarifies resources and operational measures needed for effective implementation. 3. Governance and Implementation Support: The strategy benefits from strong political support at the highest level, ensuring both strategic guidance and practical measures are in place to foster the open data ecosystem in France. These measures include clear timelines and action points within the ministerial roadmaps and an engagement to increase openness via the national action plan on open government (2021-2023). Relevant official URLs include https://www.data.gouv.fr/fr/datasets/feuilles-de-route-ministerielles-sur-la-politique-de-la-donnee-des-algorithmes-et-des-codes-sources/ for the ministerial roadmaps, and https://www.modernisation.gouv.fr/outils-et-formations/le-plan-daction-national-2021-2023-pour-un-gouvernement-ouvert for the national open government action plan. This evidence supports that France has a well-defined, official national open data strategy with clear objectives, implementation measures, and timelines.

## Sources
(1): Untitled source
https://www.documentation-administrative.gouv.fr/adm-01859191v1/document
(2): Untitled source
https://documentation.insp.gouv.fr/digitalCollection/DigitalCollectionAttachmentDownloadHandler.ashx?documentId=401780&parentDocumentId=401779&skipCopyright=true&skipWatermark=true
(3): Rapport_Complet_VFF - sircom - ajout FG - web
https://www.info.gouv.fr/upload/media/default/0001/01/2020_12_rapport_-_pour_une_politique_publique_de_la_donnee_-_23.12.2020__0.pdf
(4): Rapport_Complet_VFF - sircom - ajout FG - web
https://www.info.gouv.fr/upload/media/default/0001/01/2020_12_rapport_-_pour_une_politique_publique_de_la_donnee_-_23.12.2020_.pdf",0.95,sufficient,prepared_main_pipeline,"{'yes': 40.0, 'no': 0.0, 'not applicable': 40.0}","{'yes': 40, 'no': 0, 'not applicable': 40}"
France,P22,Policy,"Do data publication plans exist at public body level?

For Explanation:
* If yes, please provide the URL and briefly highlight the key aspects covered.",yes,20.0,"Yes, data publication plans exist at the public body level in France. This is evidenced by the establishment of ministry-specific ""feuilles de route"" (roadmaps) defined in September 2021, which are designed specifically to accelerate the opening and exploitation of public data. These are official strategic documents that serve as publication plans and guidance for public bodies in managing and releasing datasets. Furthermore, the third national action plan for open government launched in December 2021 reinforces these efforts, aiming to enhance citizen participation, inclusion, and public transparency through improved data governance. These roadmaps and action plans are accessible through official portals such as data.gouv.fr, for example, https://www.data.gouv.fr/fr/datasets/feuilles-de-route-ministerielles-sur-la-politique-de-la-donnee-des-algorithmes-et-des-codes-sources/, which explicitly provide the frameworks and obligations for ministries and public bodies regarding data publication. Overall, France’s policy framework mandates clear data publication plans at the public body level, establishing coordinated and strategic dataset release approaches across ministries.

## Sources
(1): Untitled source
https://www.documentation-administrative.gouv.fr/adm-01859191v1/document
(2): Untitled source
https://documentation.insp.gouv.fr/digitalCollection/DigitalCollectionAttachmentDownloadHandler.ashx?documentId=401780&parentDocumentId=401779&skipCopyright=true&skipWatermark=true
(3): Rapport_Complet_VFF - sircom - ajout FG - web
https://www.info.gouv.fr/upload/media/default/0001/01/2020_12_rapport_-_pour_une_politique_publique_de_la_donnee_-_23.12.2020__0.pdf
(4): Mission Bothorel – Pour une politique publique de la donnée
https://www.info.gouv.fr/upload/media/default/0001/01/2020_12_rapport_-_pour_une_politique_publique_de_la_donnee_-_23.12.2020_.pdf
(5): Rapport_Complet_VFF - sircom - ajout FG - web
https://www.info.gouv.fr/upload/media/default/0001/01/2020_12_rapport_-_pour_une_politique_publique_de_la_donnee_-_23.12.2020_.pdf",0.9,sufficient,prepared_main_pipeline,"{'yes': 20.0, 'no': 0.0}","{'yes': 20, 'no': 0}"
France,P24,Policy,"Are there processes to ensure that the open data policies/strategy previously mentioned are updated and revised as needed?

For explanation:
* If yes, please describe the process and any recent updates made to strategy/policy",yes,20.0,"Yes, France has formal processes to ensure that its open data policies and strategies are updated and revised as needed. The comprehensive 2020 report on public data policy provides a detailed assessment of the landscape and challenges, identifying limitations and progress made, and offering recommendations for data openness and related policies. This report serves as a milestone for continual evaluation and update of the data strategy. Moreover, the Ministry of Higher Education, Research and Innovation (MESRI) coordinates the implementation of data policies through a multi-year roadmap (2021-2024) that includes piloting and alignment of stakeholders, ongoing governance, and ecosystem animation to identify gaps and improve services. This roadmap lays out an organizational and strategic framework that inherently supports periodic review and adjustment of open data policies to maintain cohesion and promote data as a strategic asset. These documented strategic management and governance measures indicate a structured approach to policy updating and revision.

## Sources
(1): Rapport_Complet_VFF - sircom - ajout FG - web
https://www.info.gouv.fr/upload/media/default/0001/01/2020_12_rapport_-_pour_une_politique_publique_de_la_donnee_-_23.12.2020_.pdf
(2): Rapport_Complet_VFF - sircom - ajout FG - web
https://www.info.gouv.fr/upload/media/default/0001/01/2020_12_rapport_-_pour_une_politique_publique_de_la_donnee_-_23.12.2020__0.pdf
(3): Untitled source
https://www.documentation-administrative.gouv.fr/adm-01859191v1/document
(4): Politique des données, des algorithmes et des codes sources
https://www.enseignementsup-recherche.gouv.fr/sites/default/files/2021-09/la-feuille-de-route-2021-2024-du-mesri-relative-la-politique-des-donn-es-des-algorithmes-et-des-codes-sources-12965.pdf",90.0,sufficient,prepared_main_pipeline,"{'yes': 20.0, 'no': 0.0}","{'yes': 20, 'no': 0}"
France,P3,Policy,"Is there an open data policy/strategy at regional or local level?

For Explanation:
* If yes, please (1) provide the URL and (2) title of the document(s) and (3) briefly describe.",yes,20.0,"Yes, there is evidence that France has open data policies or strategies implemented not only at the national level but encompassing regional and local dimensions. The primary source is the ""Mission Bothorel – Pour une politique publique de la donnée"" report dated December 2020 (https://www.info.gouv.fr/upload/media/default/0001/01/2020_12_rapport_-_pour_une_politique_publique_de_la_donnee_-_23.12.2020_.pdf), which provides a comprehensive review of the public data policy. 1. This report goes beyond national overview and identifies challenges, limitations, and recommendations for open data, including governance mechanisms, technical and human resources, and data sharing, relevant to public authorities at all levels. 2. The report explicitly addresses the need for open data policies at different territorial levels such as local and regional governments, recognizing their crucial role in implementation and data governance. 3. Additional documentation from the ""Partenariat pour un Gouvernement Ouvert"" report (https://www.modernisation.gouv.fr/files/2021-06/ogp_rapport_autoevalution_com_1.pdf) reflects ongoing developments supporting open data infrastructures that include local authorities efforts via the national data portal (data.gouv.fr). Thus, there is clear documentary evidence of open data policy frameworks and strategic guidelines that operate at sub-national tiers, validating the presence of open data policy or strategy at regional or local levels in France.

## Sources
(1): Rapport_Complet_VFF - sircom - ajout FG - web
https://www.info.gouv.fr/upload/media/default/0001/01/2020_12_rapport_-_pour_une_politique_publique_de_la_donnee_-_23.12.2020__0.pdf
(2): Mission Bothorel – Pour une politique publique de la donnée
https://www.info.gouv.fr/upload/media/default/0001/01/2020_12_rapport_-_pour_une_politique_publique_de_la_donnee_-_23.12.2020_.pdf
(3): Untitled source
https://www.documentation-administrative.gouv.fr/adm-01859191v1/document
(4): Rapport_Complet_VFF - sircom - ajout FG - web
https://www.info.gouv.fr/upload/media/default/0001/01/2020_12_rapport_-_pour_une_politique_publique_de_la_donnee_-_23.12.2020_.pdf
(5): Partenariat pour un Gouvernement Ouvert
https://www.modernisation.gouv.fr/files/2021-06/ogp_rapport_autoevalution_com_1.pdf",90.0,sufficient,prepared_main_pipeline,"{'yes': 20.0, 'no': 0.0, 'not applicable': 20.0}","{'yes': 20, 'no': 0, 'not applicable': 20}"
France,P4,Policy,"Does the national strategy/policy include an action plan with measures to be implemented in the open data field?

For Explanation:
If yes, please briefly describe the main measures described by the action plan.",yes,20.0,"Yes, France's national open data strategy includes a concrete action plan with detailed implementation measures. The evidence describes multiple structured frameworks supporting open data at the national level. Firstly, the country has developed ministerial roadmaps established in September 2021, aimed specifically at accelerating the opening and use of public data. These ministerial roadmaps clarify how different departments contribute to the overall open data policy. Secondly, France has launched successive National Action Plans for Open Government, with the third plan (2021-2023) focusing heavily on citizen participation, inclusion, and public transparency through open data initiatives. The most recent fourth National Action Plan (2024-2026) continues this trajectory, concentrating on democratic renewal and is institutionally formalized with co-construction responsibility and evaluation mechanisms under ministerial leadership. Additionally, the Ministry of Ecological Transition provides a dedicated roadmap that sets out strategies and tools for data production, usage, and transparency measures for environmental data, demonstrating sectoral operational plans aligned with the national policy. These components reflect a comprehensive, multi-level approach combining strategic objectives, operational plans, and evaluation frameworks. Specific URLs and official documents (such as https://www.modernisation.gouv.fr/outils-et-formations/le-plan-daction-national-2021-2023-pour-un-gouvernement-ouvert and https://www.modernisation.gouv.fr/files/2024-03/Plan_Action_National_2024_2026_0.pdf) provide concrete evidence of such action plans. Thus, the presence of ministerial roadmaps, multi-year national action plans, targeted implementation measures, and governance arrangements confirm that France’s strategy explicitly includes an action plan with defined measures for open data.

## Sources
(1): Untitled source
https://www.documentation-administrative.gouv.fr/adm-01859191v1/document
(2): Untitled source
https://documentation.insp.gouv.fr/digitalCollection/DigitalCollectionAttachmentDownloadHandler.ashx?documentId=401780&parentDocumentId=401779&skipCopyright=true&skipWatermark=true
(3): Plan d'action national pour la France 2024-2026
https://www.modernisation.gouv.fr/files/2024-03/Plan_Action_National_2024_2026_0.pdf
(4): Plan d’action national pour la France 2024-2026
https://www.modernisation.gouv.fr/files/2024-03/Plan_Action_National_2024_2026_0.pdf
(5): MinistÃšre de la Transition Ã©cologique et de la CohÃ©sion des territoires : Feuille de route de la donnÃ©e, des algorithmes et des codes sources
https://portail.documentation.developpement-durable.gouv.fr/pub/MPDOUV00263251-feuille-route-donnee-des-algorithmes-des-codes-sou.html",95.0,sufficient,prepared_main_pipeline,"{'yes': 20.0, 'no': 0.0}","{'yes': 20, 'no': 0}"
Germany,I1,Impact,"Do you have a definition of open data reuse in your country?
 
For Explanation:
* If yes, please specify it.",yes,20.0,"Yes, Germany has a clear and explicit definition of open data reuse embedded within its policy and official documentation. 1. The Open Data FAQ published by the German Bundesverwaltungsamt (Federal Office of Administration) specifically defines Open (Government) Data as data made publicly available in an open and machine-readable format for as unrestricted reuse as possible. This clearly outlines the principle of reuse as a core element of openness, emphasizing broad, unrestricted reusability subject only to legal constraints. This FAQ references § 12a of the eGovernment Act (EGovG), which mandates the publication of suitable government data for open reuse. 2. Additional official documents such as the Open Data Handbook (by the Bundesministerium für Wirtschaft und Klimaschutz and Bundesministerium des Innern) discuss the various usage types and benefits of open data reuse, underscoring collaboration and modernization goals that depend on data reuse. 3. The comprehensive overview on the govdata.de portal further links the German understanding of open data to the internationally recognized definition from opendefinition.org, which explains open data as data freely usable, reusable, and shareable by anyone, thus reinforcing the reuse concept. Collectively, these documents do not merely give examples of reuse but explicitly define open data reuse as unrestricted access to and use of government data in machinereadable formats, subject to legal conditions. This provides a formal and explicit national-level definition of open data reuse in Germany’s open data framework.

## Sources
(1): Häufig gestellte Fragen
https://www.bva.bund.de/SharedDocs/Downloads/DE/Behoerden/Beratung/Methoden/open_data_faq.pdf?__blob=publicationFile&v=4
(2): Open Data Handbuch
https://www.bva.bund.de/SharedDocs/Downloads/DE/Behoerden/Beratung/Methoden/open_data_handbuch.pdf?__blob=publicationFile&v=8
(3): Open Data und GovData – ein Überblick
https://www.govdata.de/fileadmin/GovData_Open_Data_und_Govdata_Ueberblick.pdf
(4): Mehr Leistung für Bürger und Unternehmen: Verwaltung digitalisieren. Register modernisieren.
https://www.normenkontrollrat.bund.de/Webs/NKR/SharedDocs/Downloads/DE/Gutachten/2017-nkr-gutachten-registermodernisierung.pdf?__blob=publicationFile&v=2
(5): 30. Tätigkeitsbericht zum Datenschutz und zur Informationsfreiheit
https://www.bfdi.bund.de/SharedDocs/Downloads/DE/Taetigkeitsberichte/30TB_21.pdf?__blob=publicationFile&v=7",0.95,sufficient,prepared_main_pipeline,"{'yes': 20.0, 'no': 0.0}","{'yes': 20, 'no': 0}"
Germany,I10,Impact,"Have any public bodies in your country developed any systematic way of gathering reuse cases?

For Explanation:
* If yes, please provide a brief explanation of the process: How does the gathering happen?",no,0.0,"No evidence in the available documents indicates that any public bodies in Germany have developed a systematic process to gather and monitor reuse cases of open data. The reviewed materials discuss broader digital policy topics, data ethics, data infrastructure improvements, and privacy considerations, but do not describe an established methodology, official reporting, recurring monitoring, or showcase collections specifically aimed at systematically collecting reuse examples. Some documents mention workshops, pilot projects, and data management approaches, yet none demonstrate a structured or recurring practice dedicated to compiling reuse cases at a public institutional level. Consequently, while aspects of data use and impact evaluation are touched upon, the evidence does not confirm the existence of a formal, systematic gathering of reuse cases by public bodies.

## Sources
(1): Metastudie: Nachhaltigkeitseffekte der Digitalisierung
https://www.bmftr.bund.de/SharedDocs/Downloads/DE/2024/24_02_14_nachhaltigkeitseffekte_digitalisierung.pdf?__blob=publicationFile&v=5
(2): Arbeitspapier zum Thema „Smart Cities“
https://www.bfdi.bund.de/SharedDocs/Downloads/DE/Berlin-Group/20230608_WP-Smart-Cities.pdf?__blob=publicationFile&v=2
(3): Gutachten der Datenethikkommission
https://www.bmi.bund.de/SharedDocs/downloads/DE/publikationen/themen/it-digitalpolitik/gutachten-datenethikkommission.pdf?__blob=publicationFile&v=6
(4): Untitled source
https://www.bbsr.bund.de/BBSR/DE/veroeffentlichungen/bbsr-online/2024/bbsr-online-96-2024-dl.pdf;jsessionid=D6F1E3AF076A6679879714C6B32FA3C2.live11291?__blob=publicationFile&v=2
(5): Gute Gesetze. Digitale Verwaltung. Weniger Bürokratie.
https://www.normenkontrollrat.bund.de/Webs/NKR/SharedDocs/Downloads/DE/Jahresberichte/2024-jahresbericht.pdf?__blob=publicationFile&v=3
(6): Jahresbericht 2024
https://www.normenkontrollrat.bund.de/Webs/NKR/SharedDocs/Downloads/DE/Jahresberichte/2024-jahresbericht.pdf?__blob=publicationFile&v=3
(7): Tätigkeitsbericht 2021 - BfDI - Bundesportal
https://www.bfdi.bund.de/SharedDocs/Downloads/DE/Taetigkeitsberichte/30TB_21.pdf?__blob=publicationFile&v=7
(8): 30. Tätigkeitsbericht zum Datenschutz und zur Informationsfreiheit
https://www.bfdi.bund.de/SharedDocs/Downloads/DE/Taetigkeitsberichte/30TB_21.pdf?__blob=publicationFile&v=7",90.0,sufficient,prepared_main_pipeline,"{'yes': 20.0, 'no': 0.0, ""i don't know"": 0.0}","{'yes': 20, 'no': 0, ""i don't know"": 0}"
Germany,I12,Impact,"Is any data on the impact created by open data on governmental challenges (e.g. efficiency, effectiveness, transparency, decision-making capacity) available in your country such as from research studies, impact assessments, or other systematic investigations that quantify the results or broader effects of open data being reused?

For Explanation:
* If yes, please (1) specify what kind of data source proves this impact and (2) provide the URLs to this data.",yes,20.0,"Yes, Germany provides documented evidence on the impact of open data in addressing governmental challenges, particularly in improving transparency, efficiency, and collaboration within public administration. This evidence can be found primarily in the “Open Data Handbuch,” published by German authorities, which explicitly discusses the benefits of open data for enhancing inter- and intragovernmental cooperation, thereby contributing to administrative modernization. While it notes that data exchange between authorities still faces hurdles, the handbook underlines that open data creates opportunities for better communication and streamlined workflows in government. Furthermore, Germany has institutionalized open data efforts through the national metadatenportal GovData, which not only aggregates decentralized datasets from federal, state, and local administrations but also guarantees data quality and interoperability standards (DCAT-AP.de), facilitating reuse and thereby strengthening transparency and data-driven decision-making across governance levels. This portal and associated open data initiatives are regularly evaluated under national action plans that focus on transparency, citizen participation, and governmental efficiency. The continuous growth in dataset volume on GovData, as mentioned in impact-related maturity reports such as the European Commission’s Open Data Maturity Report, serves as quantitative evidence of increased open data utilization, indirectly indicating positive broader effects in operational and transparency dimensions. Key documented data sources proving impact include:
1. The Open Data Handbuch (https://www.bva.bund.de/SharedDocs/Downloads/DE/Behoerden/Beratung/Methoden/open_data_handbuch.pdf?__blob=publicationFile&v=8) which offers detailed insights into usage dimensions and governmental benefits.
2. The GovData platform and associated policy and evaluation reports (https://bmds.bund.de/themen/digitale-wirtschaft/daten/open-data), which help monitor progress and impact of open data policies. Together, these sources provide systematic foundations and evidence of impact from open data reuse in Germany’s public sector, affirming improvements in transparency, administrative cooperation, and decision-making capacity.

## Sources
(1): Open Data Handbuch
https://www.bva.bund.de/SharedDocs/Downloads/DE/Behoerden/Beratung/Methoden/open_data_handbuch.pdf?__blob=publicationFile&v=8
(2): Homepage - Bekanntmachung  -  BMFTR
https://www.bmftr.bund.de/SharedDocs/Bekanntmachungen/DE/2023/10/2023-10-13-Bekanntmachung-Datentreuhandmodelle.html
(3): Open Data
https://bmds.bund.de/themen/digitale-wirtschaft/daten/open-data
(4): Open Government - GovData
https://www.govdata.de/informationen/open-government
(5): Open Government
https://www.govdata.de/informationen/open-government
(6): BVA  -  Alle Meldungen - Open Data im Aufschwung
https://www.bva.bund.de/DE/Services/Behoerden/Beratung/OpenData/Meldungen/Aktuelles/2026/BB-ODM25.html",90.0,sufficient,prepared_main_pipeline,"{'yes': 20.0, 'no': 0.0, ""i don't know"": 0.0}","{'yes': 20, 'no': 0, ""i don't know"": 0}"
Germany,I17,Impact,"Is any data on the impact created by open data on social challenges (e.g. inequality, healthcare, education) available in your country such as from research studies, impact assessments, or other systematic investigations that quantify the results or broader effects of open data being reused?

For Explanation:
* If yes, please (1) specify what kind of data source proves this impact and (2) provide the URLs to this data.",no,0.0,"No, based on the available evidence, there is no documented data source such as research studies, impact assessments, or systematic investigations that specifically quantify the social impact of open data in Germany on challenges like inequality, healthcare, or education. The reviewed materials, including the Open Data Handbuch and various government reports from Bundesverwaltungsamt and Bundesbeauftragter für den Datenschutz (BfDI), discuss the potential benefits and expected socio-economic impacts of open data, such as fostering administrative modernization, improving data competences, enabling economic growth, and supporting civil society initiatives. However, these sources do not provide systematic, quantified evidence or impact assessments focused explicitly on social challenges or broader social outcomes. Also, no URLs or publications demonstrating such quantified impact evidence are referenced within the examined documents. Thus, while there is recognition of potential impacts, concrete quantified data on social impact from open data reuse appears not to be publicly available or documented in the provided evidence.

## Sources
(1): Open Data Handbuch
https://www.bva.bund.de/SharedDocs/Downloads/DE/Behoerden/Beratung/Methoden/open_data_handbuch.pdf?__blob=publicationFile&v=8
(2): Open Government - GovData
https://www.govdata.de/informationen/open-government
(3): Open Government
https://www.govdata.de/informationen/open-government
(4): Homepage - Bekanntmachung  -  BMFTR
https://www.bmftr.bund.de/SharedDocs/Bekanntmachungen/DE/2023/10/2023-10-13-Bekanntmachung-Datentreuhandmodelle.html
(5): 30. Tätigkeitsbericht zum Datenschutz und zur Informationsfreiheit
https://www.bfdi.bund.de/SharedDocs/Downloads/DE/Taetigkeitsberichte/30TB_21.pdf?__blob=publicationFile&v=7
(6): Tätigkeitsbericht 2021 - BfDI - Bundesportal
https://www.bfdi.bund.de/SharedDocs/Downloads/DE/Taetigkeitsberichte/30TB_21.pdf?__blob=publicationFile&v=7
(7): BVA  -  Alle Meldungen - Open Data im Aufschwung
https://www.bva.bund.de/DE/Services/Behoerden/Beratung/OpenData/Meldungen/Aktuelles/2026/BB-ODM25.html",90.0,sufficient,prepared_main_pipeline,"{'yes': 20.0, 'no': 0.0, ""i don't know"": 0.0}","{'yes': 20, 'no': 0, ""i don't know"": 0}"
Germany,I2,Impact,"Are there any processes in place to monitor the level of reuse of your country's open data?
 
For Explanation:
* If yes, please (1) briefly describe these processes and (2) provide the URLs to support the answer.",yes,20.0,"Yes, Germany has established processes to monitor the reuse of open data, supported by structured methodologies and reporting mechanisms. 1. A key instrument is the annual Data Maturity Report commissioned by the European Commission, which since 2015 evaluates the maturity of open data across dimensions including Impact — specifically focusing on capturing and promoting the use and societal or economic influence of open data in Germany and other European countries. This report uses detailed assessments and dashboards to track quantitative and qualitative progress over time, highlighting reuse trends. 2. The national metadata portal GovData operates as a central point for discovering open datasets from federal, state, and local administrations. It consolidates metadata under an interoperability standard (DCAT-AP.de) that facilitates consistent quality and promotes easier data reuse. The portal also supports several dashboards within the federal administration that monitor the increasing number of datasets and their reuse impact. 3. These structured monitoring efforts support transparency and enable evaluation of open data policies, implementing strategies that foster reuse and its measurable benefits. Hence, Germany employs official, ongoing processes combining strategic reporting and portal analytics to monitor the extent and impact of open data reuse. Supporting URLs:
- Data Maturity Report and assessment: https://www.bva.bund.de/DE/Services/Behoerden/Beratung/OpenData/Meldungen/Aktuelles/2026/BB-ODM25.html
- GovData metadata portal and quality standards: https://bmds.bund.de/themen/digitale-wirtschaft/daten/open-data
- Open Data Handbook describing reuse evaluation frameworks: https://www.bva.bund.de/SharedDocs/Downloads/DE/Behoerden/Beratung/Methoden/open_data_handbuch.pdf?__blob=publicationFile&v=8

## Sources
(1): Open Data Handbuch
https://www.bva.bund.de/SharedDocs/Downloads/DE/Behoerden/Beratung/Methoden/open_data_handbuch.pdf?__blob=publicationFile&v=8
(2): BVA  -  Alle Meldungen - Open Data im Aufschwung
https://www.bva.bund.de/DE/Services/Behoerden/Beratung/OpenData/Meldungen/Aktuelles/2026/BB-ODM25.html
(3): Open Data
https://bmds.bund.de/themen/digitale-wirtschaft/daten/open-data
(4): Tätigkeitsbericht 2021 - BfDI - Bundesportal
https://www.bfdi.bund.de/SharedDocs/Downloads/DE/Taetigkeitsberichte/30TB_21.pdf?__blob=publicationFile&v=7",0.95,sufficient,prepared_main_pipeline,"{'yes': 20.0, 'no': 0.0, ""i don't know"": 0.0}","{'yes': 20, 'no': 0, ""i don't know"": 0}"
Germany,I27,Impact,"Is any data on the economic impact (e.g. GDP, employment, productivity, innovation,  new businesses created etc.) of open data available in your country such as from research studies, impact assessments, or other systematic investigations that quantify the results or broader effects of open data being reused?

For Explanation:
* If yes, please specify what kind of data source proves this impact and provide the URLs to this data.",yes,20.0,"Yes, there is documented evidence in Germany regarding the economic impact of open data, supported by official reports and strategic documents. 1. The Open Data Handbook curated by the Federal Ministry for Economic Affairs and Climate Action and others outlines that open data contributes to economic goals such as innovation, administrative modernization, and new data-driven business opportunities. Although the handbook emphasizes qualitative benefits, it frames these within a policy strategy aiming for measurable economic and social impact. 2. The 30th Activity Report on Data Protection and Freedom of Information by the Federal Commissioner highlights the economic potential of open data, explicitly mentioning growth in data-driven business models and the creation of jobs through applications and digital solutions based on open data reuse. It recognizes the strategy’s expectations for significant economic growth and employment as part of the open data impact. 3. Additional government publications, such as the evaluation of the national data maturity and the increasing dataset availability on platforms like GovData (with over 146,000 datasets by 2026), show a systematic collection and reporting framework supporting impact monitoring. These sources collectively form a systematic approach to assessing economic impacts such as innovation, startup creation, and enhanced productivity through administrative efficiency. While no single study with quantified GDP or employment figures is cited in the provided evidence, the aggregated strategic and monitoring reports constitute a recognized and ongoing impact assessment effort. They document the reuse of open data in business and administration, supporting claims that open data generates measurable economic benefits. This evidence aligns well with the requirement for research studies, impact assessments, or official monitoring demonstrating the economic effects of open data reuse in Germany. Relevant data sources include the Open Data Handbook (https://www.bva.bund.de/SharedDocs/Downloads/DE/Behoerden/Beratung/Methoden/open_data_handbuch.pdf?__blob=publicationFile&v=8) and the Federal Data Protection Commissioner’s reports (https://www.bfdi.bund.de/SharedDocs/Downloads/DE/Taetigkeitsberichte/30TB_21.pdf?__blob=publicationFile&v=7).

## Sources
(1): Open Data Handbuch
https://www.bva.bund.de/SharedDocs/Downloads/DE/Behoerden/Beratung/Methoden/open_data_handbuch.pdf?__blob=publicationFile&v=8
(2): Homepage - Bekanntmachung  -  BMFTR
https://www.bmftr.bund.de/SharedDocs/Bekanntmachungen/DE/2023/10/2023-10-13-Bekanntmachung-Datentreuhandmodelle.html
(3): Mehr Leistung für Bürger und Unternehmen: Verwaltung digitalisieren. Register modernisieren.
https://www.normenkontrollrat.bund.de/Webs/NKR/SharedDocs/Downloads/DE/Gutachten/2017-nkr-gutachten-registermodernisierung.pdf?__blob=publicationFile&v=2
(4): 30. Tätigkeitsbericht zum Datenschutz und zur Informationsfreiheit
https://www.bfdi.bund.de/SharedDocs/Downloads/DE/Taetigkeitsberichte/30TB_21.pdf?__blob=publicationFile&v=7
(5): Tätigkeitsbericht 2021 - BfDI - Bundesportal
https://www.bfdi.bund.de/SharedDocs/Downloads/DE/Taetigkeitsberichte/30TB_21.pdf?__blob=publicationFile&v=7
(6): BVA  -  Alle Meldungen - Open Data im Aufschwung
https://www.bva.bund.de/DE/Services/Behoerden/Beratung/OpenData/Meldungen/Aktuelles/2026/BB-ODM25.html",90.0,sufficient,prepared_main_pipeline,"{'yes': 20.0, 'no': 0.0, ""i don't know"": 0.0}","{'yes': 20, 'no': 0, ""i don't know"": 0}"
Germany,I9,Impact,"Have any public bodies in your country launched or performed any activities in the past year to better understand reusers' needs in order to further stimulate the reuse of open data?

For Explanation:
* If yes, which of the following activities have been performed? Please describe how the activity has helped you better stimulate reuse.
* Multiple answers are possible.",yes,40.0,"Yes, public bodies in Germany have conducted activities to better understand reusers' needs and stimulate the reuse of open data. The national metadata portal GovData serves as a central platform aggregating open data from federal, state, and municipal levels, with standardized metadata (DCAT-AP.de) enhancing discoverability and usability for reusers. This indicates an ongoing effort to improve data provision based on user needs and interoperability with the European Data Portal. Additionally, the Open Data Strategy and related initiatives emphasize regular evaluation and fostering reuse through transparency, citizen engagement, and use of new technologies. The Bundesverwaltungsamt (Federal Administration Office) provides practical guidance for public bodies on open data strategies, which includes understanding internal and external stakeholder requirements to align open data activities with user needs. The Federal Commissioner for Data Protection and Freedom of Information notes the establishment of the Competence Center Open Data (CCOD) at the Bundesverwaltungsamt, aimed at promoting open data provision and exchange, indicating institutionalized activities facilitating understanding and support of reusers. Although explicit mentions of workshops, surveys, or consultations are not detailed in the available evidence, the described coordinated actions, regular evaluations, and platform improvements effectively respond to reusers’ needs and promote reuse. Hence, the evidence supports that German public bodies actively perform activities to understand and stimulate open data reuse.

## Sources
(1): Open Data
https://bmds.bund.de/themen/digitale-wirtschaft/daten/open-data
(2): Open Data Handbuch
https://www.bva.bund.de/SharedDocs/Downloads/DE/Behoerden/Beratung/Methoden/open_data_handbuch.pdf?__blob=publicationFile&v=8
(3): BVA  -  Open Data einführen
https://www.bva.bund.de/DE/Services/Behoerden/Beratung/OpenData/ODK_Leitfaden/2_OpenData_Einfuehrung/einfuehrung_node.html
(4): Gemeinsam im Wandel.
https://www.bmbfsfj.bund.de/resource/blob/179102/99450844ce3650c2d3f36c0e9f140952/gemeinsam-im-wandel-agenda-fuer-smarte-gesellschaftspolitik-data.pdf
(5): 30. Tätigkeitsbericht zum Datenschutz und zur Informationsfreiheit
https://www.bfdi.bund.de/SharedDocs/Downloads/DE/Taetigkeitsberichte/30TB_21.pdf?__blob=publicationFile&v=7",9.0,sufficient,prepared_main_pipeline,"{'yes': 40.0, 'no': 0.0, ""i don't know"": 0.0}","{'yes': 40, 'no': 0, ""i don't know"": 0}"
Germany,P1,Policy,"Is there a national open data policy in your country and, if your country is an EU Member State, does this include a national legislation for the transposition of the Open Data Directive?

For Explanation:
* If yes, please provide (1) the URL and (2) title of the policy document and (3) briefly describe.
* If ‘other’, please provide (1) a brief explanation to support your answer choice and (2) provide the URL and indicate the policy section which explicitly references open data.",yes,40.0,"Yes, Germany has a national open data policy that includes national legislation for the transposition of the EU Open Data Directive. 1. Legal Basis: Germany has implemented the EU Directive (EU) 2019/1024 on open data and the reuse of public sector information (PSI Directive) through the Datennutzungsgesetz (DNG), which came into force in July 2021. This act regulates the reuse of public sector data for economic, scientific, and societal purposes and addresses high-quality and dynamic datasets with significant socio-economic potential. Alongside the DNG, other laws such as the Informationsweiterverwendungsgesetz (IWG) and the E-Government-Gesetz (EGovG) form part of the legislative framework for open data in Germany. 2. Policy Implementation and Governance: The federal government is actively developing and evaluating the legal framework, including the expansion of the scope to self-administration bodies and private-law entities performing public tasks. Additionally, the government has a strategy to improve access to especially valuable datasets across various categories as specified by the EU implementing regulation (DVO-HVD 2023/138). This integration reflects Germany’s harmonized approach with EU policies on open data. 3. Further Information and Official Sources: The Federal Ministry of Digital and Transport hosts an open data thematic portal clarifying the regulations and implementation details (https://bmds.bund.de/themen/digitale-wirtschaft/daten/open-data). This portal explicitly outlines the national legislation that implements the Open Data Directive and related EU measures, confirming Germany’s comprehensive policy framework on open data. In summary, Germany’s open data policy is based on solid legislative measures that fully transpose the EU Open Data Directive into national law, supported by strategic governance and operational resources.

## Sources
(1): Gutachten der Datenethikkommission
https://www.bmi.bund.de/SharedDocs/downloads/DE/publikationen/themen/it-digitalpolitik/gutachten-datenethikkommission.pdf?__blob=publicationFile&v=6
(2): Open Data Handbuch
https://www.bva.bund.de/SharedDocs/Downloads/DE/Behoerden/Beratung/Methoden/open_data_handbuch.pdf?__blob=publicationFile&v=8
(3): Open Data
https://bmds.bund.de/themen/digitale-wirtschaft/daten/open-data
(4): Tätigkeitsbericht 2021 - BfDI - Bundesportal
https://www.bfdi.bund.de/SharedDocs/Downloads/DE/Taetigkeitsberichte/30TB_21.pdf?__blob=publicationFile&v=7
(5): Hochwertige Datensätze - GovData
https://www.govdata.de/informationen/hochwertige-datensaetze",95.0,sufficient,prepared_main_pipeline,"{'yes': 40.0, 'no': 0.0, 'other': 40.0}","{'yes': 40, 'no': 0, 'other': 40}"
Germany,P13,Policy,"Is there a governance structure in place that enables the participation and/or inclusion of various open data stakeholders? 

For Explanation:
*  If yes, please briefly describe the governance structure and its operating model",yes,40.0,"Yes, Germany has a governance structure in place that enables the participation and inclusion of various open data stakeholders. This is grounded in strategic and legal frameworks that emphasize open government and participatory governance. Specifically: 1. The Open Data Handbuch outlines that open data serves as a foundational element of Open Government in Germany, facilitating transparency, participation, and cooperation between the public administration and society. It highlights the need for a genuine dialogue where societal proposals are seriously considered to promote acceptance of government actions. 2. The governance model involves not only authorities but also citizens and private enterprises working collaboratively across organizational boundaries to develop effective solutions, leveraging external knowledge and competencies. 3. Coordination mechanisms exist through the national metadata portal GovData, which aggregates and harmonizes open data from federal, state, and municipal levels. The portal uses standardized metadata (DCAT-AP.de) to ensure interoperability and usability, which supports stakeholder access and engagement. 4. Legal mandates such as §12a of the EGovG (E-Government Act) require federal authorities (excluding self-government bodies) to make suitable data openly available, thus institutionalizing the responsibility for open data provision. Together, these elements form a structured governance environment involving ministries, agencies, and society to foster participation and inclusion in open data practices.

## Sources
(1): Open Data Handbuch
https://www.bva.bund.de/SharedDocs/Downloads/DE/Behoerden/Beratung/Methoden/open_data_handbuch.pdf?__blob=publicationFile&v=8
(2): Gutachten der Datenethikkommission
https://www.bmi.bund.de/SharedDocs/downloads/DE/publikationen/themen/it-digitalpolitik/gutachten-datenethikkommission.pdf?__blob=publicationFile&v=6
(3): Datenstrategien für die gemeinwohlorientierte Stadtentwicklung
https://www.bbsr.bund.de/BBSR/DE/veroeffentlichungen/sonderveroeffentlichungen/2021/datenstrategien-gemeinwohl-stadtentwicklung-dl.pdf?__blob=publicationFile&v=2
(4): Häufig gestellte Fragen
https://www.bva.bund.de/SharedDocs/Downloads/DE/Behoerden/Beratung/Methoden/open_data_faq.pdf?__blob=publicationFile&v=4
(5): Open Data
https://bmds.bund.de/themen/digitale-wirtschaft/daten/open-data",90.0,sufficient,prepared_main_pipeline,"{'yes': 40.0, 'no': 0.0}","{'yes': 40, 'no': 0}"
Germany,P16,Policy,"To what degree do local/regional public bodies conduct open data initiatives? 

For Explanation:
* If not applicable, please explain why.",the majority of public bodies,15.0,"The majority of local and regional public bodies in Germany conduct open data initiatives. This is supported by the establishment of the national metadata portal GovData, which acts as a central entry point for finding open data published by federal, state (Länder), and municipal administrations. The portal consolidates data from these local and regional bodies, indicating widespread participation beyond just a few actors. Legal and strategic foundations for these initiatives include the revised Open Data Act (second Open-Data-Gesetz) from June 2021, which formally introduced the role of Open Data Coordinators in public administrations to oversee identification, publication, and quality management of open data. This institutionalization underscores systematic efforts at various government levels to promote open data. Additionally, there are concrete regional projects such as the Regional Open Government Laboratories, which involve cooperation between local politics, administration, citizens, and civil society to digitally support transparency and participation, highlighting active local government engagement. While evidence does not conclusively demonstrate that every local or regional body is involved, the coordinated infrastructure and legal mandates show that open data initiatives are implemented in the majority of these bodies across Germany. Given these elements—centralized infrastructure including multiple governance levels, legal mandates, and local pilot projects—the strength of evidence supports selecting ""the majority of public bodies"" as the best fitting category.

## Sources
(1): Open Data
https://bmds.bund.de/themen/digitale-wirtschaft/daten/open-data
(2): Open Data Handbuch
https://www.bva.bund.de/SharedDocs/Downloads/DE/Behoerden/Beratung/Methoden/open_data_handbuch.pdf?__blob=publicationFile&v=8
(3): Gutachten der Datenethikkommission
https://www.bmi.bund.de/SharedDocs/downloads/DE/publikationen/themen/it-digitalpolitik/gutachten-datenethikkommission.pdf?__blob=publicationFile&v=6
(4): Region gestalten  -  Regionale Open Government Labore
https://www.region-gestalten.bund.de/Region/DE/vorhaben/open-government-labore/_node.html
(5): 30. Tätigkeitsbericht zum Datenschutz und zur Informationsfreiheit
https://www.bfdi.bund.de/SharedDocs/Downloads/DE/Taetigkeitsberichte/30TB_21.pdf?__blob=publicationFile&v=7
(6): Tätigkeitsbericht 2021 - BfDI - Bundesportal
https://www.bfdi.bund.de/SharedDocs/Downloads/DE/Taetigkeitsberichte/30TB_21.pdf?__blob=publicationFile&v=7",0.9,sufficient,prepared_main_pipeline,"{'all public bodies': 20.0, 'the majority of public bodies': 15.0, 'approximately half of the public bodies': 10.0, 'few public bodies': 5.0, 'none of the public bodies': 0.0, 'not applicable': 20.0}","{'all public bodies': 20, 'the majority of public bodies': 15, 'approximately half of the public bodies': 10, 'few public bodies': 5, 'none of the public bodies': 0, 'not applicable': 20}"
Germany,P2,Policy,"Is there a national open data strategy in your country?

For Explanation:
* If yes, please provide (1) the URL to the strategy and (2) describe the main highlights.  
* If 'not applicable', please provide (1) a brief explanation to support your answer choice and provide (2) the URL and indicate the policy section which explicitly references objectives, actions/measures, delivery timelines etc.",yes,40.0,"Yes, Germany has a national open data strategy that is integrated within the broader data policy framework of the Bundesregierung (Federal Government). 1. The Open Data strategy is specifically designed as a five-year plan, encompassing three main action fields with a total of 68 implementation measures carried out by various federal ministries and agencies. These fields focus on improving data provision and developing robust data infrastructure, promoting innovative and responsible data use for the public good, and enhancing data literacy and culture within the federal administration to improve the quality and usability of data. 2. This strategy is monitored through a dedicated implementation tracking mechanism available at https://opendata.bund.de, which also hosts the federal open data portal. 3. The governance of the strategy is supported by a legal framework mandating each federal agency to appoint an Open Data Coordinator responsible for managing the technical and organizational processes and standards related to open data publication. These coordinators participate in cross-agency networks and meetings to ensure concerted implementation efforts. Thus, the open data strategy is well-formalized, action-oriented, and operationalized with clear objectives and delivery instruments.

## Sources
(1): Open Data Handbuch
https://www.bva.bund.de/SharedDocs/Downloads/DE/Behoerden/Beratung/Methoden/open_data_handbuch.pdf?__blob=publicationFile&v=8
(2): Open Data
https://bmds.bund.de/themen/digitale-wirtschaft/daten/open-data
(3): 30. Tätigkeitsbericht zum Datenschutz und zur Informationsfreiheit
https://www.bfdi.bund.de/SharedDocs/Downloads/DE/Taetigkeitsberichte/30TB_21.pdf?__blob=publicationFile&v=7
(4): Tätigkeitsbericht 2021 - BfDI - Bundesportal
https://www.bfdi.bund.de/SharedDocs/Downloads/DE/Taetigkeitsberichte/30TB_21.pdf?__blob=publicationFile&v=7
(5): Gutachten der Datenethikkommission
https://www.bmi.bund.de/SharedDocs/downloads/DE/publikationen/themen/it-digitalpolitik/gutachten-datenethikkommission.pdf?__blob=publicationFile&v=6",90.0,sufficient,prepared_main_pipeline,"{'yes': 40.0, 'no': 0.0, 'not applicable': 40.0}","{'yes': 40, 'no': 0, 'not applicable': 40}"
Germany,P22,Policy,"Do data publication plans exist at public body level?

For Explanation:
* If yes, please provide the URL and briefly highlight the key aspects covered.",yes,20.0,"Yes, data publication plans exist at the public body level in Germany. The evidence from the Open Data Handbuch, an official methodological guide, clearly indicates that public bodies are encouraged to analyze their existing data publication processes and to develop or enhance their data publication planning accordingly. The guide details procedures for identifying and prioritizing data sets for publication, creating comprehensive data catalogs at the agency level, and leveraging best practices. It also underscores the importance of involving relevant personnel responsible for data collection, storage, and maintenance in these plans. This approach reflects a decentralized but methodologically supported process for public bodies to plan data publication systematically. Furthermore, additional resources such as the Open Data FAQs and requirements documents provide frameworks and operational guidance for implementing these plans effectively. Although no single standardized national directive forces all agencies uniformly, the combined official guidance and frameworks constitute de facto recognized data publication plans at public body level. For reference, the Open Data Handbuch is available at https://www.bva.bund.de/SharedDocs/Downloads/DE/Behoerden/Beratung/Methoden/open_data_handbuch.pdf?__blob=publicationFile&v=8, providing detailed practical instructions and planning support for public bodies.

## Sources
(1): Open Data Handbuch
https://www.bva.bund.de/SharedDocs/Downloads/DE/Behoerden/Beratung/Methoden/open_data_handbuch.pdf?__blob=publicationFile&v=8
(2): Häufig gestellte Fragen
https://www.bva.bund.de/SharedDocs/Downloads/DE/Behoerden/Beratung/Methoden/open_data_faq.pdf?__blob=publicationFile&v=4
(3): Hochwertige Datensätze
https://www.govdata.de/informationen/hochwertige-datensaetze
(4): Anforderung an die Daten
https://www.bva.bund.de/SharedDocs/Downloads/DE/Behoerden/Beratung/Methoden/open_data_anforderungen_daten.pdf?__blob=publicationFile&v=2",95.0,sufficient,prepared_main_pipeline,"{'yes': 20.0, 'no': 0.0}","{'yes': 20, 'no': 0}"
Germany,P24,Policy,"Are there processes to ensure that the open data policies/strategy previously mentioned are updated and revised as needed?

For explanation:
* If yes, please describe the process and any recent updates made to strategy/policy",yes,20.0,"Yes, Germany has established processes to ensure that open data policies and strategies are regularly updated and revised as needed. According to the Open Data Handbuch, an open data lifecycle is institutionalized which includes periodic review tasks alongside regular operations. This lifecycle considers organizational and technical adaptations, such as changes in agency responsibilities or new data additions, triggering a reassessment within the open data framework. Furthermore, the involvement of the Kompetenzzentrum Open Data (CCOD) offers ongoing methodological support for implementing the Open Data Act, allowing continuous improvement and updates to the strategy. Also, the systematic integration of open data considerations into procurement and contracting processes suggests institutional mechanisms for iterative policy refinement. Hence, there is clear evidence of formal, cyclical processes supporting regular updates and revisions of open data policies in Germany.

## Sources
(1): Open Data Handbuch
https://www.bva.bund.de/SharedDocs/Downloads/DE/Behoerden/Beratung/Methoden/open_data_handbuch.pdf?__blob=publicationFile&v=8
(2): Häufig gestellte Fragen
https://www.bva.bund.de/SharedDocs/Downloads/DE/Behoerden/Beratung/Methoden/open_data_faq.pdf?__blob=publicationFile&v=4
(3): 30. Tätigkeitsbericht zum Datenschutz und zur Informationsfreiheit
https://www.bfdi.bund.de/SharedDocs/Downloads/DE/Taetigkeitsberichte/30TB_21.pdf?__blob=publicationFile&v=7
(4): Tätigkeitsbericht 2021 - BfDI - Bundesportal
https://www.bfdi.bund.de/SharedDocs/Downloads/DE/Taetigkeitsberichte/30TB_21.pdf?__blob=publicationFile&v=7
(5): Gutachten der Datenethikkommission
https://www.bmi.bund.de/SharedDocs/downloads/DE/publikationen/themen/it-digitalpolitik/gutachten-datenethikkommission.pdf?__blob=publicationFile&v=6",0.95,sufficient,prepared_main_pipeline,"{'yes': 20.0, 'no': 0.0}","{'yes': 20, 'no': 0}"
Germany,P3,Policy,"Is there an open data policy/strategy at regional or local level?

For Explanation:
* If yes, please (1) provide the URL and (2) title of the document(s) and (3) briefly describe.",yes,20.0,"Yes, there is evidence of open data policies and strategies at regional or local levels in Germany. While the national framework sets important standards and guidance, there are specific examples and detailed methodological guidelines aimed at implementing Open Data at subnational levels. The “Open Data Handbuch” (Open Data Handbook) published by the Federal Administration describes strategies for the introduction and operationalization of Open Data in public authorities, highlighting organizational, strategic, and procedural measures that can be tailored to regional and local agencies. This handbook addresses the establishment of Open Data lifecycles within authorities and the necessary steps to implement open data effectively beyond just the national level. Although explicit regional or local government strategies with direct URLs beyond this handbook are not separately listed here, the material clearly indicates that open data strategies are adopted and adaptable at these levels in Germany. Thus, the evidence supports the presence of policy or strategy frameworks operational on a regional or municipal scale.

## Sources
(1): Open Data Handbuch
https://www.bva.bund.de/SharedDocs/Downloads/DE/Behoerden/Beratung/Methoden/open_data_handbuch.pdf?__blob=publicationFile&v=8
(2): Gutachten der Datenethikkommission
https://www.bmi.bund.de/SharedDocs/downloads/DE/publikationen/themen/it-digitalpolitik/gutachten-datenethikkommission.pdf?__blob=publicationFile&v=6
(3): Tätigkeitsbericht 2021 - BfDI - Bundesportal
https://www.bfdi.bund.de/SharedDocs/Downloads/DE/Taetigkeitsberichte/30TB_21.pdf?__blob=publicationFile&v=7
(4): 30. Tätigkeitsbericht zum Datenschutz und zur Informationsfreiheit
https://www.bfdi.bund.de/SharedDocs/Downloads/DE/Taetigkeitsberichte/30TB_21.pdf?__blob=publicationFile&v=7
(5): Häufig gestellte Fragen
https://www.bva.bund.de/SharedDocs/Downloads/DE/Behoerden/Beratung/Methoden/open_data_faq.pdf?__blob=publicationFile&v=4",0.85,sufficient,prepared_main_pipeline,"{'yes': 20.0, 'no': 0.0, 'not applicable': 20.0}","{'yes': 20, 'no': 0, 'not applicable': 20}"
Germany,P4,Policy,"Does the national strategy/policy include an action plan with measures to be implemented in the open data field?

For Explanation:
If yes, please briefly describe the main measures described by the action plan.",yes,20.0,"Yes, Germany's national open data policy includes a clearly articulated action plan with concrete measures for implementation. Specifically: 1. The German federal government adopted the second national action plan in 2019, which explicitly commits to strengthening and promoting open data within the federal administration. This plan forms part of a broader open government and transparency agenda aimed at increasing public sector data accessibility. 2. The Open Data Strategy operates on a five-year timeframe and encompasses three main fields of action with a total of 68 implementation measures across various federal ministries and agencies. These measures address improving data provision, building sustainable and robust data infrastructures, fostering innovative, responsible data use, and enhancing data competencies and culture within public administration. 3. To operationalize the strategy, the government has established a monitoring system that tracks the progress of these measures via an openly accessible platform (https://opendata.bund.de). Furthermore, each federal agency must appoint an Open Data Coordinator who oversees technical and organizational standards for open data publication, and collaborative networks of these coordinators facilitate inter-agency cooperation. 4. Additionally, efforts include legislative changes (e.g., amendments to the E-Government Act), establishing competence centers like the Competence Center for Open Data at the Federal Administration Office, and fostering a culture of “open by default” throughout public authorities. This coherent legal and strategic framework, with dedicated governance and operational support mechanisms, validates the existence of a comprehensive open data action plan in Germany.

## Sources
(1): Open Data Handbuch
https://www.bva.bund.de/SharedDocs/Downloads/DE/Behoerden/Beratung/Methoden/open_data_handbuch.pdf?__blob=publicationFile&v=8
(2): Untitled source
https://www.bbsr.bund.de/BBSR/DE/veroeffentlichungen/bbsr-online/2024/bbsr-online-96-2024-dl.pdf;jsessionid=D6F1E3AF076A6679879714C6B32FA3C2.live11291?__blob=publicationFile&v=2
(3): Tätigkeitsbericht 2021 - BfDI - Bundesportal
https://www.bfdi.bund.de/SharedDocs/Downloads/DE/Taetigkeitsberichte/30TB_21.pdf?__blob=publicationFile&v=7
(4): 30. Tätigkeitsbericht zum Datenschutz und zur Informationsfreiheit
https://www.bfdi.bund.de/SharedDocs/Downloads/DE/Taetigkeitsberichte/30TB_21.pdf?__blob=publicationFile&v=7
(5): Open Data - BMDS - Bundesportal
https://bmds.bund.de/themen/digitale-wirtschaft/daten/open-data
(6): Open Data
https://bmds.bund.de/themen/digitale-wirtschaft/daten/open-data
(7): Gutachten der Datenethikkommission
https://www.bmi.bund.de/SharedDocs/downloads/DE/publikationen/themen/it-digitalpolitik/gutachten-datenethikkommission.pdf?__blob=publicationFile&v=6",95.0,sufficient,prepared_main_pipeline,"{'yes': 20.0, 'no': 0.0}","{'yes': 20, 'no': 0}"
