country,question_id,dimension,question,retrieval_query,retrieval_rank,similarity_score,adjusted_similarity_score,rerank_bonus,source_question_id,source_title,source_url,source_saved_path,source_file_type,chunk_id,chunk_index,chunk_text,chunk_length_words
Estonia,I1,Impact,"Do you have a definition of open data reuse in your country?
 
For Explanation:
* If yes, please specify it.","Impact | I1 | Do you have a definition of open data reuse in your country?
 
For Explanation:
* If yes, please specify it.",1,0.6161032915115356,0.7561032772064209,0.13999998569488525,P2,MANAGEMENT STRATEGY?,https://digikogu.taltech.ee/et/Download/da54b67d-17e9-4df0-b5d4-1fff8d77d515,debug_estonia_rerun\downloads\P2\doc_7.pdf,pdf,Estonia_P2_29,29,"necessary to comply with this Directive by 17 July 2021 at the latest, many states have not yet established comprehensive open data policies since last summer. The new Estonian Public Information Act intends to solve practical bottlenecks that have arisen in the interpretation of the definition of o pen data and the principles related to reuse provided in the current law. For instance, paragraph 31, Section 83 of the Estonian Public Information Act establishes the obligation to make such open data that are updated frequently or in real time because they change continuously or expire rapidly available for reuse through the Application Programming Interface and, where appropriate, as bulk downloads immediately after collection or in the case of manual updates. If this is considered too “burdensome for th e holder”, the data shall be made available in the shortest possible time and with technical constraints that do not unduly prejudice the economic and social potential of the data. According to Section 9 of the same 14 paragraph, open data shall, as a rule, b e released for reuse without conditions.",180
Estonia,I1,Impact,"Do you have a definition of open data reuse in your country?
 
For Explanation:
* If yes, please specify it.","Impact | I1 | Do you have a definition of open data reuse in your country?
 
For Explanation:
* If yes, please specify it.",2,0.6024090051651001,0.7424089908599854,0.13999998569488525,P2,MANAGEMENT STRATEGY?,https://digikogu.taltech.ee/et/Download/da54b67d-17e9-4df0-b5d4-1fff8d77d515,debug_estonia_rerun\downloads\P2\doc_7.pdf,pdf,Estonia_P2_28,28,"reuse of public sector information and to increase the availability and reusability of open data to foster innovation and the economy, the smoother functio ning of the internal market and the information society. The Explanatory Memorandum to the Public Information Act also describes how allowing the reuse of data held by a public sector body provides added value for reusers, end -users, and the society, and o ften for the public authority concerned, as it promotes transparency and accountability. The amendments give effect to the requirements of Directive 2019/1024 of the European Parliament and of the Council on the reuse of public data and public sector infor mation. The Commission shall evaluate the application of this Directive no earlier than on 17 July 2025, so even though Member States had to bring into force the laws, regulations, and administrative provisions necessary to comply with this Directive by 17 July 2021 at the latest, many states have not yet established comprehensive open data policies since last summer. The new Estonian Public Information Act intends to solve practical bottlenecks that have arisen",180
Estonia,I1,Impact,"Do you have a definition of open data reuse in your country?
 
For Explanation:
* If yes, please specify it.","Impact | I1 | Do you have a definition of open data reuse in your country?
 
For Explanation:
* If yes, please specify it.",3,0.6311368942260742,0.741136908531189,0.11000001430511475,P2,Estonian data portal | RIA,https://www.ria.ee/en/state-information-system/data-based-governance-and-reuse-data/estonian-data-portal,debug_estonia_rerun\downloads\P2\doc_3.html,html,Estonia_P2_9,9,"will be able to make data-driven decisions and reduce the costs associated with duplicated data collection and responding to queries; students and researchers can use the data for research and for developing new solutions and technologies; companies can develop new business models, products, and services based on open data; the media can rely on high-quality information, thereby raising public awareness and promoting transparent governance; citizens gain a better understanding of how the state functions and use applications relying on open data to make their daily lives easier. Access to data subject to restrictions is limited in accordance with the procedure laid down by law, but such data may also be reused under certain conditions, for example, to avoid multiple requests for the same data. Examples of data with restricted access include: personal data; information relating to business, trade, and corporate secrets. To enable the reuse of data, public sector bodies are required to: provide access to open data in a manner suitable to them in accordance with the Public Information Act, and where possible, in a machine-readable as well as",180
Estonia,I1,Impact,"Do you have a definition of open data reuse in your country?
 
For Explanation:
* If yes, please specify it.","Impact | I1 | Do you have a definition of open data reuse in your country?
 
For Explanation:
* If yes, please specify it.",4,0.6185808777809143,0.728580892086029,0.11000001430511475,P2,Estonian data portal | RIA,https://www.ria.ee/en/state-information-system/data-based-governance-and-reuse-data/estonian-data-portal,debug_estonia_rerun\downloads\P2\doc_3.html,html,Estonia_P2_10,10,"secrets. To enable the reuse of data, public sector bodies are required to: provide access to open data in a manner suitable to them in accordance with the Public Information Act, and where possible, in a machine-readable as well as in an open format; publish descriptions of datasets containing both open data and restricted data in the Data Portal. Related links Estonian data portal Instructions of the data portal (in Estonian) Public Information Act Data management guidelines and practices (in Estonian) Data Description Standard (in Estonian) Open data Open data e-trainings European Data Portal Last updated: 06.05.2026 Stay tuned! On social media Information System Authority Pärnu maantee 139a, 15169 Tallinn +372 663 0200 [email protected] Open Mon–Thu 8.30–17.00 and Fri 8.30–15.45 Customer Support Processing of personal data Accessibility Help Cookies",130
Estonia,I1,Impact,"Do you have a definition of open data reuse in your country?
 
For Explanation:
* If yes, please specify it.","Impact | I1 | Do you have a definition of open data reuse in your country?
 
For Explanation:
* If yes, please specify it.",5,0.6729923486709595,0.7229923605918884,0.050000011920928955,P2,Andmete ja tehisintellekti valge raamat 2024-2030,https://mkm.ee/sites/default/files/documents/2024-02/Tehisintellekti%20ja%20andmete%20valge%20raamat%202024-2030.pdf,debug_estonia_rerun\downloads\P2\doc_6.pdf,pdf,Estonia_P2_72,72,"materjalide eesti keelde tõlkimine ning ülevõtmine ning võtta need kasutusele avalikus sektoris. Andmete taaskasutus saab toimida ainult siis, kui erinevate osapoolte poolt hallatavad andmed on standardiseeritud, korrastatud, kirjeldatud, avalikustatud, kontrollitud kvaliteediga ning varustatud andmete taaskasutust toetava dokumentatsiooni ja toega. Avaliku sektori asutuste peamiseks arenguhüpet takistavaks probleemiks nähakse kompetentside puudust. Eriti on tunda selle mõju kohalike omavalitsuste tasandil, kus lisaks kompetentside puudumisele, ei ole avaandmete avalikustamine puuduva inimressursi tõt tu asutuse esmaseks prioriteediks. See annab märku, et oskuste arendamist, töötajate koolitamist ning toetava kogukonna loomist peab võtma tõsiselt. 36 MKM koos RIA ja teiste partneritega on alates 2018. aastast tegelenud aktiivselt avaandmete valdkonna edendamisega. Hindamaks tegevuste mõju ja täiendava sisendi saamiseks viis MKM 2022. aasta lõpus läbi lühikaardistuse, mille käigus uuriti mh avaandmete hetkeseisu as utustes. Kaardistuse tulemusel on asutuste peamisteks probleemideks: • andmehalduse alaste teadmiste ja praktiliste oskuste puudumine ja • vähene süsteemsus andmehalduse organiseerimisel ja tegevuste elluviimisel. Näiteks ei ole 2023. aasta seisuga pea 64% teabevaldajatest juurdepääsupiiranguteta andmeid avalikustanud, 55% asutustest ei vaata regulaarselt üle ega avalikusta avaandmeid avaandmete teabeväravas ning 78% teabevaldajatest ei kaardista taaskasutajate va jadusi. Samas",180
Estonia,I1,Impact,"Do you have a definition of open data reuse in your country?
 
For Explanation:
* If yes, please specify it.","Impact | I1 | Do you have a definition of open data reuse in your country?
 
For Explanation:
* If yes, please specify it.",6,0.6657495498657227,0.7157495617866516,0.050000011920928955,P2,Estonia’s Digital Agenda,https://mkm.ee/media/6970/download,debug_estonia_rerun\downloads\P2\doc_4.pdf,pdf,Estonia_P2_79,79,"reuse of data with the aim of supporting the improved accessibility and reuse of data, including the use of confidential data for scientific purposes, the availability of open data and consent-based data processing. Activities: + Separate software developed for digital government which is funded using taxpayers’ money and includes intellectual property of the public sector is published with an open source license – as long as it is not significant with regard to national security. + The development of digital government relies on an architectural principles that allow for reuse. Solutions created for the Estonian state based on this can be adapted more easily both with regard to business and technology (including by means of cloud technology), increasing the export of digital government solutions. + All machine-readable open data are available and reused as actively as possible. 31 Estonia’s Digital Agenda 2030 7 . Empowering digital change in public sector The continued development of technology keeps creating new opportunities Current situation: + Paper-based service provision has been replaced with digital services in Estonia but we can put digital solutions to",180
Estonia,I1,Impact,"Do you have a definition of open data reuse in your country?
 
For Explanation:
* If yes, please specify it.","Impact | I1 | Do you have a definition of open data reuse in your country?
 
For Explanation:
* If yes, please specify it.",7,0.6248066425323486,0.6948066353797913,0.06999999284744263,P2,Andmete ja tehisintellekti valge raamat 2024-2030,https://mkm.ee/sites/default/files/documents/2024-02/Tehisintellekti%20ja%20andmete%20valge%20raamat%202024-2030.pdf,debug_estonia_rerun\downloads\P2\doc_6.pdf,pdf,Estonia_P2_16,16,"taaskasutuse parendamine, privaatsuse ja usaldusväärsuse tagamine ning tehisintellekti kasutuselevõtt. OECD andmepoliitikat viib peamiselt ellu andmehalduse ja privaatsuse töögrupp (Working Party on Data Governance and Privacy in the Digital Economy), tehisintellekti töögrupp ( Working Party and Network of Experts on AI ) ning avaandmete ekspertrühm (Expert Group on Open Government Data). OECD andmepoliitika põhialused on sätestatud mitmes deklaratsioonis, soovituses ja indeksis, neist olulisemad on: • Deklaratsioon erasektori poolt hoitavate isikuandmete ligipääsu kohta avaliku sektori poolt (OECD Declaration on Government Access to Personal Data Held by Private Sector Entities, https://www.oecd.org/digital/landmark-agreement-adopted-on-safeguarding-privacy-in-law- enforcement-and-national-security-data-access.htm); 4 ttps://eur-lex.europa.eu/legal-content/EN/TXT/?uri=CELEX%3A52020DC0065&WT_mc_id=Twitter 5 https://eur-lex.europa.eu/legal-content/EN/TXT/?uri=COM%3A2018%3A237%3AFIN 6 https://digital-strategy.ec.europa.eu/en/policies/plan-ai 11 • Soovitused andmetele ligipääsu tagamise ja jagamise parendamise kohta (OECD Recommendation on Enhancing Access to and Sharing of Data, https://legalinstruments.oecd.org/en/instruments/OECD-LEGAL-0463); • Soovitused privaatsuse kaitseks ja piiriüleseks andmevahetuseks (Recommendation of the Council concerning Guidelines Governing the Protection of Privacy and Transborder Flows of Personal Data, https://legalinstruments.oecd.org/en/instruments/OECD-LEGAL-0188); • Tehisintellekti alased soovitused (Recommendation of the Council on Artificial Intelligence, https://legalinstruments.oecd.org/en/instruments/OECD-LEGAL-0449); • Avaandmete valdkonna küpsustaseme indeks (OURdata index, https://www.oecd.org/gov/digital-government/open-government-data.htm). Nende deklaratsioonide ja soovituste peamine eesmärk on luua andmevahetuse ja taaskasutuse ökosüsteem, mis hõlmab nii avalikku kui erasektorit ning",180
Estonia,I1,Impact,"Do you have a definition of open data reuse in your country?
 
For Explanation:
* If yes, please specify it.","Impact | I1 | Do you have a definition of open data reuse in your country?
 
For Explanation:
* If yes, please specify it.",8,0.6087464690208435,0.6787464618682861,0.06999999284744263,P2,,https://digikogu.taltech.ee/et/Download/86f50514-87ff-4fb1-9c79-f38c67acb919,debug_estonia_rerun\downloads\P2\doc_8.pdf,pdf,Estonia_P2_39,39,"to the public administration. If a data is already submitted to a public sector organization once then it should not be asked again, but it is expected that the public administration exchanges the data if it is necessary. The goal of this project is not only to change the way how EU member states collect and exchange data in their countries, but also to simplify data exchange cross-borders [41]. So far EU member states have initiated pilot projects to implement the principle, but the cross-borders implementation is still quite limited. The OOP contributes to creating a single digital market for data in the EU [42]. The OOP guides the way data should be collected and shared across the EU and affects every member state’s public administration, as well as data governance principles and practices in place. In Estonia, data governance is coordinated by the Statistics of Estonia, which is regulated by the Public Information Act and the Official Statistics Act [43]. They work in close 25 collaboration with different public sector institutions, including MKM who has a specialized unit dealing",180
Estonia,I10,Impact,"Have any public bodies in your country developed any systematic way of gathering reuse cases?

For Explanation:
* If yes, please provide a brief explanation of the process: How does the gathering happen?","Impact | I10 | Have any public bodies in your country developed any systematic way of gathering reuse cases?

For Explanation:
* If yes, please provide a brief explanation of the process: How does the gathering happen?",1,0.6369929313659668,0.6369929313659668,0.0,P2,Andmete ja tehisintellekti valge raamat 2024-2030,https://mkm.ee/sites/default/files/documents/2024-02/Tehisintellekti%20ja%20andmete%20valge%20raamat%202024-2030.pdf,debug_estonia_rerun\downloads\P2\doc_6.pdf,pdf,Estonia_P2_72,72,"materjalide eesti keelde tõlkimine ning ülevõtmine ning võtta need kasutusele avalikus sektoris. Andmete taaskasutus saab toimida ainult siis, kui erinevate osapoolte poolt hallatavad andmed on standardiseeritud, korrastatud, kirjeldatud, avalikustatud, kontrollitud kvaliteediga ning varustatud andmete taaskasutust toetava dokumentatsiooni ja toega. Avaliku sektori asutuste peamiseks arenguhüpet takistavaks probleemiks nähakse kompetentside puudust. Eriti on tunda selle mõju kohalike omavalitsuste tasandil, kus lisaks kompetentside puudumisele, ei ole avaandmete avalikustamine puuduva inimressursi tõt tu asutuse esmaseks prioriteediks. See annab märku, et oskuste arendamist, töötajate koolitamist ning toetava kogukonna loomist peab võtma tõsiselt. 36 MKM koos RIA ja teiste partneritega on alates 2018. aastast tegelenud aktiivselt avaandmete valdkonna edendamisega. Hindamaks tegevuste mõju ja täiendava sisendi saamiseks viis MKM 2022. aasta lõpus läbi lühikaardistuse, mille käigus uuriti mh avaandmete hetkeseisu as utustes. Kaardistuse tulemusel on asutuste peamisteks probleemideks: • andmehalduse alaste teadmiste ja praktiliste oskuste puudumine ja • vähene süsteemsus andmehalduse organiseerimisel ja tegevuste elluviimisel. Näiteks ei ole 2023. aasta seisuga pea 64% teabevaldajatest juurdepääsupiiranguteta andmeid avalikustanud, 55% asutustest ei vaata regulaarselt üle ega avalikusta avaandmeid avaandmete teabeväravas ning 78% teabevaldajatest ei kaardista taaskasutajate va jadusi. Samas",180
Estonia,I10,Impact,"Have any public bodies in your country developed any systematic way of gathering reuse cases?

For Explanation:
* If yes, please provide a brief explanation of the process: How does the gathering happen?","Impact | I10 | Have any public bodies in your country developed any systematic way of gathering reuse cases?

For Explanation:
* If yes, please provide a brief explanation of the process: How does the gathering happen?",2,0.5608649253845215,0.6008649468421936,0.04000002145767212,P2,,https://digikogu.taltech.ee/et/Download/86f50514-87ff-4fb1-9c79-f38c67acb919,debug_estonia_rerun\downloads\P2\doc_8.pdf,pdf,Estonia_P2_55,55,"and policy makers, the most common data use cases highlighted were fulfilling the objectives of the institution or a specific field, which directly relates to another recurring answer, which is setting metrics in place for these objectives and monitoring the fulfilment of these metrics. In addition, policymaking using data was cited as a key use case, while the undersecretaries brought out that policy impact evaluation as one of the most difficult challenges. Day -to-day operational work and strategic planning, including budget decisions, were also mentioned as an important data use case. Data governance representatives additionally brought out making data publicly accessible as open data an important use case and using data for research and innovation, either in the public sector or by academia or private sector. Quality and trustworthiness of data From all interviewees were asked questions regarding data quality and it was a topic where everyone could participate and give examples from real life, some in more detail than others. The representatives of the data governance unit had different assessments of the current situation of data quality in the",180
Estonia,I10,Impact,"Have any public bodies in your country developed any systematic way of gathering reuse cases?

For Explanation:
* If yes, please provide a brief explanation of the process: How does the gathering happen?","Impact | I10 | Have any public bodies in your country developed any systematic way of gathering reuse cases?

For Explanation:
* If yes, please provide a brief explanation of the process: How does the gathering happen?",3,0.5895863771438599,0.5895863771438599,0.0,P2,Andmete ja tehisintellekti valge raamat 2024-2030,https://mkm.ee/sites/default/files/documents/2024-02/Tehisintellekti%20ja%20andmete%20valge%20raamat%202024-2030.pdf,debug_estonia_rerun\downloads\P2\doc_6.pdf,pdf,Estonia_P2_67,67,"ja andmeanalüüsi järjekindla kvaliteedi ja tõhususe kasvuga toetavate tegevuste tähtsuse vähenemist. Selle muutuse (andmepõhise organisatsiooni digipöörde) süsteemseks jälgimiseks, sh keskse ressursivaj aduse muutuse hindamiseks (ehk „Eesti riigi ressursside efektiivseks kasutamiseks“) on tarvis aastatel 2024–2025 olemasolevate juhiste ja rahvusvahelise praktika baasil välja töötada andmehalduse terviklik toimimismudel ja küpsushindamise raamistik ning võ tta need kasutusele vähemalt avalikus, aga kasvavalt ka erasektoris. Süsteemne andmehaldus on andmepõhise ühiskonna oluliseks eelduseks. Efektiivne andmemajandus, andmete vahetamine ja taaskasutus saab toimida ainult siis, kui erinevate osapoolte poolt hallatavad andmed on üheselt mõistetavalt korrastatud, kirjeldatud, avalikustatud, kontrollitud kvaliteediga ning varustatud andmete taaskasutust toetava dokumentatsiooni ja toega. MKM koos Statistikaameti, RIA ja teiste partneritega on alates 2020. aastast tegelenud aktiivselt andmehalduse juhiste loomise, koolituste pakkumise ja andmehaldurite võrgustiku arendamisega. Hindamaks nende tegevuste mõju ja täiendava sisendi saamiseks vi is MKM 2022. aasta lõpus läbi lühikaardistuse, mille käigus uuriti mh andmehalduse hetkeseisu asutustes. Kaardistuse tulemusel on asutuste peamisteks probleemideks: 34 • andmehalduse alaste teadmiste ja praktiliste oskuste puudumine ja • vähene süsteemsus andmehalduse organiseerimisel ja tegevuste elluviimisel. Näiteks ei ole 2023. aasta seisuga pea 70% kaardistatud asutustes defineeritud andmetega seotud",180
Estonia,I10,Impact,"Have any public bodies in your country developed any systematic way of gathering reuse cases?

For Explanation:
* If yes, please provide a brief explanation of the process: How does the gathering happen?","Impact | I10 | Have any public bodies in your country developed any systematic way of gathering reuse cases?

For Explanation:
* If yes, please provide a brief explanation of the process: How does the gathering happen?",4,0.5288146138191223,0.5688146352767944,0.04000002145767212,P2,,https://digikogu.taltech.ee/et/Download/86f50514-87ff-4fb1-9c79-f38c67acb919,debug_estonia_rerun\downloads\P2\doc_8.pdf,pdf,Estonia_P2_77,77,"and useful, but problems arise when more detail data interpretation is needed. Also evaluating the impact of policies is a challenge, which includes creating metrics that would directly relate to the pol icies and using data that would support the evaluation. Examples of time criticality were mentioned, where data is needed faster than it possible to collect or transform to a needed form. In addition, in some cases the policy side or decision makers do not trust the data due to data quality problems. Using data in the decision-making process Question 7 aimed at the undersecretaries representing the policy side related to using data in the decision -making process. All the interviewees agreed that they are using data in their decision-making, but what varies is the extent of it. Data-based reports, statistics and usage of data dashboards is common, they show the general trends and are monitored quite often, but in terms of decision -making it is not always enough. The most critical point was having the data in the right context in the decision -making process, which is 40",180
Estonia,I10,Impact,"Have any public bodies in your country developed any systematic way of gathering reuse cases?

For Explanation:
* If yes, please provide a brief explanation of the process: How does the gathering happen?","Impact | I10 | Have any public bodies in your country developed any systematic way of gathering reuse cases?

For Explanation:
* If yes, please provide a brief explanation of the process: How does the gathering happen?",5,0.5349267721176147,0.5349267721176147,0.0,P2,Estonia’s Digital Agenda,https://mkm.ee/media/6970/download,debug_estonia_rerun\downloads\P2\doc_4.pdf,pdf,Estonia_P2_79,79,"reuse of data with the aim of supporting the improved accessibility and reuse of data, including the use of confidential data for scientific purposes, the availability of open data and consent-based data processing. Activities: + Separate software developed for digital government which is funded using taxpayers’ money and includes intellectual property of the public sector is published with an open source license – as long as it is not significant with regard to national security. + The development of digital government relies on an architectural principles that allow for reuse. Solutions created for the Estonian state based on this can be adapted more easily both with regard to business and technology (including by means of cloud technology), increasing the export of digital government solutions. + All machine-readable open data are available and reused as actively as possible. 31 Estonia’s Digital Agenda 2030 7 . Empowering digital change in public sector The continued development of technology keeps creating new opportunities Current situation: + Paper-based service provision has been replaced with digital services in Estonia but we can put digital solutions to",180
Estonia,I10,Impact,"Have any public bodies in your country developed any systematic way of gathering reuse cases?

For Explanation:
* If yes, please provide a brief explanation of the process: How does the gathering happen?","Impact | I10 | Have any public bodies in your country developed any systematic way of gathering reuse cases?

For Explanation:
* If yes, please provide a brief explanation of the process: How does the gathering happen?",6,0.5232328772544861,0.5232328772544861,0.0,I12,eRes jätkustrateegia - A4 - v2,https://www.e-resident.gov.ee/wp-content/uploads/2026/01/E-residentsuse-jatkustrateegia-2026-2029.pdf,debug_estonia_rerun\downloads\I12\doc_1.pdf,pdf,Estonia_I12_27,27,"egevusedMonitoorimine T urundusraha suur endamine ja t ulemuste mõõtmineÄrianalüüs: õiguslik u ja poliitilis e keskkonna monitoorimine T urundus ja äri-ar endus panevad r ohkem ressurssi, et näha t ulemuslikkustÄrianalüüs: õiguslik u ja poliitilis e keskkonna monitoorimine T urul tegutsevad koos nii äriar endus, t urundus kui ka k ommunikatsioonÄrianalüüs: õiguslik u ja poliitilis e keskkonna monitoorimine Organisatsioo nMaajuh t (ingl c ountry manager ) O tsuse te gemise aja vahemikK olm kuud t urutrendiK uni üheksa kuud t urutrendiK uni üheksa kuud t urutrendiK uni üheksa kuud t urutrendiE eldused riikide liigitamisel:● t urvaline riik● maksuleping M õõdikud riikide liigitamisel:● t urundusstatistika● t aotluste arv● k onversioon e-residentide ja nende loodud ettevõtete vahel● fast tr ack’i jõud vate ja selle edukalt läbivate ettevõtete osakaal 15 P eamised eesmärgid● Jõuda müügi- ja t urundustegevustega FLB-deni ning kasvatada konversiooni.● Suur em kiirus ja paindlikkus riikide mudeli rakendamisel ärianalüüsi kaudu.T egevused● F LB-dele suunatud müük▪ K eskenduda müügimeeskonnal FLB-de kriteeriumite alusel ettevõtete leidmisele ja nendega suh tlemisele.▪ K eskenduda partnerite ja ürituste otsingul nendele, kes samuti puutuvad kokku FL B-dega.▪ Tihendada E IS-i-sisest",180
Estonia,I10,Impact,"Have any public bodies in your country developed any systematic way of gathering reuse cases?

For Explanation:
* If yes, please provide a brief explanation of the process: How does the gathering happen?","Impact | I10 | Have any public bodies in your country developed any systematic way of gathering reuse cases?

For Explanation:
* If yes, please provide a brief explanation of the process: How does the gathering happen?",7,0.5232328772544861,0.5232328772544861,0.0,P1,eRes jätkustrateegia - A4 - v2,https://www.e-resident.gov.ee/wp-content/uploads/2026/01/E-residentsuse-jatkustrateegia-2026-2029.pdf,debug_estonia_rerun\downloads\P1\doc_6.pdf,pdf,Estonia_P1_27,27,"egevusedMonitoorimine T urundusraha suur endamine ja t ulemuste mõõtmineÄrianalüüs: õiguslik u ja poliitilis e keskkonna monitoorimine T urundus ja äri-ar endus panevad r ohkem ressurssi, et näha t ulemuslikkustÄrianalüüs: õiguslik u ja poliitilis e keskkonna monitoorimine T urul tegutsevad koos nii äriar endus, t urundus kui ka k ommunikatsioonÄrianalüüs: õiguslik u ja poliitilis e keskkonna monitoorimine Organisatsioo nMaajuh t (ingl c ountry manager ) O tsuse te gemise aja vahemikK olm kuud t urutrendiK uni üheksa kuud t urutrendiK uni üheksa kuud t urutrendiK uni üheksa kuud t urutrendiE eldused riikide liigitamisel:● t urvaline riik● maksuleping M õõdikud riikide liigitamisel:● t urundusstatistika● t aotluste arv● k onversioon e-residentide ja nende loodud ettevõtete vahel● fast tr ack’i jõud vate ja selle edukalt läbivate ettevõtete osakaal 15 P eamised eesmärgid● Jõuda müügi- ja t urundustegevustega FLB-deni ning kasvatada konversiooni.● Suur em kiirus ja paindlikkus riikide mudeli rakendamisel ärianalüüsi kaudu.T egevused● F LB-dele suunatud müük▪ K eskenduda müügimeeskonnal FLB-de kriteeriumite alusel ettevõtete leidmisele ja nendega suh tlemisele.▪ K eskenduda partnerite ja ürituste otsingul nendele, kes samuti puutuvad kokku FL B-dega.▪ Tihendada E IS-i-sisest",180
Estonia,I10,Impact,"Have any public bodies in your country developed any systematic way of gathering reuse cases?

For Explanation:
* If yes, please provide a brief explanation of the process: How does the gathering happen?","Impact | I10 | Have any public bodies in your country developed any systematic way of gathering reuse cases?

For Explanation:
* If yes, please provide a brief explanation of the process: How does the gathering happen?",8,0.5174983143806458,0.5174983143806458,0.0,P3,(I) Tegevusjuhend,https://www.e-resident.gov.ee/wp-content/uploads/2024/09/eestikeelne-MP-code-of-conduct_amended_2024-09.docx.pdf,debug_estonia_rerun\downloads\P3\doc_2.pdf,pdf,Estonia_P3_8,8,"regulaarselt nõuda tõestustheafinantskäitumisekohta(maksukohustuslasetõendvms).1.25 Turuplatsi liikmed teevad e-Residentsuse meeskonnaga koostööd ja suhtlevadmeeskonnagasobival viisil, vältidesebasobivat või ebaviisakat käitumist. Turuplatsi arvustussüsteemi eetilinekasutamine 1.26 Turuplatsi liikmed julgustavad üksnes neid isikuid esitama turuplatsi arvustussüsteemiteenuste arvustusi ja hinnanguid, kes on tegelikult kasutanud või püüdnud kasutadaasjaomase turuplatsi liikme teenuseid. Turuplatsi liikmed ei esita turuplatsiarvustussüsteemi võltsitud kliendiarvustusi ega -hinnanguid oma teenuste või teisteturuplatsi liikmete pakutavate teenuste kohta ningei telli teistelt sellistevõltsarvustustevõi-hinnanguteesitamist. Turuplatsi liikmedei ostapositiivseidarvustusi egahinnanguidendateenuste kohtajanegatiivseidarvustusi või hinnanguidteisteturuplatsi liikmetepakutavateteenuste kohta. Samuti ei sponsoreeri ega mõjuta turuplatsi liikmed kedagi sobimatult selliste positiivsete või negatiivsete arvustuste või hinnangute postitamiseks turuplatsiarvustussüsteemi. Eelnimetatud kohustusi rikkuva turuplatsi liikme liikmestaatuse võibpeatada või lõplikult tühistada ning e-Residentsuse meeskonnal on õigus kustutadaturuplatsi arvustussüsteemist sellised võltsitud, sponsoreeritud või muul viisil sobimatultmõjutatudarvustusedjahinnangud.1.27 Turuplatsi liikmedei esita, toetaegatelli kelleltki turuplatsi arvustussüsteemi arvustusi:1.27.1 mis on diskrimineerivad, ahistavad, ropud, vägivaldsed, ähvardavad, eksitavad võiseksuaalsesisugavõi1.27.2 mis sisaldavad ebaseaduslikku sisu või toetavad või propageerivad ebaseaduslikku võikahjulikkutegevust või1.27.3 millega rikutakse teise isiku (sealhulgas turuplatsi liikme) õigusi, sealhulgasintellektuaalomandi õigusi japrivaatsusõigusi.E-Residentsuse meeskonnal on turuplatsi liikme taotlusel või omal algatusel õiguskustutadasellisedarvustusedturuplatsi arvustussüsteemist. (II) E-Residentsuseturunduseeskiri Stiilireeglid 1.1Teie äriühing on e-Residentsuse turuplatsi liige. Teil on lubatud sellest teada anda jamainida, et",180
Estonia,I12,Impact,"Is any data on the impact created by open data on governmental challenges (e.g. efficiency, effectiveness, transparency, decision-making capacity) available in your country such as from research studies, impact assessments, or other systematic investigations that quantify the results or broader effects of open data being reused?

For Explanation:
* If yes, please (1) specify what kind of data source proves this impact and (2) provide the URLs to this data.","Impact | I12 | Is any data on the impact created by open data on governmental challenges (e.g. efficiency, effectiveness, transparency, decision-making capacity) available in your country such as from research studies, impact assessments, or other systematic investigations that quantify the results or broader effects of open data being reused?

For Explanation:
* If yes, please (1) specify what kind of data source proves this impact and (2) provide the URLs to this data.",1,0.7485901117324829,0.788590133190155,0.04000002145767212,P2,MANAGEMENT STRATEGY?,https://digikogu.taltech.ee/et/Download/da54b67d-17e9-4df0-b5d4-1fff8d77d515,debug_estonia_rerun\downloads\P2\doc_7.pdf,pdf,Estonia_P2_6,6,"impact. Most research in this area has consisted of conceptual papers, descriptions of the empirical uses of open data or the design of technology and systems for harnessing the power of open data. 5 The aim to be achieved with the article is to c ontributie to fill earlier mentioned problem . This article identifies the significance of open data and the resulting challenges imposed by the widespread lack of specific open data policies. The artcile also provides an explanation of the existing systems used in Estonian governance to ensure access t o open information, but also highlights the shortcomings, before it finally makes proposals on how to improve open data disclosure practices in Estonia. The hypothesis for this article is that governments need to disclose via platforms its open data to ensure its transparency to its citizens. In this article, document analysis is used as a method of collecting qualitative data. Secondary data will be used through literature reviews and articles composed by other authors. This article consists of four main chapters and in addition a chapter with proposals.",180
Estonia,I12,Impact,"Is any data on the impact created by open data on governmental challenges (e.g. efficiency, effectiveness, transparency, decision-making capacity) available in your country such as from research studies, impact assessments, or other systematic investigations that quantify the results or broader effects of open data being reused?

For Explanation:
* If yes, please (1) specify what kind of data source proves this impact and (2) provide the URLs to this data.","Impact | I12 | Is any data on the impact created by open data on governmental challenges (e.g. efficiency, effectiveness, transparency, decision-making capacity) available in your country such as from research studies, impact assessments, or other systematic investigations that quantify the results or broader effects of open data being reused?

For Explanation:
* If yes, please (1) specify what kind of data source proves this impact and (2) provide the URLs to this data.",2,0.7013970613479614,0.7013970613479614,0.0,P2,Andmete ja tehisintellekti valge raamat 2024-2030,https://mkm.ee/sites/default/files/documents/2024-02/Tehisintellekti%20ja%20andmete%20valge%20raamat%202024-2030.pdf,debug_estonia_rerun\downloads\P2\doc_6.pdf,pdf,Estonia_P2_22,22,"Paljud valitsused ja avaliku sektori asutused on teinud suuri edusamme andmete kättesaadavuse suurendamisel. Avaandmetena on kättesaadavaks tehtud laiaulatuslikke kvaliteetseid andmestikke, mis sisaldavad infot riigi juhtimise, rahastamise, ruumilise asukoha, keskkonna ja muude valdkondade kohta. Kvaliteetsete andmete kättesaadavus soodustab innovatsiooni, majanduskasvu ja läbipaistvust ning võimaldab kodanikel, teadlastel ja ettevõtetel kasutada andmeid paremate otsuste tegemiseks. Euroopa Liidu avaandmete turumahuks hinnatakse 2025. aastaks kuni 334 miljardit eurot. Turumaht kasvab keskmiselt aastas 15,9% ning avaandmed moodustavad 49% kõigist töödeldavast andmetest – omades seeläbi keskset rolli andmepõhises ühiskonnas. Üks silmatorkavamaid suundumusi on tehisintellekti laialdane kasutuselevõtt. Tehisintellektisüsteemid muutuvad üha nutikamaks ja võimekamaks ning võimaldavad automatiseerida protsesse, analüüsida suuri ja keerukaid andmekogumeid, tuvastada mustreid, ennustada tulevasi sündmusi ning teha kvaliteetsemaid otsuseid. Automaatika ja protsesside optimeerimine on viinud tootlikkuse, kvaliteedi ja tarnekindluse suurenemiseni paljudes sektorites. Tehisintellekti laialdane kasutamine võib muuta tööturu dünaamikat ja n õuda tööjõult uusi oskusi ja kohanemi svõimet. Samal ajal on kasvavalt traditsioonilised lihtsa käsitöö põhised töökohad ohus. Viimaste aastate muudatuste valguses ennustatakse kuni 300 miljoni 8 töökoha kadu arenenud riikides. Tehisintellekt on muutnud inimeste suhtlust, igapäevaelu ja haridust, tuues kaasa eetilised dilemmad, nagu algoritmiline eelarvamus,",180
Estonia,I12,Impact,"Is any data on the impact created by open data on governmental challenges (e.g. efficiency, effectiveness, transparency, decision-making capacity) available in your country such as from research studies, impact assessments, or other systematic investigations that quantify the results or broader effects of open data being reused?

For Explanation:
* If yes, please (1) specify what kind of data source proves this impact and (2) provide the URLs to this data.","Impact | I12 | Is any data on the impact created by open data on governmental challenges (e.g. efficiency, effectiveness, transparency, decision-making capacity) available in your country such as from research studies, impact assessments, or other systematic investigations that quantify the results or broader effects of open data being reused?

For Explanation:
* If yes, please (1) specify what kind of data source proves this impact and (2) provide the URLs to this data.",3,0.6888402700424194,0.6888402700424194,0.0,P2,Andmete ja tehisintellekti valge raamat 2024-2030,https://mkm.ee/sites/default/files/documents/2024-02/Tehisintellekti%20ja%20andmete%20valge%20raamat%202024-2030.pdf,debug_estonia_rerun\downloads\P2\doc_6.pdf,pdf,Estonia_P2_24,24,"vähendada otsuste ettevalmistamiseks kuluvat aega. Samuti aitab andmete kasutamine kaasa avaliku sektori suuremale läbipaistvusele ja toetab usaldusväärsust, võimaldab raha kokku hoida ja vähendada bürokraatiat. Andmete kasutamine on muutunud oluliseks ka poliitikakujundamises. Kvaliteetsed ja ajakohased andmed aitavad valitsustel paremini mõista ja seniselt ki iremini lahendada ühiskonna probleeme mitmetes valdkondades nagu julgeolek, tervishoid, haridus, keskkonna hoid, siseturvalisus ja majandusareng. Lisaks võimaldab 8 https://www.key4biz.it/wp-content/uploads/2023/03/Global-Economics-Analyst_-The-Potentially-Large-Effects-of- Artificial-Intelligence-on-Economic-Growth-Briggs_Kodnani.pdf 9 https://www.europarl.europa.eu/thinktank/en/document.html?reference=EPRS_BRI(2020)652086 15 andmepõhine otsustamine organisatsioonidel tugineda enda toimimises faktidele ja tõenditele, mitte ainult intuitsioonile või varasematele praktikatele. See aitab parandada otsuste kvaliteeti, maandada riske ja optimeerida kulusid. Selle najal on rahvusvaheline andmevahetus muutumas üha olulisemaks eriti julgeoleku, küberturvalisuse, keskkonna - ja tervishoiu valdkondades. Globaalsete probleemide lahendamiseks on vaja andmete jagamist ja tihedat piiriülest koostööd. Andmete efektiivse kasutuse oluliseks võimaldajaks on süsteemne a ndmehaldus. Asutused ja ettevõtted tunnetavad järjest enam vajadust juhtida süsteemselt andmete kvaliteeti, tagada andmete kiire leitavus ning võimalikult lihtne taaskasutatavus. Seda kõige saab aga saavutada ainult siis kui organisatsioonil on hea ülevaade oma andmevaradest , selgelt on määratud andmete kvaliteedi, avalikustamise ja kasutajate toetamise eest vastutavad rollid ja nende täpsed ülesanded. Efektiivse andmehalduse aluseks on",180
Estonia,I12,Impact,"Is any data on the impact created by open data on governmental challenges (e.g. efficiency, effectiveness, transparency, decision-making capacity) available in your country such as from research studies, impact assessments, or other systematic investigations that quantify the results or broader effects of open data being reused?

For Explanation:
* If yes, please (1) specify what kind of data source proves this impact and (2) provide the URLs to this data.","Impact | I12 | Is any data on the impact created by open data on governmental challenges (e.g. efficiency, effectiveness, transparency, decision-making capacity) available in your country such as from research studies, impact assessments, or other systematic investigations that quantify the results or broader effects of open data being reused?

For Explanation:
* If yes, please (1) specify what kind of data source proves this impact and (2) provide the URLs to this data.",4,0.6640399694442749,0.6840399503707886,0.019999980926513672,P2,MANAGEMENT STRATEGY?,https://digikogu.taltech.ee/et/Download/da54b67d-17e9-4df0-b5d4-1fff8d77d515,debug_estonia_rerun\downloads\P2\doc_7.pdf,pdf,Estonia_P2_54,54,"the strategy ahead. As of now, open data policies are fragmented, and no coherent system enables smooth cooperation in open data exchange between government agencies. This situation could be solved by establishing detailed, yet comprehensive, guidelines, which would instruct governments on how, where, and under which legal requirements are open data to be published. The disclosure of open data is expected to have several advantages, including boosting innovation and fostering economic growth. Another benefit of open data platforms is that they offer users affordances to inform the policy process, gaining insight and knowledge, and overall participation. Additionally, the disclosure of open data c an ensure the long -term transparency of government information. Information controllers should be prepared to release open data obtained in the course of their tasks in order to support democratic governance and freedom of information. The obligation for Estonian agencies to publish the collected open data derives both from the EU and the national legislature —Directive 2019/1024 on the EU level and the Estonian Public Information Act on the national level. Making open data public for citizens",180
Estonia,I12,Impact,"Is any data on the impact created by open data on governmental challenges (e.g. efficiency, effectiveness, transparency, decision-making capacity) available in your country such as from research studies, impact assessments, or other systematic investigations that quantify the results or broader effects of open data being reused?

For Explanation:
* If yes, please (1) specify what kind of data source proves this impact and (2) provide the URLs to this data.","Impact | I12 | Is any data on the impact created by open data on governmental challenges (e.g. efficiency, effectiveness, transparency, decision-making capacity) available in your country such as from research studies, impact assessments, or other systematic investigations that quantify the results or broader effects of open data being reused?

For Explanation:
* If yes, please (1) specify what kind of data source proves this impact and (2) provide the URLs to this data.",5,0.6468307375907898,0.6468307375907898,0.0,P2,,https://digikogu.taltech.ee/et/Download/86f50514-87ff-4fb1-9c79-f38c67acb919,debug_estonia_rerun\downloads\P2\doc_8.pdf,pdf,Estonia_P2_136,136,"Kas ja kuidas hoiab teie haldusala ennast kursis muutuvate andmehaldus regulatsioonide ja parimate praktikatega? Kas lähenemine on pigem reaktiivne või proaktiivne? 12. Millised uued trendid või tehnoloogiad võivad andmehaldust teie arvates tulevikus mõjutada? 66 5.3 Appendix 2 - Non-exclusive licence for reproduction and publication of a graduation thesis1 I Liisbeth Laasik 1. Grant Tallinn University of Technology free licence (non -exclusive licence) for my thesis “Data Governance in the Estonian Government Sector: The Motives and Strategies for Implementation”, supervised by Innar Liiv 1.1. to be reproduced for the purposes of preservation and electronic publication of the graduation thesis, incl. to be entered in the digital collection of the library of Tallinn University of Technology until expiry of the term of copyright; 1.2. to be published via the web of Tallinn University of Technology, incl. to be entered in the digital collection of the library of Tallinn University of Technology until expiry of the term of copyright. 2. I am aware that the author also retains the rights specified in clause 1 of the non - exclusive licence. 3. I confirm",180
Estonia,I12,Impact,"Is any data on the impact created by open data on governmental challenges (e.g. efficiency, effectiveness, transparency, decision-making capacity) available in your country such as from research studies, impact assessments, or other systematic investigations that quantify the results or broader effects of open data being reused?

For Explanation:
* If yes, please (1) specify what kind of data source proves this impact and (2) provide the URLs to this data.","Impact | I12 | Is any data on the impact created by open data on governmental challenges (e.g. efficiency, effectiveness, transparency, decision-making capacity) available in your country such as from research studies, impact assessments, or other systematic investigations that quantify the results or broader effects of open data being reused?

For Explanation:
* If yes, please (1) specify what kind of data source proves this impact and (2) provide the URLs to this data.",6,0.6200674772262573,0.640067458152771,0.019999980926513672,P2,,https://digikogu.taltech.ee/et/Download/86f50514-87ff-4fb1-9c79-f38c67acb919,debug_estonia_rerun\downloads\P2\doc_8.pdf,pdf,Estonia_P2_41,41,"based on them have an impact on the entire public administration of Estonia. The development of the data governance action plan and other necessary guidelines is carried out in cooperation with various public sector organizations in Estonia. For this purpose, the policy makers launched a data governance steering group in 2022, which includes representatives from the fi eld of data from various government institutions. In addition, a data panel has been launched by MKM, to coordinate the use of data in national ongoing and planned projects to find and create more areas for cooperation [3]. The action plan is supported b y different guidelines that are applicable to all public administration in Estonia [45]: 1. Data governance framework , which is an extensive document published in 2020 with the purpose to describe how data governance could be organized in an organization, by describing the roles, responsibilities, processes, and activities. 2. Data description guidelines , which draw together principles to be followed when describing data and the corresponding roles and responsibilities. Data description standards are also attached, which is a list",180
Estonia,I12,Impact,"Is any data on the impact created by open data on governmental challenges (e.g. efficiency, effectiveness, transparency, decision-making capacity) available in your country such as from research studies, impact assessments, or other systematic investigations that quantify the results or broader effects of open data being reused?

For Explanation:
* If yes, please (1) specify what kind of data source proves this impact and (2) provide the URLs to this data.","Impact | I12 | Is any data on the impact created by open data on governmental challenges (e.g. efficiency, effectiveness, transparency, decision-making capacity) available in your country such as from research studies, impact assessments, or other systematic investigations that quantify the results or broader effects of open data being reused?

For Explanation:
* If yes, please (1) specify what kind of data source proves this impact and (2) provide the URLs to this data.",7,0.631084680557251,0.631084680557251,0.0,P2,Estonian data portal | RIA,https://www.ria.ee/en/state-information-system/data-based-governance-and-reuse-data/estonian-data-portal,debug_estonia_rerun\downloads\P2\doc_3.html,html,Estonia_P2_9,9,"will be able to make data-driven decisions and reduce the costs associated with duplicated data collection and responding to queries; students and researchers can use the data for research and for developing new solutions and technologies; companies can develop new business models, products, and services based on open data; the media can rely on high-quality information, thereby raising public awareness and promoting transparent governance; citizens gain a better understanding of how the state functions and use applications relying on open data to make their daily lives easier. Access to data subject to restrictions is limited in accordance with the procedure laid down by law, but such data may also be reused under certain conditions, for example, to avoid multiple requests for the same data. Examples of data with restricted access include: personal data; information relating to business, trade, and corporate secrets. To enable the reuse of data, public sector bodies are required to: provide access to open data in a manner suitable to them in accordance with the Public Information Act, and where possible, in a machine-readable as well as",180
Estonia,I12,Impact,"Is any data on the impact created by open data on governmental challenges (e.g. efficiency, effectiveness, transparency, decision-making capacity) available in your country such as from research studies, impact assessments, or other systematic investigations that quantify the results or broader effects of open data being reused?

For Explanation:
* If yes, please (1) specify what kind of data source proves this impact and (2) provide the URLs to this data.","Impact | I12 | Is any data on the impact created by open data on governmental challenges (e.g. efficiency, effectiveness, transparency, decision-making capacity) available in your country such as from research studies, impact assessments, or other systematic investigations that quantify the results or broader effects of open data being reused?

For Explanation:
* If yes, please (1) specify what kind of data source proves this impact and (2) provide the URLs to this data.",8,0.5671490430831909,0.5671490430831909,0.0,P2,Estonia’s Digital Agenda,https://mkm.ee/media/6970/download,debug_estonia_rerun\downloads\P2\doc_4.pdf,pdf,Estonia_P2_60,60,"basic data of public sector decisions and analyses, and calculations are published as much as possible. 23 Estonia’s Digital Agenda 2030 Activities: + We develop the legal space for the purposes of data science and analytics, including relevant instructions. + We develop the competence of data science and analytics and their use in the public sector. + We develop the competence and organisation of data governance and introduce best practices in all public sector institutions. We create and offer necessary tools, including for the adoption of linked data. + We develop an interinstitutional data governance and data science competence centre to gather and make available relevant know-how and offer support to institutions. + We develop further and expand the use of the administrative system of the technical services and databases of the state information system, which ensures an updated overview of data and the state information system. + We support and, where necessary, initiate EU and international activities promoting cross-border and global data sharing and reuse among states and sectors. + We develop and introduce a system of guaranteeing the",180
Estonia,I17,Impact,"Is any data on the impact created by open data on social challenges (e.g. inequality, healthcare, education) available in your country such as from research studies, impact assessments, or other systematic investigations that quantify the results or broader effects of open data being reused?

For Explanation:
* If yes, please (1) specify what kind of data source proves this impact and (2) provide the URLs to this data.","Impact | I17 | Is any data on the impact created by open data on social challenges (e.g. inequality, healthcare, education) available in your country such as from research studies, impact assessments, or other systematic investigations that quantify the results or broader effects of open data being reused?

For Explanation:
* If yes, please (1) specify what kind of data source proves this impact and (2) provide the URLs to this data.",1,0.7263609766960144,0.7463609576225281,0.019999980926513672,P2,MANAGEMENT STRATEGY?,https://digikogu.taltech.ee/et/Download/da54b67d-17e9-4df0-b5d4-1fff8d77d515,debug_estonia_rerun\downloads\P2\doc_7.pdf,pdf,Estonia_P2_6,6,"impact. Most research in this area has consisted of conceptual papers, descriptions of the empirical uses of open data or the design of technology and systems for harnessing the power of open data. 5 The aim to be achieved with the article is to c ontributie to fill earlier mentioned problem . This article identifies the significance of open data and the resulting challenges imposed by the widespread lack of specific open data policies. The artcile also provides an explanation of the existing systems used in Estonian governance to ensure access t o open information, but also highlights the shortcomings, before it finally makes proposals on how to improve open data disclosure practices in Estonia. The hypothesis for this article is that governments need to disclose via platforms its open data to ensure its transparency to its citizens. In this article, document analysis is used as a method of collecting qualitative data. Secondary data will be used through literature reviews and articles composed by other authors. This article consists of four main chapters and in addition a chapter with proposals.",180
Estonia,I17,Impact,"Is any data on the impact created by open data on social challenges (e.g. inequality, healthcare, education) available in your country such as from research studies, impact assessments, or other systematic investigations that quantify the results or broader effects of open data being reused?

For Explanation:
* If yes, please (1) specify what kind of data source proves this impact and (2) provide the URLs to this data.","Impact | I17 | Is any data on the impact created by open data on social challenges (e.g. inequality, healthcare, education) available in your country such as from research studies, impact assessments, or other systematic investigations that quantify the results or broader effects of open data being reused?

For Explanation:
* If yes, please (1) specify what kind of data source proves this impact and (2) provide the URLs to this data.",2,0.6503783464431763,0.6703783273696899,0.019999980926513672,P2,MANAGEMENT STRATEGY?,https://digikogu.taltech.ee/et/Download/da54b67d-17e9-4df0-b5d4-1fff8d77d515,debug_estonia_rerun\downloads\P2\doc_7.pdf,pdf,Estonia_P2_12,12,"date with the advances in digital technologies and to further stimulate digital innovation. The availability of open data has increased dramatically, with pressure being put on several types of government agencies to publish their raw data. Open data is frequently required for the development of public policy and the delivery of services, but it can also be useful f or other purposes, such as traffic statistics. The traditional separation between public entities and users is overcome through open data (Janssen, Charalabidis & Zuiderwijk, 2012, p. 258). In many different domains, public agencies are among the major creators and collectors of data. These data categories include anything from traffic, environmental, geographical, and tourism information to statistics, business, public sector budgets, and performance levels, as well as policy and inspection data (food, safety, education quality, etc.). Open data may be used to establish public policy (Napoli & Karaganis, 2010, p. 385) as well as to gain insight into and provide solutions to social issues (Janssen, 2011, p. 45). Open data—i.e., non-personal data generated by public entities—should be opened for all to reuse,",180
Estonia,I17,Impact,"Is any data on the impact created by open data on social challenges (e.g. inequality, healthcare, education) available in your country such as from research studies, impact assessments, or other systematic investigations that quantify the results or broader effects of open data being reused?

For Explanation:
* If yes, please (1) specify what kind of data source proves this impact and (2) provide the URLs to this data.","Impact | I17 | Is any data on the impact created by open data on social challenges (e.g. inequality, healthcare, education) available in your country such as from research studies, impact assessments, or other systematic investigations that quantify the results or broader effects of open data being reused?

For Explanation:
* If yes, please (1) specify what kind of data source proves this impact and (2) provide the URLs to this data.",3,0.6522509455680847,0.6522509455680847,0.0,P2,Andmete ja tehisintellekti valge raamat 2024-2030,https://mkm.ee/sites/default/files/documents/2024-02/Tehisintellekti%20ja%20andmete%20valge%20raamat%202024-2030.pdf,debug_estonia_rerun\downloads\P2\doc_6.pdf,pdf,Estonia_P2_22,22,"Paljud valitsused ja avaliku sektori asutused on teinud suuri edusamme andmete kättesaadavuse suurendamisel. Avaandmetena on kättesaadavaks tehtud laiaulatuslikke kvaliteetseid andmestikke, mis sisaldavad infot riigi juhtimise, rahastamise, ruumilise asukoha, keskkonna ja muude valdkondade kohta. Kvaliteetsete andmete kättesaadavus soodustab innovatsiooni, majanduskasvu ja läbipaistvust ning võimaldab kodanikel, teadlastel ja ettevõtetel kasutada andmeid paremate otsuste tegemiseks. Euroopa Liidu avaandmete turumahuks hinnatakse 2025. aastaks kuni 334 miljardit eurot. Turumaht kasvab keskmiselt aastas 15,9% ning avaandmed moodustavad 49% kõigist töödeldavast andmetest – omades seeläbi keskset rolli andmepõhises ühiskonnas. Üks silmatorkavamaid suundumusi on tehisintellekti laialdane kasutuselevõtt. Tehisintellektisüsteemid muutuvad üha nutikamaks ja võimekamaks ning võimaldavad automatiseerida protsesse, analüüsida suuri ja keerukaid andmekogumeid, tuvastada mustreid, ennustada tulevasi sündmusi ning teha kvaliteetsemaid otsuseid. Automaatika ja protsesside optimeerimine on viinud tootlikkuse, kvaliteedi ja tarnekindluse suurenemiseni paljudes sektorites. Tehisintellekti laialdane kasutamine võib muuta tööturu dünaamikat ja n õuda tööjõult uusi oskusi ja kohanemi svõimet. Samal ajal on kasvavalt traditsioonilised lihtsa käsitöö põhised töökohad ohus. Viimaste aastate muudatuste valguses ennustatakse kuni 300 miljoni 8 töökoha kadu arenenud riikides. Tehisintellekt on muutnud inimeste suhtlust, igapäevaelu ja haridust, tuues kaasa eetilised dilemmad, nagu algoritmiline eelarvamus,",180
Estonia,I17,Impact,"Is any data on the impact created by open data on social challenges (e.g. inequality, healthcare, education) available in your country such as from research studies, impact assessments, or other systematic investigations that quantify the results or broader effects of open data being reused?

For Explanation:
* If yes, please (1) specify what kind of data source proves this impact and (2) provide the URLs to this data.","Impact | I17 | Is any data on the impact created by open data on social challenges (e.g. inequality, healthcare, education) available in your country such as from research studies, impact assessments, or other systematic investigations that quantify the results or broader effects of open data being reused?

For Explanation:
* If yes, please (1) specify what kind of data source proves this impact and (2) provide the URLs to this data.",4,0.6429566144943237,0.6429566144943237,0.0,P2,Andmete ja tehisintellekti valge raamat 2024-2030,https://mkm.ee/sites/default/files/documents/2024-02/Tehisintellekti%20ja%20andmete%20valge%20raamat%202024-2030.pdf,debug_estonia_rerun\downloads\P2\doc_6.pdf,pdf,Estonia_P2_89,89,"ja oskama andmeid organisatsiooni kasuks tööle panna. Otsustustasanditel tuleb arvestada, et andmekasutusest lähtuv positiivne mõju ilmneb alles siis kui kriitiline hulk andmeid on saavutanud piisava küpsustaseme ja neid kasutatakse. 43 6.2 Krativäeline riik ja ühiskond 6.2.1. Avalik sektor Aastaks 2030 on tulemus: • Eestis saab avaliku sektoriga kõik asjad aetud tehisintellektil põhinevate lahenduste ja vestluskrattide võrgustiku abil. Nii saab kasutaja tarbida kõiki avalikke teenuseid ilma eriteadmisteta, kasutades selleks mistahes enam levinud suhtlusviisi või kanalit ja seadet; • Eesti avaliku sektori töötajad omavad ajakohaseid teadmisi tehisintellektist, sellega kaasnevatest riskidest, võimalustest ja rakendamisega seotud põhimõtetest; • Tagatud on süsteemne lähenemine TI valdkonnale ning loodud valdkonna eest vastutavad rollid kõigis haldusalades ja asutustes ning kavandatud valdkonnaga seotud transformatsiooni jaoks vajalikud tegevused; • Eesti avalik sektor on eesrinnas tehisintellekti rakendamisel, lähtudes sealhulgas investeeringute majanduslikku mõju, panust organisatsiooni ja riigi edukasse toimimisse ning säästva arengu eesmärke. Tulemuste saavutamiseks teeme järgnevat: • Kõigis avaliku sektori organisatsioonides on vajalik luua TI rakendamise plaan ja kavandada selle elluviimine. Vähemalt ministeeriumite tasemel on vajalik määrata valdkonna eest vastutav isik hiljemalt 2025. aastaks; • Loome andmete ja TI kompetentsikeskuse, mis",180
Estonia,I17,Impact,"Is any data on the impact created by open data on social challenges (e.g. inequality, healthcare, education) available in your country such as from research studies, impact assessments, or other systematic investigations that quantify the results or broader effects of open data being reused?

For Explanation:
* If yes, please (1) specify what kind of data source proves this impact and (2) provide the URLs to this data.","Impact | I17 | Is any data on the impact created by open data on social challenges (e.g. inequality, healthcare, education) available in your country such as from research studies, impact assessments, or other systematic investigations that quantify the results or broader effects of open data being reused?

For Explanation:
* If yes, please (1) specify what kind of data source proves this impact and (2) provide the URLs to this data.",5,0.5841202735900879,0.62412029504776,0.04000002145767212,P2,Estonian data portal | RIA,https://www.ria.ee/en/state-information-system/data-based-governance-and-reuse-data/estonian-data-portal,debug_estonia_rerun\downloads\P2\doc_3.html,html,Estonia_P2_9,9,"will be able to make data-driven decisions and reduce the costs associated with duplicated data collection and responding to queries; students and researchers can use the data for research and for developing new solutions and technologies; companies can develop new business models, products, and services based on open data; the media can rely on high-quality information, thereby raising public awareness and promoting transparent governance; citizens gain a better understanding of how the state functions and use applications relying on open data to make their daily lives easier. Access to data subject to restrictions is limited in accordance with the procedure laid down by law, but such data may also be reused under certain conditions, for example, to avoid multiple requests for the same data. Examples of data with restricted access include: personal data; information relating to business, trade, and corporate secrets. To enable the reuse of data, public sector bodies are required to: provide access to open data in a manner suitable to them in accordance with the Public Information Act, and where possible, in a machine-readable as well as",180
Estonia,I17,Impact,"Is any data on the impact created by open data on social challenges (e.g. inequality, healthcare, education) available in your country such as from research studies, impact assessments, or other systematic investigations that quantify the results or broader effects of open data being reused?

For Explanation:
* If yes, please (1) specify what kind of data source proves this impact and (2) provide the URLs to this data.","Impact | I17 | Is any data on the impact created by open data on social challenges (e.g. inequality, healthcare, education) available in your country such as from research studies, impact assessments, or other systematic investigations that quantify the results or broader effects of open data being reused?

For Explanation:
* If yes, please (1) specify what kind of data source proves this impact and (2) provide the URLs to this data.",6,0.5937567949295044,0.5937567949295044,0.0,P2,,https://digikogu.taltech.ee/et/Download/86f50514-87ff-4fb1-9c79-f38c67acb919,debug_estonia_rerun\downloads\P2\doc_8.pdf,pdf,Estonia_P2_131,131,"data quality? Is this a concern in your field? Data related problems, improvement areas and perspective 7. Do you feel that the available data contributes to decisions made in the field? 8. What are the main problems in governing existing data? 9. Do you think that there are enough people and competences to manage and effectively use the data? What is lacking? 10. Do you see how existing field data could be put to better use? 11. What added value could sectoral data provide for your work or the public? 63 Questions for the representative of the data governance coordinating support unit: For introduction, please describe in your own words what your position entails and what your main responsibilities involve. The importance of data and its governing 1. Is the data considered important in your administration? What are the main data use cases? 2. Does data governance play an important role in your administration? What does it mean? 3. Is data management or governance mentioned in one or more of your governance strategies? 4. What is the main benefit and",180
Estonia,I17,Impact,"Is any data on the impact created by open data on social challenges (e.g. inequality, healthcare, education) available in your country such as from research studies, impact assessments, or other systematic investigations that quantify the results or broader effects of open data being reused?

For Explanation:
* If yes, please (1) specify what kind of data source proves this impact and (2) provide the URLs to this data.","Impact | I17 | Is any data on the impact created by open data on social challenges (e.g. inequality, healthcare, education) available in your country such as from research studies, impact assessments, or other systematic investigations that quantify the results or broader effects of open data being reused?

For Explanation:
* If yes, please (1) specify what kind of data source proves this impact and (2) provide the URLs to this data.",7,0.5930821299552917,0.5930821299552917,0.0,P2,,https://digikogu.taltech.ee/et/Download/86f50514-87ff-4fb1-9c79-f38c67acb919,debug_estonia_rerun\downloads\P2\doc_8.pdf,pdf,Estonia_P2_92,92,"open data, which comes with its peculiar quality and security questions. In addition, a nonymisation and pseudonymization of personal data was mentioned as growing trends which would helpfully allow more usage of this data for different purposes. For experimenting with data, in one interview was mentioned the expectation for data playground or sandbox, where different parties could handle, test new theories and experiment more with data. In general, most of the representatives of data governance saw that the future would bring more transparency and trust in data, new technologies and data governance practices. The workflows will get more effective, since the focus is on creating maximal value with the data we already have. 45 Questions 10 and 11, direc ted to the undersecretaries representing the policy side, gave them the opportunity to think about what could be done more with existing data and what added value could be created. Similarly, to data governance representatives, AI and machine learning solutions were mentioned in all the interviews from the perspective that it could support the decision-making process and search for patterns, which",180
Estonia,I17,Impact,"Is any data on the impact created by open data on social challenges (e.g. inequality, healthcare, education) available in your country such as from research studies, impact assessments, or other systematic investigations that quantify the results or broader effects of open data being reused?

For Explanation:
* If yes, please (1) specify what kind of data source proves this impact and (2) provide the URLs to this data.","Impact | I17 | Is any data on the impact created by open data on social challenges (e.g. inequality, healthcare, education) available in your country such as from research studies, impact assessments, or other systematic investigations that quantify the results or broader effects of open data being reused?

For Explanation:
* If yes, please (1) specify what kind of data source proves this impact and (2) provide the URLs to this data.",8,0.545884370803833,0.5658843517303467,0.019999980926513672,P2,Estonian data portal | RIA,https://www.ria.ee/en/state-information-system/data-based-governance-and-reuse-data/estonian-data-portal,debug_estonia_rerun\downloads\P2\doc_3.html,html,Estonia_P2_8,8,"restricted access Open data is part of public information that has no legal restrictions on use. This is the kind of data that can be used for a purpose other than the original one. Much of the open data is generated through the day-to-day work of the public sector, but open data can also be created and published by businesses, research institutions, and other organisations. Furthermore, open data collected and organised by state institutions may be of interest to many other users who can obtain the information they need or create new value using the data. The reuse of open data is generally free of charge and it may be used for both commercial and non-commercial purposes. Virtually all sections of the society, as well as the country as a whole, stand to benefit from reuse. For example: the government will be able to make data-driven decisions and reduce the costs associated with duplicated data collection and responding to queries; students and researchers can use the data for research and for developing new solutions and technologies; companies can develop new",180
Estonia,I2,Impact,"Are there any processes in place to monitor the level of reuse of your country's open data?
 
For Explanation:
* If yes, please (1) briefly describe these processes and (2) provide the URLs to support the answer.","Impact | I2 | Are there any processes in place to monitor the level of reuse of your country's open data?
 
For Explanation:
* If yes, please (1) briefly describe these processes and (2) provide the URLs to support the answer.",1,0.6975754499435425,0.6975754499435425,0.0,P2,Andmete ja tehisintellekti valge raamat 2024-2030,https://mkm.ee/sites/default/files/documents/2024-02/Tehisintellekti%20ja%20andmete%20valge%20raamat%202024-2030.pdf,debug_estonia_rerun\downloads\P2\doc_6.pdf,pdf,Estonia_P2_67,67,"ja andmeanalüüsi järjekindla kvaliteedi ja tõhususe kasvuga toetavate tegevuste tähtsuse vähenemist. Selle muutuse (andmepõhise organisatsiooni digipöörde) süsteemseks jälgimiseks, sh keskse ressursivaj aduse muutuse hindamiseks (ehk „Eesti riigi ressursside efektiivseks kasutamiseks“) on tarvis aastatel 2024–2025 olemasolevate juhiste ja rahvusvahelise praktika baasil välja töötada andmehalduse terviklik toimimismudel ja küpsushindamise raamistik ning võ tta need kasutusele vähemalt avalikus, aga kasvavalt ka erasektoris. Süsteemne andmehaldus on andmepõhise ühiskonna oluliseks eelduseks. Efektiivne andmemajandus, andmete vahetamine ja taaskasutus saab toimida ainult siis, kui erinevate osapoolte poolt hallatavad andmed on üheselt mõistetavalt korrastatud, kirjeldatud, avalikustatud, kontrollitud kvaliteediga ning varustatud andmete taaskasutust toetava dokumentatsiooni ja toega. MKM koos Statistikaameti, RIA ja teiste partneritega on alates 2020. aastast tegelenud aktiivselt andmehalduse juhiste loomise, koolituste pakkumise ja andmehaldurite võrgustiku arendamisega. Hindamaks nende tegevuste mõju ja täiendava sisendi saamiseks vi is MKM 2022. aasta lõpus läbi lühikaardistuse, mille käigus uuriti mh andmehalduse hetkeseisu asutustes. Kaardistuse tulemusel on asutuste peamisteks probleemideks: 34 • andmehalduse alaste teadmiste ja praktiliste oskuste puudumine ja • vähene süsteemsus andmehalduse organiseerimisel ja tegevuste elluviimisel. Näiteks ei ole 2023. aasta seisuga pea 70% kaardistatud asutustes defineeritud andmetega seotud",180
Estonia,I2,Impact,"Are there any processes in place to monitor the level of reuse of your country's open data?
 
For Explanation:
* If yes, please (1) briefly describe these processes and (2) provide the URLs to support the answer.","Impact | I2 | Are there any processes in place to monitor the level of reuse of your country's open data?
 
For Explanation:
* If yes, please (1) briefly describe these processes and (2) provide the URLs to support the answer.",2,0.68983393907547,0.68983393907547,0.0,P2,Andmete ja tehisintellekti valge raamat 2024-2030,https://mkm.ee/sites/default/files/documents/2024-02/Tehisintellekti%20ja%20andmete%20valge%20raamat%202024-2030.pdf,debug_estonia_rerun\downloads\P2\doc_6.pdf,pdf,Estonia_P2_89,89,"ja oskama andmeid organisatsiooni kasuks tööle panna. Otsustustasanditel tuleb arvestada, et andmekasutusest lähtuv positiivne mõju ilmneb alles siis kui kriitiline hulk andmeid on saavutanud piisava küpsustaseme ja neid kasutatakse. 43 6.2 Krativäeline riik ja ühiskond 6.2.1. Avalik sektor Aastaks 2030 on tulemus: • Eestis saab avaliku sektoriga kõik asjad aetud tehisintellektil põhinevate lahenduste ja vestluskrattide võrgustiku abil. Nii saab kasutaja tarbida kõiki avalikke teenuseid ilma eriteadmisteta, kasutades selleks mistahes enam levinud suhtlusviisi või kanalit ja seadet; • Eesti avaliku sektori töötajad omavad ajakohaseid teadmisi tehisintellektist, sellega kaasnevatest riskidest, võimalustest ja rakendamisega seotud põhimõtetest; • Tagatud on süsteemne lähenemine TI valdkonnale ning loodud valdkonna eest vastutavad rollid kõigis haldusalades ja asutustes ning kavandatud valdkonnaga seotud transformatsiooni jaoks vajalikud tegevused; • Eesti avalik sektor on eesrinnas tehisintellekti rakendamisel, lähtudes sealhulgas investeeringute majanduslikku mõju, panust organisatsiooni ja riigi edukasse toimimisse ning säästva arengu eesmärke. Tulemuste saavutamiseks teeme järgnevat: • Kõigis avaliku sektori organisatsioonides on vajalik luua TI rakendamise plaan ja kavandada selle elluviimine. Vähemalt ministeeriumite tasemel on vajalik määrata valdkonna eest vastutav isik hiljemalt 2025. aastaks; • Loome andmete ja TI kompetentsikeskuse, mis",180
Estonia,I2,Impact,"Are there any processes in place to monitor the level of reuse of your country's open data?
 
For Explanation:
* If yes, please (1) briefly describe these processes and (2) provide the URLs to support the answer.","Impact | I2 | Are there any processes in place to monitor the level of reuse of your country's open data?
 
For Explanation:
* If yes, please (1) briefly describe these processes and (2) provide the URLs to support the answer.",3,0.6897099018096924,0.6897099018096924,0.0,P2,MANAGEMENT STRATEGY?,https://digikogu.taltech.ee/et/Download/da54b67d-17e9-4df0-b5d4-1fff8d77d515,debug_estonia_rerun\downloads\P2\doc_7.pdf,pdf,Estonia_P2_6,6,"impact. Most research in this area has consisted of conceptual papers, descriptions of the empirical uses of open data or the design of technology and systems for harnessing the power of open data. 5 The aim to be achieved with the article is to c ontributie to fill earlier mentioned problem . This article identifies the significance of open data and the resulting challenges imposed by the widespread lack of specific open data policies. The artcile also provides an explanation of the existing systems used in Estonian governance to ensure access t o open information, but also highlights the shortcomings, before it finally makes proposals on how to improve open data disclosure practices in Estonia. The hypothesis for this article is that governments need to disclose via platforms its open data to ensure its transparency to its citizens. In this article, document analysis is used as a method of collecting qualitative data. Secondary data will be used through literature reviews and articles composed by other authors. This article consists of four main chapters and in addition a chapter with proposals.",180
Estonia,I2,Impact,"Are there any processes in place to monitor the level of reuse of your country's open data?
 
For Explanation:
* If yes, please (1) briefly describe these processes and (2) provide the URLs to support the answer.","Impact | I2 | Are there any processes in place to monitor the level of reuse of your country's open data?
 
For Explanation:
* If yes, please (1) briefly describe these processes and (2) provide the URLs to support the answer.",4,0.6834421157836914,0.6834421157836914,0.0,P2,MANAGEMENT STRATEGY?,https://digikogu.taltech.ee/et/Download/da54b67d-17e9-4df0-b5d4-1fff8d77d515,debug_estonia_rerun\downloads\P2\doc_7.pdf,pdf,Estonia_P2_3,3,"dramatically both domestically and EU -wide. This paper analyses the importance of open data, the problem of the lack of open data policies, provide an overview of existing systems used by the governance of Estonia to ensure access to open information, and make proposals on how to improve open data disclosure practices in Estonia. Qualitative research methods are used to write this paper. Secondary data will be used through literature reviews and articles composed by other authors. Keywords: access to information, data protection, Estonia, GDPR, open data, open data policies 4 INTRODUCTION Following master thesis is formatted as an article. This article has been pubilshed in the TalTech Journal of European Studies (ISSN 2228 -0596) in May 2022. The article is published in co - authorship of the master student Elsa-Maria Tropp and supervisors Dr. Thomas Hoffmann and Dr. Archil Chochia. The master student is the first author and conducted the main part of the research guided by supervisors. The European Convention on Human Rights implies in its article 10 that the state has an obligation to guarantee the right",180
Estonia,I2,Impact,"Are there any processes in place to monitor the level of reuse of your country's open data?
 
For Explanation:
* If yes, please (1) briefly describe these processes and (2) provide the URLs to support the answer.","Impact | I2 | Are there any processes in place to monitor the level of reuse of your country's open data?
 
For Explanation:
* If yes, please (1) briefly describe these processes and (2) provide the URLs to support the answer.",5,0.6809029579162598,0.6809029579162598,0.0,P2,,https://digikogu.taltech.ee/et/Download/86f50514-87ff-4fb1-9c79-f38c67acb919,debug_estonia_rerun\downloads\P2\doc_8.pdf,pdf,Estonia_P2_136,136,"Kas ja kuidas hoiab teie haldusala ennast kursis muutuvate andmehaldus regulatsioonide ja parimate praktikatega? Kas lähenemine on pigem reaktiivne või proaktiivne? 12. Millised uued trendid või tehnoloogiad võivad andmehaldust teie arvates tulevikus mõjutada? 66 5.3 Appendix 2 - Non-exclusive licence for reproduction and publication of a graduation thesis1 I Liisbeth Laasik 1. Grant Tallinn University of Technology free licence (non -exclusive licence) for my thesis “Data Governance in the Estonian Government Sector: The Motives and Strategies for Implementation”, supervised by Innar Liiv 1.1. to be reproduced for the purposes of preservation and electronic publication of the graduation thesis, incl. to be entered in the digital collection of the library of Tallinn University of Technology until expiry of the term of copyright; 1.2. to be published via the web of Tallinn University of Technology, incl. to be entered in the digital collection of the library of Tallinn University of Technology until expiry of the term of copyright. 2. I am aware that the author also retains the rights specified in clause 1 of the non - exclusive licence. 3. I confirm",180
Estonia,I2,Impact,"Are there any processes in place to monitor the level of reuse of your country's open data?
 
For Explanation:
* If yes, please (1) briefly describe these processes and (2) provide the URLs to support the answer.","Impact | I2 | Are there any processes in place to monitor the level of reuse of your country's open data?
 
For Explanation:
* If yes, please (1) briefly describe these processes and (2) provide the URLs to support the answer.",6,0.601292610168457,0.6612926125526428,0.06000000238418579,P2,,https://digikogu.taltech.ee/et/Download/86f50514-87ff-4fb1-9c79-f38c67acb919,debug_estonia_rerun\downloads\P2\doc_8.pdf,pdf,Estonia_P2_55,55,"and policy makers, the most common data use cases highlighted were fulfilling the objectives of the institution or a specific field, which directly relates to another recurring answer, which is setting metrics in place for these objectives and monitoring the fulfilment of these metrics. In addition, policymaking using data was cited as a key use case, while the undersecretaries brought out that policy impact evaluation as one of the most difficult challenges. Day -to-day operational work and strategic planning, including budget decisions, were also mentioned as an important data use case. Data governance representatives additionally brought out making data publicly accessible as open data an important use case and using data for research and innovation, either in the public sector or by academia or private sector. Quality and trustworthiness of data From all interviewees were asked questions regarding data quality and it was a topic where everyone could participate and give examples from real life, some in more detail than others. The representatives of the data governance unit had different assessments of the current situation of data quality in the",180
Estonia,I2,Impact,"Are there any processes in place to monitor the level of reuse of your country's open data?
 
For Explanation:
* If yes, please (1) briefly describe these processes and (2) provide the URLs to support the answer.","Impact | I2 | Are there any processes in place to monitor the level of reuse of your country's open data?
 
For Explanation:
* If yes, please (1) briefly describe these processes and (2) provide the URLs to support the answer.",7,0.6362268328666687,0.6362268328666687,0.0,P2,Estonian data portal | RIA,https://www.ria.ee/en/state-information-system/data-based-governance-and-reuse-data/estonian-data-portal,debug_estonia_rerun\downloads\P2\doc_3.html,html,Estonia_P2_9,9,"will be able to make data-driven decisions and reduce the costs associated with duplicated data collection and responding to queries; students and researchers can use the data for research and for developing new solutions and technologies; companies can develop new business models, products, and services based on open data; the media can rely on high-quality information, thereby raising public awareness and promoting transparent governance; citizens gain a better understanding of how the state functions and use applications relying on open data to make their daily lives easier. Access to data subject to restrictions is limited in accordance with the procedure laid down by law, but such data may also be reused under certain conditions, for example, to avoid multiple requests for the same data. Examples of data with restricted access include: personal data; information relating to business, trade, and corporate secrets. To enable the reuse of data, public sector bodies are required to: provide access to open data in a manner suitable to them in accordance with the Public Information Act, and where possible, in a machine-readable as well as",180
Estonia,I2,Impact,"Are there any processes in place to monitor the level of reuse of your country's open data?
 
For Explanation:
* If yes, please (1) briefly describe these processes and (2) provide the URLs to support the answer.","Impact | I2 | Are there any processes in place to monitor the level of reuse of your country's open data?
 
For Explanation:
* If yes, please (1) briefly describe these processes and (2) provide the URLs to support the answer.",8,0.628973662853241,0.628973662853241,0.0,P2,Estonia’s Digital Agenda,https://mkm.ee/media/6970/download,debug_estonia_rerun\downloads\P2\doc_4.pdf,pdf,Estonia_P2_79,79,"reuse of data with the aim of supporting the improved accessibility and reuse of data, including the use of confidential data for scientific purposes, the availability of open data and consent-based data processing. Activities: + Separate software developed for digital government which is funded using taxpayers’ money and includes intellectual property of the public sector is published with an open source license – as long as it is not significant with regard to national security. + The development of digital government relies on an architectural principles that allow for reuse. Solutions created for the Estonian state based on this can be adapted more easily both with regard to business and technology (including by means of cloud technology), increasing the export of digital government solutions. + All machine-readable open data are available and reused as actively as possible. 31 Estonia’s Digital Agenda 2030 7 . Empowering digital change in public sector The continued development of technology keeps creating new opportunities Current situation: + Paper-based service provision has been replaced with digital services in Estonia but we can put digital solutions to",180
Estonia,I27,Impact,"Is any data on the economic impact (e.g. GDP, employment, productivity, innovation,  new businesses created etc.) of open data available in your country such as from research studies, impact assessments, or other systematic investigations that quantify the results or broader effects of open data being reused?

For Explanation:
* If yes, please specify what kind of data source proves this impact and provide the URLs to this data.","Impact | I27 | Is any data on the economic impact (e.g. GDP, employment, productivity, innovation,  new businesses created etc.) of open data available in your country such as from research studies, impact assessments, or other systematic investigations that quantify the results or broader effects of open data being reused?

For Explanation:
* If yes, please specify what kind of data source proves this impact and provide the URLs to this data.",1,0.6959009766578674,0.6959009766578674,0.0,P2,MANAGEMENT STRATEGY?,https://digikogu.taltech.ee/et/Download/da54b67d-17e9-4df0-b5d4-1fff8d77d515,debug_estonia_rerun\downloads\P2\doc_7.pdf,pdf,Estonia_P2_6,6,"impact. Most research in this area has consisted of conceptual papers, descriptions of the empirical uses of open data or the design of technology and systems for harnessing the power of open data. 5 The aim to be achieved with the article is to c ontributie to fill earlier mentioned problem . This article identifies the significance of open data and the resulting challenges imposed by the widespread lack of specific open data policies. The artcile also provides an explanation of the existing systems used in Estonian governance to ensure access t o open information, but also highlights the shortcomings, before it finally makes proposals on how to improve open data disclosure practices in Estonia. The hypothesis for this article is that governments need to disclose via platforms its open data to ensure its transparency to its citizens. In this article, document analysis is used as a method of collecting qualitative data. Secondary data will be used through literature reviews and articles composed by other authors. This article consists of four main chapters and in addition a chapter with proposals.",180
Estonia,I27,Impact,"Is any data on the economic impact (e.g. GDP, employment, productivity, innovation,  new businesses created etc.) of open data available in your country such as from research studies, impact assessments, or other systematic investigations that quantify the results or broader effects of open data being reused?

For Explanation:
* If yes, please specify what kind of data source proves this impact and provide the URLs to this data.","Impact | I27 | Is any data on the economic impact (e.g. GDP, employment, productivity, innovation,  new businesses created etc.) of open data available in your country such as from research studies, impact assessments, or other systematic investigations that quantify the results or broader effects of open data being reused?

For Explanation:
* If yes, please specify what kind of data source proves this impact and provide the URLs to this data.",2,0.6331982612609863,0.6931982636451721,0.06000000238418579,P2,MANAGEMENT STRATEGY?,https://digikogu.taltech.ee/et/Download/da54b67d-17e9-4df0-b5d4-1fff8d77d515,debug_estonia_rerun\downloads\P2\doc_7.pdf,pdf,Estonia_P2_20,20,"as an open system and interacts with its surroundings, rather than reinforcing current procedures. The release of data is expected to have several advantages, including boosting innovation and fostering economic growth. Not only should data be made public, but it should also be actively searched for feedback on how to improve government (Janssen, Charalabidis & Zuiderwijk, 2012, p. 260). 11 3. The obligation to disclose open data in Estonian law Estonia is among the leading countries in the world in the field of e -governance (Kerikmäe & Nyman-Metcalf, 2020b, p. 31; Salumaa-Lepik, Kerikmäe & Nisu, 2021). A friendly political and economic environment that has been created in Estonia for ICT entrepreneurs—whether they are seeking commercial profit, developing technological innovations, advancing knowledge, or promoting civil initiatives—is one of the key drivers that helps Estonia advance in developing and launching different open government projec ts (Hoffmann, 2020a; Kassen, 2019, p. 569; Kerikmäe, Hoffmann & Chochia, 2018; Kerikmäe, Mölder & Chochia, 2019). As a developed e-state, Estonia has been collecting and continues to collect an abundant amount of data about its citizens. Data",180
Estonia,I27,Impact,"Is any data on the economic impact (e.g. GDP, employment, productivity, innovation,  new businesses created etc.) of open data available in your country such as from research studies, impact assessments, or other systematic investigations that quantify the results or broader effects of open data being reused?

For Explanation:
* If yes, please specify what kind of data source proves this impact and provide the URLs to this data.","Impact | I27 | Is any data on the economic impact (e.g. GDP, employment, productivity, innovation,  new businesses created etc.) of open data available in your country such as from research studies, impact assessments, or other systematic investigations that quantify the results or broader effects of open data being reused?

For Explanation:
* If yes, please specify what kind of data source proves this impact and provide the URLs to this data.",3,0.6289565563201904,0.6289565563201904,0.0,P2,Andmete ja tehisintellekti valge raamat 2024-2030,https://mkm.ee/sites/default/files/documents/2024-02/Tehisintellekti%20ja%20andmete%20valge%20raamat%202024-2030.pdf,debug_estonia_rerun\downloads\P2\doc_6.pdf,pdf,Estonia_P2_22,22,"Paljud valitsused ja avaliku sektori asutused on teinud suuri edusamme andmete kättesaadavuse suurendamisel. Avaandmetena on kättesaadavaks tehtud laiaulatuslikke kvaliteetseid andmestikke, mis sisaldavad infot riigi juhtimise, rahastamise, ruumilise asukoha, keskkonna ja muude valdkondade kohta. Kvaliteetsete andmete kättesaadavus soodustab innovatsiooni, majanduskasvu ja läbipaistvust ning võimaldab kodanikel, teadlastel ja ettevõtetel kasutada andmeid paremate otsuste tegemiseks. Euroopa Liidu avaandmete turumahuks hinnatakse 2025. aastaks kuni 334 miljardit eurot. Turumaht kasvab keskmiselt aastas 15,9% ning avaandmed moodustavad 49% kõigist töödeldavast andmetest – omades seeläbi keskset rolli andmepõhises ühiskonnas. Üks silmatorkavamaid suundumusi on tehisintellekti laialdane kasutuselevõtt. Tehisintellektisüsteemid muutuvad üha nutikamaks ja võimekamaks ning võimaldavad automatiseerida protsesse, analüüsida suuri ja keerukaid andmekogumeid, tuvastada mustreid, ennustada tulevasi sündmusi ning teha kvaliteetsemaid otsuseid. Automaatika ja protsesside optimeerimine on viinud tootlikkuse, kvaliteedi ja tarnekindluse suurenemiseni paljudes sektorites. Tehisintellekti laialdane kasutamine võib muuta tööturu dünaamikat ja n õuda tööjõult uusi oskusi ja kohanemi svõimet. Samal ajal on kasvavalt traditsioonilised lihtsa käsitöö põhised töökohad ohus. Viimaste aastate muudatuste valguses ennustatakse kuni 300 miljoni 8 töökoha kadu arenenud riikides. Tehisintellekt on muutnud inimeste suhtlust, igapäevaelu ja haridust, tuues kaasa eetilised dilemmad, nagu algoritmiline eelarvamus,",180
Estonia,I27,Impact,"Is any data on the economic impact (e.g. GDP, employment, productivity, innovation,  new businesses created etc.) of open data available in your country such as from research studies, impact assessments, or other systematic investigations that quantify the results or broader effects of open data being reused?

For Explanation:
* If yes, please specify what kind of data source proves this impact and provide the URLs to this data.","Impact | I27 | Is any data on the economic impact (e.g. GDP, employment, productivity, innovation,  new businesses created etc.) of open data available in your country such as from research studies, impact assessments, or other systematic investigations that quantify the results or broader effects of open data being reused?

For Explanation:
* If yes, please specify what kind of data source proves this impact and provide the URLs to this data.",4,0.6050881743431091,0.6250881552696228,0.019999980926513672,P2,Andmete ja tehisintellekti valge raamat 2024-2030,https://mkm.ee/sites/default/files/documents/2024-02/Tehisintellekti%20ja%20andmete%20valge%20raamat%202024-2030.pdf,debug_estonia_rerun\downloads\P2\doc_6.pdf,pdf,Estonia_P2_24,24,"vähendada otsuste ettevalmistamiseks kuluvat aega. Samuti aitab andmete kasutamine kaasa avaliku sektori suuremale läbipaistvusele ja toetab usaldusväärsust, võimaldab raha kokku hoida ja vähendada bürokraatiat. Andmete kasutamine on muutunud oluliseks ka poliitikakujundamises. Kvaliteetsed ja ajakohased andmed aitavad valitsustel paremini mõista ja seniselt ki iremini lahendada ühiskonna probleeme mitmetes valdkondades nagu julgeolek, tervishoid, haridus, keskkonna hoid, siseturvalisus ja majandusareng. Lisaks võimaldab 8 https://www.key4biz.it/wp-content/uploads/2023/03/Global-Economics-Analyst_-The-Potentially-Large-Effects-of- Artificial-Intelligence-on-Economic-Growth-Briggs_Kodnani.pdf 9 https://www.europarl.europa.eu/thinktank/en/document.html?reference=EPRS_BRI(2020)652086 15 andmepõhine otsustamine organisatsioonidel tugineda enda toimimises faktidele ja tõenditele, mitte ainult intuitsioonile või varasematele praktikatele. See aitab parandada otsuste kvaliteeti, maandada riske ja optimeerida kulusid. Selle najal on rahvusvaheline andmevahetus muutumas üha olulisemaks eriti julgeoleku, küberturvalisuse, keskkonna - ja tervishoiu valdkondades. Globaalsete probleemide lahendamiseks on vaja andmete jagamist ja tihedat piiriülest koostööd. Andmete efektiivse kasutuse oluliseks võimaldajaks on süsteemne a ndmehaldus. Asutused ja ettevõtted tunnetavad järjest enam vajadust juhtida süsteemselt andmete kvaliteeti, tagada andmete kiire leitavus ning võimalikult lihtne taaskasutatavus. Seda kõige saab aga saavutada ainult siis kui organisatsioonil on hea ülevaade oma andmevaradest , selgelt on määratud andmete kvaliteedi, avalikustamise ja kasutajate toetamise eest vastutavad rollid ja nende täpsed ülesanded. Efektiivse andmehalduse aluseks on",180
Estonia,I27,Impact,"Is any data on the economic impact (e.g. GDP, employment, productivity, innovation,  new businesses created etc.) of open data available in your country such as from research studies, impact assessments, or other systematic investigations that quantify the results or broader effects of open data being reused?

For Explanation:
* If yes, please specify what kind of data source proves this impact and provide the URLs to this data.","Impact | I27 | Is any data on the economic impact (e.g. GDP, employment, productivity, innovation,  new businesses created etc.) of open data available in your country such as from research studies, impact assessments, or other systematic investigations that quantify the results or broader effects of open data being reused?

For Explanation:
* If yes, please specify what kind of data source proves this impact and provide the URLs to this data.",5,0.5550268888473511,0.5950269103050232,0.04000002145767212,P2,,https://digikogu.taltech.ee/et/Download/86f50514-87ff-4fb1-9c79-f38c67acb919,debug_estonia_rerun\downloads\P2\doc_8.pdf,pdf,Estonia_P2_114,114,"only benefit the government institutions in the performance of their duties, but also reflects the quality of services provided to citizens and businesses. 5.1 Future research Implementation of data governance in the Estonian public sector has potential for future research. In the course of the study, the intervention of data governance in various processes of the organization, such as the development of IT systems and service s, emerged. It could be explored what are the potential points of contact for cooperation in the development process, which in the long run could reduce the problems of data governance and management. In addition, the expansion of research into public sector data governance practices in other EU countries would provide better clarity on the opportunities and obstacles for the development of interoperability and cross-border data exchange. 54 References [1] T. C. Redman and A. B. Godfrey, Data Quality for the Information Age, 1st ed. USA: Artech House, Inc., 1997. [2] Dama International, DAMA-DMBOK: Data Management Body of Knowledge (2nd Edition). Denville, NJ, USA: Technics Publications, LLC, 2017. [3] Ministry of Economic Affairs and",180
Estonia,I27,Impact,"Is any data on the economic impact (e.g. GDP, employment, productivity, innovation,  new businesses created etc.) of open data available in your country such as from research studies, impact assessments, or other systematic investigations that quantify the results or broader effects of open data being reused?

For Explanation:
* If yes, please specify what kind of data source proves this impact and provide the URLs to this data.","Impact | I27 | Is any data on the economic impact (e.g. GDP, employment, productivity, innovation,  new businesses created etc.) of open data available in your country such as from research studies, impact assessments, or other systematic investigations that quantify the results or broader effects of open data being reused?

For Explanation:
* If yes, please specify what kind of data source proves this impact and provide the URLs to this data.",6,0.5077105760574341,0.5877105593681335,0.07999998331069946,I2,Estonian companies have high levels of transparency | E-Residency,https://www.e-resident.gov.ee/blog/posts/heres-why-estonian-companies-have-high-levels-of-transparency/,debug_estonia_rerun\downloads\I2\doc_2.html,html,Estonia_I2_11,11,"isn’t the only reason that this data is useful though. In addition, it helps when conducting market research on a wider industry. This is already possible now, but the Estonian Tax and Customs Board is also investing in improved processes for the collection and analysis of data so that entrepreneurs have access to valuable economic information in real-time. As mentioned earlier though, all this only relates to company data so why did the name and birth date of an e-⁠resident become publicly available? Understanding company ownership is absolutely fundamental information for a transparent business environment so if you choose to create an Estonian company then you are choosing to make your full name and date of birth public as part of that company data. The contact details you choose to submit to the Business Registry will also be public company data so bear that in mind if you use a personal email address and want that to remain private. If you submit it as company data then it would not, for example, be covered by GDPR in the same way",180
Estonia,I27,Impact,"Is any data on the economic impact (e.g. GDP, employment, productivity, innovation,  new businesses created etc.) of open data available in your country such as from research studies, impact assessments, or other systematic investigations that quantify the results or broader effects of open data being reused?

For Explanation:
* If yes, please specify what kind of data source proves this impact and provide the URLs to this data.","Impact | I27 | Is any data on the economic impact (e.g. GDP, employment, productivity, innovation,  new businesses created etc.) of open data available in your country such as from research studies, impact assessments, or other systematic investigations that quantify the results or broader effects of open data being reused?

For Explanation:
* If yes, please specify what kind of data source proves this impact and provide the URLs to this data.",7,0.5077105760574341,0.5877105593681335,0.07999998331069946,P22,Estonian companies have high levels of transparency | E-Residency,https://www.e-resident.gov.ee/blog/posts/heres-why-estonian-companies-have-high-levels-of-transparency/,debug_estonia_rerun\downloads\P22\doc_6.html,html,Estonia_P22_11,11,"isn’t the only reason that this data is useful though. In addition, it helps when conducting market research on a wider industry. This is already possible now, but the Estonian Tax and Customs Board is also investing in improved processes for the collection and analysis of data so that entrepreneurs have access to valuable economic information in real-time. As mentioned earlier though, all this only relates to company data so why did the name and birth date of an e-⁠resident become publicly available? Understanding company ownership is absolutely fundamental information for a transparent business environment so if you choose to create an Estonian company then you are choosing to make your full name and date of birth public as part of that company data. The contact details you choose to submit to the Business Registry will also be public company data so bear that in mind if you use a personal email address and want that to remain private. If you submit it as company data then it would not, for example, be covered by GDPR in the same way",180
Estonia,I27,Impact,"Is any data on the economic impact (e.g. GDP, employment, productivity, innovation,  new businesses created etc.) of open data available in your country such as from research studies, impact assessments, or other systematic investigations that quantify the results or broader effects of open data being reused?

For Explanation:
* If yes, please specify what kind of data source proves this impact and provide the URLs to this data.","Impact | I27 | Is any data on the economic impact (e.g. GDP, employment, productivity, innovation,  new businesses created etc.) of open data available in your country such as from research studies, impact assessments, or other systematic investigations that quantify the results or broader effects of open data being reused?

For Explanation:
* If yes, please specify what kind of data source proves this impact and provide the URLs to this data.",8,0.5557412505149841,0.5757412314414978,0.019999980926513672,P2,,https://digikogu.taltech.ee/et/Download/86f50514-87ff-4fb1-9c79-f38c67acb919,debug_estonia_rerun\downloads\P2\doc_8.pdf,pdf,Estonia_P2_10,10,"placed on data and its governance. In 2022 , the Ministry of Economic Affairs and Communications of Estonia (MKM) conducted a data strategy survey among the government institutions of Estonia to map the current situation in various data areas , which included the assessment of data governance and its current coordination in the organizations. 37 out of 55 organizations participated in the survey, and the findings are a valuable input for national coordination and development in the field of data govern ance, management, open data and other data developments like artificial intelligence ( AI) initiatives. The results of the survey 12 highlighted that many of the government organizations have room to improve the internal processes of the institution to develop frameworks, processes and activities related to data governance [3]. According to the Ministry of Foreign Affairs of Estonia (MFA), the lack of data governance practices lies both in understanding the additional value that data governance brings to a government organization and in the knowledge of how to start implementing data governance. The aim of the thesis is to identify and",180
Estonia,I9,Impact,"Have any public bodies in your country launched or performed any activities in the past year to better understand reusers' needs in order to further stimulate the reuse of open data?

For Explanation:
* If yes, which of the following activities have been performed? Please describe how the activity has helped you better stimulate reuse.
* Multiple answers are possible.","Impact | I9 | Have any public bodies in your country launched or performed any activities in the past year to better understand reusers' needs in order to further stimulate the reuse of open data?

For Explanation:
* If yes, which of the following activities have been performed? Please describe how the activity has helped you better stimulate reuse.
* Multiple answers are possible.",1,0.6894333958625793,0.6894333958625793,0.0,P2,Andmete ja tehisintellekti valge raamat 2024-2030,https://mkm.ee/sites/default/files/documents/2024-02/Tehisintellekti%20ja%20andmete%20valge%20raamat%202024-2030.pdf,debug_estonia_rerun\downloads\P2\doc_6.pdf,pdf,Estonia_P2_72,72,"materjalide eesti keelde tõlkimine ning ülevõtmine ning võtta need kasutusele avalikus sektoris. Andmete taaskasutus saab toimida ainult siis, kui erinevate osapoolte poolt hallatavad andmed on standardiseeritud, korrastatud, kirjeldatud, avalikustatud, kontrollitud kvaliteediga ning varustatud andmete taaskasutust toetava dokumentatsiooni ja toega. Avaliku sektori asutuste peamiseks arenguhüpet takistavaks probleemiks nähakse kompetentside puudust. Eriti on tunda selle mõju kohalike omavalitsuste tasandil, kus lisaks kompetentside puudumisele, ei ole avaandmete avalikustamine puuduva inimressursi tõt tu asutuse esmaseks prioriteediks. See annab märku, et oskuste arendamist, töötajate koolitamist ning toetava kogukonna loomist peab võtma tõsiselt. 36 MKM koos RIA ja teiste partneritega on alates 2018. aastast tegelenud aktiivselt avaandmete valdkonna edendamisega. Hindamaks tegevuste mõju ja täiendava sisendi saamiseks viis MKM 2022. aasta lõpus läbi lühikaardistuse, mille käigus uuriti mh avaandmete hetkeseisu as utustes. Kaardistuse tulemusel on asutuste peamisteks probleemideks: • andmehalduse alaste teadmiste ja praktiliste oskuste puudumine ja • vähene süsteemsus andmehalduse organiseerimisel ja tegevuste elluviimisel. Näiteks ei ole 2023. aasta seisuga pea 64% teabevaldajatest juurdepääsupiiranguteta andmeid avalikustanud, 55% asutustest ei vaata regulaarselt üle ega avalikusta avaandmeid avaandmete teabeväravas ning 78% teabevaldajatest ei kaardista taaskasutajate va jadusi. Samas",180
Estonia,I9,Impact,"Have any public bodies in your country launched or performed any activities in the past year to better understand reusers' needs in order to further stimulate the reuse of open data?

For Explanation:
* If yes, which of the following activities have been performed? Please describe how the activity has helped you better stimulate reuse.
* Multiple answers are possible.","Impact | I9 | Have any public bodies in your country launched or performed any activities in the past year to better understand reusers' needs in order to further stimulate the reuse of open data?

For Explanation:
* If yes, which of the following activities have been performed? Please describe how the activity has helped you better stimulate reuse.
* Multiple answers are possible.",2,0.6832717657089233,0.6832717657089233,0.0,P2,Andmete ja tehisintellekti valge raamat 2024-2030,https://mkm.ee/sites/default/files/documents/2024-02/Tehisintellekti%20ja%20andmete%20valge%20raamat%202024-2030.pdf,debug_estonia_rerun\downloads\P2\doc_6.pdf,pdf,Estonia_P2_89,89,"ja oskama andmeid organisatsiooni kasuks tööle panna. Otsustustasanditel tuleb arvestada, et andmekasutusest lähtuv positiivne mõju ilmneb alles siis kui kriitiline hulk andmeid on saavutanud piisava küpsustaseme ja neid kasutatakse. 43 6.2 Krativäeline riik ja ühiskond 6.2.1. Avalik sektor Aastaks 2030 on tulemus: • Eestis saab avaliku sektoriga kõik asjad aetud tehisintellektil põhinevate lahenduste ja vestluskrattide võrgustiku abil. Nii saab kasutaja tarbida kõiki avalikke teenuseid ilma eriteadmisteta, kasutades selleks mistahes enam levinud suhtlusviisi või kanalit ja seadet; • Eesti avaliku sektori töötajad omavad ajakohaseid teadmisi tehisintellektist, sellega kaasnevatest riskidest, võimalustest ja rakendamisega seotud põhimõtetest; • Tagatud on süsteemne lähenemine TI valdkonnale ning loodud valdkonna eest vastutavad rollid kõigis haldusalades ja asutustes ning kavandatud valdkonnaga seotud transformatsiooni jaoks vajalikud tegevused; • Eesti avalik sektor on eesrinnas tehisintellekti rakendamisel, lähtudes sealhulgas investeeringute majanduslikku mõju, panust organisatsiooni ja riigi edukasse toimimisse ning säästva arengu eesmärke. Tulemuste saavutamiseks teeme järgnevat: • Kõigis avaliku sektori organisatsioonides on vajalik luua TI rakendamise plaan ja kavandada selle elluviimine. Vähemalt ministeeriumite tasemel on vajalik määrata valdkonna eest vastutav isik hiljemalt 2025. aastaks; • Loome andmete ja TI kompetentsikeskuse, mis",180
Estonia,I9,Impact,"Have any public bodies in your country launched or performed any activities in the past year to better understand reusers' needs in order to further stimulate the reuse of open data?

For Explanation:
* If yes, which of the following activities have been performed? Please describe how the activity has helped you better stimulate reuse.
* Multiple answers are possible.","Impact | I9 | Have any public bodies in your country launched or performed any activities in the past year to better understand reusers' needs in order to further stimulate the reuse of open data?

For Explanation:
* If yes, which of the following activities have been performed? Please describe how the activity has helped you better stimulate reuse.
* Multiple answers are possible.",3,0.6728751063346863,0.6728751063346863,0.0,P2,MANAGEMENT STRATEGY?,https://digikogu.taltech.ee/et/Download/da54b67d-17e9-4df0-b5d4-1fff8d77d515,debug_estonia_rerun\downloads\P2\doc_7.pdf,pdf,Estonia_P2_6,6,"impact. Most research in this area has consisted of conceptual papers, descriptions of the empirical uses of open data or the design of technology and systems for harnessing the power of open data. 5 The aim to be achieved with the article is to c ontributie to fill earlier mentioned problem . This article identifies the significance of open data and the resulting challenges imposed by the widespread lack of specific open data policies. The artcile also provides an explanation of the existing systems used in Estonian governance to ensure access t o open information, but also highlights the shortcomings, before it finally makes proposals on how to improve open data disclosure practices in Estonia. The hypothesis for this article is that governments need to disclose via platforms its open data to ensure its transparency to its citizens. In this article, document analysis is used as a method of collecting qualitative data. Secondary data will be used through literature reviews and articles composed by other authors. This article consists of four main chapters and in addition a chapter with proposals.",180
Estonia,I9,Impact,"Have any public bodies in your country launched or performed any activities in the past year to better understand reusers' needs in order to further stimulate the reuse of open data?

For Explanation:
* If yes, which of the following activities have been performed? Please describe how the activity has helped you better stimulate reuse.
* Multiple answers are possible.","Impact | I9 | Have any public bodies in your country launched or performed any activities in the past year to better understand reusers' needs in order to further stimulate the reuse of open data?

For Explanation:
* If yes, which of the following activities have been performed? Please describe how the activity has helped you better stimulate reuse.
* Multiple answers are possible.",4,0.6695811748504639,0.6695811748504639,0.0,P2,,https://digikogu.taltech.ee/et/Download/86f50514-87ff-4fb1-9c79-f38c67acb919,debug_estonia_rerun\downloads\P2\doc_8.pdf,pdf,Estonia_P2_136,136,"Kas ja kuidas hoiab teie haldusala ennast kursis muutuvate andmehaldus regulatsioonide ja parimate praktikatega? Kas lähenemine on pigem reaktiivne või proaktiivne? 12. Millised uued trendid või tehnoloogiad võivad andmehaldust teie arvates tulevikus mõjutada? 66 5.3 Appendix 2 - Non-exclusive licence for reproduction and publication of a graduation thesis1 I Liisbeth Laasik 1. Grant Tallinn University of Technology free licence (non -exclusive licence) for my thesis “Data Governance in the Estonian Government Sector: The Motives and Strategies for Implementation”, supervised by Innar Liiv 1.1. to be reproduced for the purposes of preservation and electronic publication of the graduation thesis, incl. to be entered in the digital collection of the library of Tallinn University of Technology until expiry of the term of copyright; 1.2. to be published via the web of Tallinn University of Technology, incl. to be entered in the digital collection of the library of Tallinn University of Technology until expiry of the term of copyright. 2. I am aware that the author also retains the rights specified in clause 1 of the non - exclusive licence. 3. I confirm",180
Estonia,I9,Impact,"Have any public bodies in your country launched or performed any activities in the past year to better understand reusers' needs in order to further stimulate the reuse of open data?

For Explanation:
* If yes, which of the following activities have been performed? Please describe how the activity has helped you better stimulate reuse.
* Multiple answers are possible.","Impact | I9 | Have any public bodies in your country launched or performed any activities in the past year to better understand reusers' needs in order to further stimulate the reuse of open data?

For Explanation:
* If yes, which of the following activities have been performed? Please describe how the activity has helped you better stimulate reuse.
* Multiple answers are possible.",5,0.6657619476318359,0.6657619476318359,0.0,P2,MANAGEMENT STRATEGY?,https://digikogu.taltech.ee/et/Download/da54b67d-17e9-4df0-b5d4-1fff8d77d515,debug_estonia_rerun\downloads\P2\doc_7.pdf,pdf,Estonia_P2_28,28,"reuse of public sector information and to increase the availability and reusability of open data to foster innovation and the economy, the smoother functio ning of the internal market and the information society. The Explanatory Memorandum to the Public Information Act also describes how allowing the reuse of data held by a public sector body provides added value for reusers, end -users, and the society, and o ften for the public authority concerned, as it promotes transparency and accountability. The amendments give effect to the requirements of Directive 2019/1024 of the European Parliament and of the Council on the reuse of public data and public sector infor mation. The Commission shall evaluate the application of this Directive no earlier than on 17 July 2025, so even though Member States had to bring into force the laws, regulations, and administrative provisions necessary to comply with this Directive by 17 July 2021 at the latest, many states have not yet established comprehensive open data policies since last summer. The new Estonian Public Information Act intends to solve practical bottlenecks that have arisen",180
Estonia,I9,Impact,"Have any public bodies in your country launched or performed any activities in the past year to better understand reusers' needs in order to further stimulate the reuse of open data?

For Explanation:
* If yes, which of the following activities have been performed? Please describe how the activity has helped you better stimulate reuse.
* Multiple answers are possible.","Impact | I9 | Have any public bodies in your country launched or performed any activities in the past year to better understand reusers' needs in order to further stimulate the reuse of open data?

For Explanation:
* If yes, which of the following activities have been performed? Please describe how the activity has helped you better stimulate reuse.
* Multiple answers are possible.",6,0.6654618978500366,0.6654618978500366,0.0,P2,Estonia’s Digital Agenda,https://mkm.ee/media/6970/download,debug_estonia_rerun\downloads\P2\doc_4.pdf,pdf,Estonia_P2_79,79,"reuse of data with the aim of supporting the improved accessibility and reuse of data, including the use of confidential data for scientific purposes, the availability of open data and consent-based data processing. Activities: + Separate software developed for digital government which is funded using taxpayers’ money and includes intellectual property of the public sector is published with an open source license – as long as it is not significant with regard to national security. + The development of digital government relies on an architectural principles that allow for reuse. Solutions created for the Estonian state based on this can be adapted more easily both with regard to business and technology (including by means of cloud technology), increasing the export of digital government solutions. + All machine-readable open data are available and reused as actively as possible. 31 Estonia’s Digital Agenda 2030 7 . Empowering digital change in public sector The continued development of technology keeps creating new opportunities Current situation: + Paper-based service provision has been replaced with digital services in Estonia but we can put digital solutions to",180
Estonia,I9,Impact,"Have any public bodies in your country launched or performed any activities in the past year to better understand reusers' needs in order to further stimulate the reuse of open data?

For Explanation:
* If yes, which of the following activities have been performed? Please describe how the activity has helped you better stimulate reuse.
* Multiple answers are possible.","Impact | I9 | Have any public bodies in your country launched or performed any activities in the past year to better understand reusers' needs in order to further stimulate the reuse of open data?

For Explanation:
* If yes, which of the following activities have been performed? Please describe how the activity has helped you better stimulate reuse.
* Multiple answers are possible.",7,0.6527127027511597,0.6527127027511597,0.0,P2,Estonian data portal | RIA,https://www.ria.ee/en/state-information-system/data-based-governance-and-reuse-data/estonian-data-portal,debug_estonia_rerun\downloads\P2\doc_3.html,html,Estonia_P2_6,6,"reuse of data and promote data economy. Open Estonian data portal Instructions of the data portal Prior to this, the data collected by the state and the related descriptions were published in two environments: open data and their descriptions in the former open data portal, and data descriptions for databases in the administration system for the state information system (RIHA). The latter is currently still in use, but it is expected to be decommissioned at the end of 2026 when the legislative amendments come into force. Descriptions of the databases held by RIHA will then be added to the Data Portal. The data descriptions in the Data Portal have been harmonised in accordance with the Data Description Standard (in Estonian). For this reason, the Data Portal will also publish data services, data elements, and glossaries used to access them in addition to datasets. Integrating the two environments reduces the burden on dataset holders and offers data re-users consistent data descriptions within a single environment. The Data Portal is integrated with the RIHAKE data management application – this enables organisations to",180
Estonia,I9,Impact,"Have any public bodies in your country launched or performed any activities in the past year to better understand reusers' needs in order to further stimulate the reuse of open data?

For Explanation:
* If yes, which of the following activities have been performed? Please describe how the activity has helped you better stimulate reuse.
* Multiple answers are possible.","Impact | I9 | Have any public bodies in your country launched or performed any activities in the past year to better understand reusers' needs in order to further stimulate the reuse of open data?

For Explanation:
* If yes, which of the following activities have been performed? Please describe how the activity has helped you better stimulate reuse.
* Multiple answers are possible.",8,0.650871217250824,0.650871217250824,0.0,P2,,https://digikogu.taltech.ee/et/Download/86f50514-87ff-4fb1-9c79-f38c67acb919,debug_estonia_rerun\downloads\P2\doc_8.pdf,pdf,Estonia_P2_55,55,"and policy makers, the most common data use cases highlighted were fulfilling the objectives of the institution or a specific field, which directly relates to another recurring answer, which is setting metrics in place for these objectives and monitoring the fulfilment of these metrics. In addition, policymaking using data was cited as a key use case, while the undersecretaries brought out that policy impact evaluation as one of the most difficult challenges. Day -to-day operational work and strategic planning, including budget decisions, were also mentioned as an important data use case. Data governance representatives additionally brought out making data publicly accessible as open data an important use case and using data for research and innovation, either in the public sector or by academia or private sector. Quality and trustworthiness of data From all interviewees were asked questions regarding data quality and it was a topic where everyone could participate and give examples from real life, some in more detail than others. The representatives of the data governance unit had different assessments of the current situation of data quality in the",180
Estonia,P1,Policy,"Is there a national open data policy in your country and, if your country is an EU Member State, does this include a national legislation for the transposition of the Open Data Directive?

For Explanation:
* If yes, please provide (1) the URL and (2) title of the policy document and (3) briefly describe.
* If ‘other’, please provide (1) a brief explanation to support your answer choice and (2) provide the URL and indicate the policy section which explicitly references open data.","Policy | P1 | Is there a national open data policy in your country and, if your country is an EU Member State, does this include a national legislation for the transposition of the Open Data Directive?

For Explanation:
* If yes, please provide (1) the URL and (2) title of the policy document and (3) briefly describe.
* If ‘other’, please provide (1) a brief explanation to support your answer choice and (2) provide the URL and indicate the policy section which explicitly references open data.",1,0.7858567237854004,0.7858567237854004,0.0,P2,MANAGEMENT STRATEGY?,https://digikogu.taltech.ee/et/Download/da54b67d-17e9-4df0-b5d4-1fff8d77d515,debug_estonia_rerun\downloads\P2\doc_7.pdf,pdf,Estonia_P2_49,49,"time being, national open data policies are fragmented both at national level and the EU level, even though the Directive calls for harmonization. Public data policies should be the object of intensified comparative research, which would essentially facilitate the creation of a unified 20 system for disclosing open data. Without a central framework, which maybe should be published on the EU level, it is difficul t to create a coherent system. With the EU level framework, the Member States could create a similar system for disclosing open data that could later be accessed by users, which could be beneficial on different levels, including economic. This framework could also establish guidelines on how and to which extent personal data ought to be anonymized before publishing. 6.2 Increasing the number and the extent of citizens’ access to databases Currently there are different and partly overlapping databases grant ing access to open data. Supplementing the first proposal, and assuming the successful establishment of a framework binding all EU Member States, a next step would be enhancing the structures of databases. The Estonian example",180
Estonia,P1,Policy,"Is there a national open data policy in your country and, if your country is an EU Member State, does this include a national legislation for the transposition of the Open Data Directive?

For Explanation:
* If yes, please provide (1) the URL and (2) title of the policy document and (3) briefly describe.
* If ‘other’, please provide (1) a brief explanation to support your answer choice and (2) provide the URL and indicate the policy section which explicitly references open data.","Policy | P1 | Is there a national open data policy in your country and, if your country is an EU Member State, does this include a national legislation for the transposition of the Open Data Directive?

For Explanation:
* If yes, please provide (1) the URL and (2) title of the policy document and (3) briefly describe.
* If ‘other’, please provide (1) a brief explanation to support your answer choice and (2) provide the URL and indicate the policy section which explicitly references open data.",2,0.7303807735443115,0.7303807735443115,0.0,P2,MANAGEMENT STRATEGY?,https://digikogu.taltech.ee/et/Download/da54b67d-17e9-4df0-b5d4-1fff8d77d515,debug_estonia_rerun\downloads\P2\doc_7.pdf,pdf,Estonia_P2_3,3,"dramatically both domestically and EU -wide. This paper analyses the importance of open data, the problem of the lack of open data policies, provide an overview of existing systems used by the governance of Estonia to ensure access to open information, and make proposals on how to improve open data disclosure practices in Estonia. Qualitative research methods are used to write this paper. Secondary data will be used through literature reviews and articles composed by other authors. Keywords: access to information, data protection, Estonia, GDPR, open data, open data policies 4 INTRODUCTION Following master thesis is formatted as an article. This article has been pubilshed in the TalTech Journal of European Studies (ISSN 2228 -0596) in May 2022. The article is published in co - authorship of the master student Elsa-Maria Tropp and supervisors Dr. Thomas Hoffmann and Dr. Archil Chochia. The master student is the first author and conducted the main part of the research guided by supervisors. The European Convention on Human Rights implies in its article 10 that the state has an obligation to guarantee the right",180
Estonia,P1,Policy,"Is there a national open data policy in your country and, if your country is an EU Member State, does this include a national legislation for the transposition of the Open Data Directive?

For Explanation:
* If yes, please provide (1) the URL and (2) title of the policy document and (3) briefly describe.
* If ‘other’, please provide (1) a brief explanation to support your answer choice and (2) provide the URL and indicate the policy section which explicitly references open data.","Policy | P1 | Is there a national open data policy in your country and, if your country is an EU Member State, does this include a national legislation for the transposition of the Open Data Directive?

For Explanation:
* If yes, please provide (1) the URL and (2) title of the policy document and (3) briefly describe.
* If ‘other’, please provide (1) a brief explanation to support your answer choice and (2) provide the URL and indicate the policy section which explicitly references open data.",3,0.6832220554351807,0.6832220554351807,0.0,P2,Andmete ja tehisintellekti valge raamat 2024-2030,https://mkm.ee/sites/default/files/documents/2024-02/Tehisintellekti%20ja%20andmete%20valge%20raamat%202024-2030.pdf,debug_estonia_rerun\downloads\P2\doc_6.pdf,pdf,Estonia_P2_33,33,"kodanikel otsustada, kes ja mis eesmärkidel ja tingimustel saab nende andmeid kasutada. Lisaks loob nõusolekuteenus aluse personaalsemateks teenusteks ja loob potentsiaali andmemajanduse edendamiseks. Samas pole inimkeskse andmekorralduse põhimõtted rakendatud - andmejälgijat ei plaani rakendada ega rakenda 70%, nõusolekuteenust 89% ja toiminguid logivad 75% avaliku sektori organis atsioonidest. Samas on 14 https://data.europa.eu/en/publications/open-data-maturity/2023 15 https://oxfordinsights.com/ai-readiness/ai-readiness-index/ 18 antud teenuste vastu suur huvi kasutajate poolelt. Nõusolekuteenust on 2023. aasta seisuga kasutusele võtnud 21 erasektori infosüsteemi ning nõusolekuid on inimesed andnud üle 350 000 korra. Kuigi andmehalduse täht sust on järjest enam teadvustatud, ei hallata andmeid varana - vaid 8% riigiasutustest on juurutanud andmekirjelduse standardi, 28% on kaardistanud kõik oma andmed, põhiandmed on kaardistanud ja kirjeldanud 36% asutustest. Avaliku sektori organisatsioonide andmete kvaliteet on ebaühtlane ning reaktiivne - enamikes andmekogudes reageeritakse andmekvaliteedi probleemidele nende ilmnemisel, puudub süsteemne ja proaktiivne, kasutajate vajadustest lähtuv, andmekvaliteedi haldus. See on omakorda oluliseks väljakutseks kui andmeid soovitakse hakata kasutama väljaspool algse teenuse konteksti, näiteks sündmus teenuste osutamisel , andmepõhises otsustamises või tehisintellekti lahenduste arendamisel. Asjade interneti kasutus Eesti avalikus sektoris 16 on madal. Avaliku sektori organisatsioonidest on peamisteks rakendajateks olnud",180
Estonia,P1,Policy,"Is there a national open data policy in your country and, if your country is an EU Member State, does this include a national legislation for the transposition of the Open Data Directive?

For Explanation:
* If yes, please provide (1) the URL and (2) title of the policy document and (3) briefly describe.
* If ‘other’, please provide (1) a brief explanation to support your answer choice and (2) provide the URL and indicate the policy section which explicitly references open data.","Policy | P1 | Is there a national open data policy in your country and, if your country is an EU Member State, does this include a national legislation for the transposition of the Open Data Directive?

For Explanation:
* If yes, please provide (1) the URL and (2) title of the policy document and (3) briefly describe.
* If ‘other’, please provide (1) a brief explanation to support your answer choice and (2) provide the URL and indicate the policy section which explicitly references open data.",4,0.679741621017456,0.679741621017456,0.0,P2,,https://digikogu.taltech.ee/et/Download/86f50514-87ff-4fb1-9c79-f38c67acb919,debug_estonia_rerun\downloads\P2\doc_8.pdf,pdf,Estonia_P2_136,136,"Kas ja kuidas hoiab teie haldusala ennast kursis muutuvate andmehaldus regulatsioonide ja parimate praktikatega? Kas lähenemine on pigem reaktiivne või proaktiivne? 12. Millised uued trendid või tehnoloogiad võivad andmehaldust teie arvates tulevikus mõjutada? 66 5.3 Appendix 2 - Non-exclusive licence for reproduction and publication of a graduation thesis1 I Liisbeth Laasik 1. Grant Tallinn University of Technology free licence (non -exclusive licence) for my thesis “Data Governance in the Estonian Government Sector: The Motives and Strategies for Implementation”, supervised by Innar Liiv 1.1. to be reproduced for the purposes of preservation and electronic publication of the graduation thesis, incl. to be entered in the digital collection of the library of Tallinn University of Technology until expiry of the term of copyright; 1.2. to be published via the web of Tallinn University of Technology, incl. to be entered in the digital collection of the library of Tallinn University of Technology until expiry of the term of copyright. 2. I am aware that the author also retains the rights specified in clause 1 of the non - exclusive licence. 3. I confirm",180
Estonia,P1,Policy,"Is there a national open data policy in your country and, if your country is an EU Member State, does this include a national legislation for the transposition of the Open Data Directive?

For Explanation:
* If yes, please provide (1) the URL and (2) title of the policy document and (3) briefly describe.
* If ‘other’, please provide (1) a brief explanation to support your answer choice and (2) provide the URL and indicate the policy section which explicitly references open data.","Policy | P1 | Is there a national open data policy in your country and, if your country is an EU Member State, does this include a national legislation for the transposition of the Open Data Directive?

For Explanation:
* If yes, please provide (1) the URL and (2) title of the policy document and (3) briefly describe.
* If ‘other’, please provide (1) a brief explanation to support your answer choice and (2) provide the URL and indicate the policy section which explicitly references open data.",5,0.6718999147415161,0.6718999147415161,0.0,P2,,https://digikogu.taltech.ee/et/Download/86f50514-87ff-4fb1-9c79-f38c67acb919,debug_estonia_rerun\downloads\P2\doc_8.pdf,pdf,Estonia_P2_133,133,"clear and agreed data governance rules and policies? How do they develop? 10. What mechanisms/processes do you have in place to ensure that data is governed according to agreed rules and policies? Data governance perspective 11. How does your administration keep up to date with changing data governance regulations and best practices? 12. What new trends or technologies do you think might impact data governance in the future? 64 Interview questions in Estonian. Küsimused sisulise valitsemisala juhile: Sissejuhatuseks, palun kirjeldage enda sõnadega, mis teie ametipositisoon endast kujutab, mis on teie peamised vastutusalad. Valdkonna eesmärgid ja fookus, olulisemad andmed 1. Mis on hetkel teie valdkondlikud suuremad eesmärgid ja fookus? 2. Millist infot on teil eesmärkide täitmiseks vaja, millised on valdkonna kõige olulisemad andmed? Andmete kasutusjuhud, andmepõhine juhtimine, andmete kvaliteet ja usaldusväärsus 3. Mis on teie valdkonna andmete kõige olulisemad kasutusjuhud? 4. Kas ja kuidas te mõõdate valdkonna arengut ja edukust? 5. Kui olulised on kvaliteetsed ja usaldusväärsed andmed teie valdkonna jaoks? 6. Kuidas hindad olukorda andmete kvaliteediga? Kas see on murekoht Teie valdkonnas? Andmetega seotud probleemid, arengukohad ja perspektiiv. 7. Kas",180
Estonia,P1,Policy,"Is there a national open data policy in your country and, if your country is an EU Member State, does this include a national legislation for the transposition of the Open Data Directive?

For Explanation:
* If yes, please provide (1) the URL and (2) title of the policy document and (3) briefly describe.
* If ‘other’, please provide (1) a brief explanation to support your answer choice and (2) provide the URL and indicate the policy section which explicitly references open data.","Policy | P1 | Is there a national open data policy in your country and, if your country is an EU Member State, does this include a national legislation for the transposition of the Open Data Directive?

For Explanation:
* If yes, please provide (1) the URL and (2) title of the policy document and (3) briefly describe.
* If ‘other’, please provide (1) a brief explanation to support your answer choice and (2) provide the URL and indicate the policy section which explicitly references open data.",6,0.6647801399230957,0.6647801399230957,0.0,P2,Andmete ja tehisintellekti valge raamat 2024-2030,https://mkm.ee/sites/default/files/documents/2024-02/Tehisintellekti%20ja%20andmete%20valge%20raamat%202024-2030.pdf,debug_estonia_rerun\downloads\P2\doc_6.pdf,pdf,Estonia_P2_22,22,"Paljud valitsused ja avaliku sektori asutused on teinud suuri edusamme andmete kättesaadavuse suurendamisel. Avaandmetena on kättesaadavaks tehtud laiaulatuslikke kvaliteetseid andmestikke, mis sisaldavad infot riigi juhtimise, rahastamise, ruumilise asukoha, keskkonna ja muude valdkondade kohta. Kvaliteetsete andmete kättesaadavus soodustab innovatsiooni, majanduskasvu ja läbipaistvust ning võimaldab kodanikel, teadlastel ja ettevõtetel kasutada andmeid paremate otsuste tegemiseks. Euroopa Liidu avaandmete turumahuks hinnatakse 2025. aastaks kuni 334 miljardit eurot. Turumaht kasvab keskmiselt aastas 15,9% ning avaandmed moodustavad 49% kõigist töödeldavast andmetest – omades seeläbi keskset rolli andmepõhises ühiskonnas. Üks silmatorkavamaid suundumusi on tehisintellekti laialdane kasutuselevõtt. Tehisintellektisüsteemid muutuvad üha nutikamaks ja võimekamaks ning võimaldavad automatiseerida protsesse, analüüsida suuri ja keerukaid andmekogumeid, tuvastada mustreid, ennustada tulevasi sündmusi ning teha kvaliteetsemaid otsuseid. Automaatika ja protsesside optimeerimine on viinud tootlikkuse, kvaliteedi ja tarnekindluse suurenemiseni paljudes sektorites. Tehisintellekti laialdane kasutamine võib muuta tööturu dünaamikat ja n õuda tööjõult uusi oskusi ja kohanemi svõimet. Samal ajal on kasvavalt traditsioonilised lihtsa käsitöö põhised töökohad ohus. Viimaste aastate muudatuste valguses ennustatakse kuni 300 miljoni 8 töökoha kadu arenenud riikides. Tehisintellekt on muutnud inimeste suhtlust, igapäevaelu ja haridust, tuues kaasa eetilised dilemmad, nagu algoritmiline eelarvamus,",180
Estonia,P1,Policy,"Is there a national open data policy in your country and, if your country is an EU Member State, does this include a national legislation for the transposition of the Open Data Directive?

For Explanation:
* If yes, please provide (1) the URL and (2) title of the policy document and (3) briefly describe.
* If ‘other’, please provide (1) a brief explanation to support your answer choice and (2) provide the URL and indicate the policy section which explicitly references open data.","Policy | P1 | Is there a national open data policy in your country and, if your country is an EU Member State, does this include a national legislation for the transposition of the Open Data Directive?

For Explanation:
* If yes, please provide (1) the URL and (2) title of the policy document and (3) briefly describe.
* If ‘other’, please provide (1) a brief explanation to support your answer choice and (2) provide the URL and indicate the policy section which explicitly references open data.",7,0.6547179222106934,0.6547179222106934,0.0,P2,Estonia’s Digital Agenda,https://mkm.ee/media/6970/download,debug_estonia_rerun\downloads\P2\doc_4.pdf,pdf,Estonia_P2_61,61,"of data and the state information system. + We support and, where necessary, initiate EU and international activities promoting cross-border and global data sharing and reuse among states and sectors. + We develop and introduce a system of guaranteeing the transparency of the source data of state decisions and analyses, and of calculations. + We initiate and carry out a national privacy technology implementation programme. 24 Estonia’s Digital Agenda 2030 3. Future-proof digital government platforms 68% of Estonian residents would prefer it if all digital services were accessible in a single central state portal. Current situation: + One of the foundations and success factors of the Estonian digital government has been development based on strong platforms, i.e. central infrastructure components and services. This has sped up the development and introduction of digital services throughout the country and society. Existing platforms must constantly be adapted to the development of technology and the needs of users, and developed further. + Digital identity is a good example here. Identity cards and Mobile-ID have withstood the test of time so far and are the",180
Estonia,P1,Policy,"Is there a national open data policy in your country and, if your country is an EU Member State, does this include a national legislation for the transposition of the Open Data Directive?

For Explanation:
* If yes, please provide (1) the URL and (2) title of the policy document and (3) briefly describe.
* If ‘other’, please provide (1) a brief explanation to support your answer choice and (2) provide the URL and indicate the policy section which explicitly references open data.","Policy | P1 | Is there a national open data policy in your country and, if your country is an EU Member State, does this include a national legislation for the transposition of the Open Data Directive?

For Explanation:
* If yes, please provide (1) the URL and (2) title of the policy document and (3) briefly describe.
* If ‘other’, please provide (1) a brief explanation to support your answer choice and (2) provide the URL and indicate the policy section which explicitly references open data.",8,0.6140412092208862,0.6140412092208862,0.0,P2,Estonian data portal | RIA,https://www.ria.ee/en/state-information-system/data-based-governance-and-reuse-data/estonian-data-portal,debug_estonia_rerun\downloads\P2\doc_3.html,html,Estonia_P2_10,10,"secrets. To enable the reuse of data, public sector bodies are required to: provide access to open data in a manner suitable to them in accordance with the Public Information Act, and where possible, in a machine-readable as well as in an open format; publish descriptions of datasets containing both open data and restricted data in the Data Portal. Related links Estonian data portal Instructions of the data portal (in Estonian) Public Information Act Data management guidelines and practices (in Estonian) Data Description Standard (in Estonian) Open data Open data e-trainings European Data Portal Last updated: 06.05.2026 Stay tuned! On social media Information System Authority Pärnu maantee 139a, 15169 Tallinn +372 663 0200 [email protected] Open Mon–Thu 8.30–17.00 and Fri 8.30–15.45 Customer Support Processing of personal data Accessibility Help Cookies",130
Estonia,P13,Policy,"Is there a governance structure in place that enables the participation and/or inclusion of various open data stakeholders? 

For Explanation:
*  If yes, please briefly describe the governance structure and its operating model","Policy | P13 | Is there a governance structure in place that enables the participation and/or inclusion of various open data stakeholders? 

For Explanation:
*  If yes, please briefly describe the governance structure and its operating model",1,0.7455872297286987,0.7455872297286987,0.0,P2,MANAGEMENT STRATEGY?,https://digikogu.taltech.ee/et/Download/da54b67d-17e9-4df0-b5d4-1fff8d77d515,debug_estonia_rerun\downloads\P2\doc_7.pdf,pdf,Estonia_P2_54,54,"the strategy ahead. As of now, open data policies are fragmented, and no coherent system enables smooth cooperation in open data exchange between government agencies. This situation could be solved by establishing detailed, yet comprehensive, guidelines, which would instruct governments on how, where, and under which legal requirements are open data to be published. The disclosure of open data is expected to have several advantages, including boosting innovation and fostering economic growth. Another benefit of open data platforms is that they offer users affordances to inform the policy process, gaining insight and knowledge, and overall participation. Additionally, the disclosure of open data c an ensure the long -term transparency of government information. Information controllers should be prepared to release open data obtained in the course of their tasks in order to support democratic governance and freedom of information. The obligation for Estonian agencies to publish the collected open data derives both from the EU and the national legislature —Directive 2019/1024 on the EU level and the Estonian Public Information Act on the national level. Making open data public for citizens",180
Estonia,P13,Policy,"Is there a governance structure in place that enables the participation and/or inclusion of various open data stakeholders? 

For Explanation:
*  If yes, please briefly describe the governance structure and its operating model","Policy | P13 | Is there a governance structure in place that enables the participation and/or inclusion of various open data stakeholders? 

For Explanation:
*  If yes, please briefly describe the governance structure and its operating model",2,0.7363613843917847,0.7363613843917847,0.0,P2,Andmete ja tehisintellekti valge raamat 2024-2030,https://mkm.ee/sites/default/files/documents/2024-02/Tehisintellekti%20ja%20andmete%20valge%20raamat%202024-2030.pdf,debug_estonia_rerun\downloads\P2\doc_6.pdf,pdf,Estonia_P2_58,58,"andmesubjektil kui ka andmeid valdaval asutusel andmete kasutust tõhusamalt juhtida. Isikul on läbi keskse infoportaali ülevaade, milliste avalike teenuste osutamiseks milliseid andmeid on ametiasutused tema kohta kogunud ning kes ja mis eesmärkidel neid andmeid kasutab. Juhul, kui inimene soovib oma andmeid jagada, oleks tal seda võimalik teha viisil, mis on läbipaistev ja mõistetav, turvaline kui ka säilitab otsustusõiguse. See soodustab ka uuenduslike avalik u ja erasektori partnerluste teket, kus kodanike kaasamine andmete jagamisse aitab kujundada tõhusamaid ja kodanike vajadusi paremini arvestavaid teenuseid. Mitmed tegevussuunad alameesmärgi saavutamiseks keskenduvad ka sellele, et edendada riigiasutustes ja ettevõtetes kõrgetasemelist küberturvalisust, andmehaldust, kvaliteedi - ja riskijuhtimist, teenustele ligipääsetavust ning juurutada praktikaid, mis võimaldaksid inimestele lihtsalt ja arusaadavalt demonstreerida andmekasutust läbi kogu teenuse. Mõõdikud: • Elementaarne andmekirjaoskus (% inimestest): 80%, algtase: NA • Erasektori teenuste (andmete ja TI seonduvalt) kasutamata jätmise arv (% inimestest): TBC, algtase: NA • Avaliku sektori teenuste (andmete ja TI seonduvalt) kasutamata jätmise arv (% inimestest): TBC, algtase: NA 19 Vt täpemalt https://mydata.org/. MyData kontseptsioon viitab ülemaailmsele liikumisele eesmärgiga aidata üksikisikutel hallata ja kasutada oma isiklikke andmeid süsteemselt ja terviklikult. Selle realiseerimisega",180
Estonia,P13,Policy,"Is there a governance structure in place that enables the participation and/or inclusion of various open data stakeholders? 

For Explanation:
*  If yes, please briefly describe the governance structure and its operating model","Policy | P13 | Is there a governance structure in place that enables the participation and/or inclusion of various open data stakeholders? 

For Explanation:
*  If yes, please briefly describe the governance structure and its operating model",3,0.7329378724098206,0.7329378724098206,0.0,P2,MANAGEMENT STRATEGY?,https://digikogu.taltech.ee/et/Download/da54b67d-17e9-4df0-b5d4-1fff8d77d515,debug_estonia_rerun\downloads\P2\doc_7.pdf,pdf,Estonia_P2_13,13,"establish public policy (Napoli & Karaganis, 2010, p. 385) as well as to gain insight into and provide solutions to social issues (Janssen, 2011, p. 45). Open data—i.e., non-personal data generated by public entities—should be opened for all to reuse, free of charge, and without discrimination concern all data which (when published) does not violate the fundamental rights of individuals. Even though states must publish open data, not much of it is being published. The current usage of open data published by the governments is falling behind expectations. Datasets are being released on different platforms with the assumption that these datasets are meant to be used for any purpose and the users will bene fit from them regardless of their intentions (Janssen, 2011, p. 45). This assumption may impair the reuse of open data, as there might not be a connection between context-specific user requirements and data provision (Ruijer et al., 2017, p. 471). States do not have a clear strategy about what should be published and how it should be published. There are currently a variety of open data",180
Estonia,P13,Policy,"Is there a governance structure in place that enables the participation and/or inclusion of various open data stakeholders? 

For Explanation:
*  If yes, please briefly describe the governance structure and its operating model","Policy | P13 | Is there a governance structure in place that enables the participation and/or inclusion of various open data stakeholders? 

For Explanation:
*  If yes, please briefly describe the governance structure and its operating model",4,0.7063974142074585,0.7063974142074585,0.0,P2,Andmete ja tehisintellekti valge raamat 2024-2030,https://mkm.ee/sites/default/files/documents/2024-02/Tehisintellekti%20ja%20andmete%20valge%20raamat%202024-2030.pdf,debug_estonia_rerun\downloads\P2\doc_6.pdf,pdf,Estonia_P2_33,33,"kodanikel otsustada, kes ja mis eesmärkidel ja tingimustel saab nende andmeid kasutada. Lisaks loob nõusolekuteenus aluse personaalsemateks teenusteks ja loob potentsiaali andmemajanduse edendamiseks. Samas pole inimkeskse andmekorralduse põhimõtted rakendatud - andmejälgijat ei plaani rakendada ega rakenda 70%, nõusolekuteenust 89% ja toiminguid logivad 75% avaliku sektori organis atsioonidest. Samas on 14 https://data.europa.eu/en/publications/open-data-maturity/2023 15 https://oxfordinsights.com/ai-readiness/ai-readiness-index/ 18 antud teenuste vastu suur huvi kasutajate poolelt. Nõusolekuteenust on 2023. aasta seisuga kasutusele võtnud 21 erasektori infosüsteemi ning nõusolekuid on inimesed andnud üle 350 000 korra. Kuigi andmehalduse täht sust on järjest enam teadvustatud, ei hallata andmeid varana - vaid 8% riigiasutustest on juurutanud andmekirjelduse standardi, 28% on kaardistanud kõik oma andmed, põhiandmed on kaardistanud ja kirjeldanud 36% asutustest. Avaliku sektori organisatsioonide andmete kvaliteet on ebaühtlane ning reaktiivne - enamikes andmekogudes reageeritakse andmekvaliteedi probleemidele nende ilmnemisel, puudub süsteemne ja proaktiivne, kasutajate vajadustest lähtuv, andmekvaliteedi haldus. See on omakorda oluliseks väljakutseks kui andmeid soovitakse hakata kasutama väljaspool algse teenuse konteksti, näiteks sündmus teenuste osutamisel , andmepõhises otsustamises või tehisintellekti lahenduste arendamisel. Asjade interneti kasutus Eesti avalikus sektoris 16 on madal. Avaliku sektori organisatsioonidest on peamisteks rakendajateks olnud",180
Estonia,P13,Policy,"Is there a governance structure in place that enables the participation and/or inclusion of various open data stakeholders? 

For Explanation:
*  If yes, please briefly describe the governance structure and its operating model","Policy | P13 | Is there a governance structure in place that enables the participation and/or inclusion of various open data stakeholders? 

For Explanation:
*  If yes, please briefly describe the governance structure and its operating model",5,0.6769174337387085,0.6769174337387085,0.0,P2,,https://digikogu.taltech.ee/et/Download/86f50514-87ff-4fb1-9c79-f38c67acb919,debug_estonia_rerun\downloads\P2\doc_8.pdf,pdf,Estonia_P2_4,4,"well as the motives for implementing its framework, processes and activities in government organizations. The thesis also outlines the steps that need to be followed to successfully implement data governance in a government organization, while drawing attention to the existing shortcomings that can be addressed by national policy makers. This study contributes to increasing the Estonian public sector data governance knowledge and supports the successful implementation of new data governance practices, which are in line with guidelines of the European Commission (EC). Keywords: data governance, data management, public sector, government sector This thesis is written in English and is 66 pages long, including 5 chapters, 3 figures and 2 tables. Abstract 6 Kasvavad andmemahud avaldavad survet avalikule sektorile süstemaatiliselt keskenduda andmehaldusele, et tagada andmete kvaliteet, turvalisus ja kättesaadavus ning suurendada andmete maksimaalset väärtust kogu nende elutsükli jooksul. Andmete taaskasutuse ja koostalitlusvõime põhimõtted nõuavad Eesti valitsussektorilt ühtset ja koordineeritud lähenemist andme te haldusele , mille tulemusena vajavad mitmed asutuse d mõtteviisi, praktikate ja protsesside muutust. Käesoleva lõputöö eesmärk on tuvastada ja kirjeldada väärtust, mida andmehaldus Eesti valitsussektorile toob, ning kaardistada strateegiad,",180
Estonia,P13,Policy,"Is there a governance structure in place that enables the participation and/or inclusion of various open data stakeholders? 

For Explanation:
*  If yes, please briefly describe the governance structure and its operating model","Policy | P13 | Is there a governance structure in place that enables the participation and/or inclusion of various open data stakeholders? 

For Explanation:
*  If yes, please briefly describe the governance structure and its operating model",6,0.6706281304359436,0.6706281304359436,0.0,P2,,https://digikogu.taltech.ee/et/Download/86f50514-87ff-4fb1-9c79-f38c67acb919,debug_estonia_rerun\downloads\P2\doc_8.pdf,pdf,Estonia_P2_136,136,"Kas ja kuidas hoiab teie haldusala ennast kursis muutuvate andmehaldus regulatsioonide ja parimate praktikatega? Kas lähenemine on pigem reaktiivne või proaktiivne? 12. Millised uued trendid või tehnoloogiad võivad andmehaldust teie arvates tulevikus mõjutada? 66 5.3 Appendix 2 - Non-exclusive licence for reproduction and publication of a graduation thesis1 I Liisbeth Laasik 1. Grant Tallinn University of Technology free licence (non -exclusive licence) for my thesis “Data Governance in the Estonian Government Sector: The Motives and Strategies for Implementation”, supervised by Innar Liiv 1.1. to be reproduced for the purposes of preservation and electronic publication of the graduation thesis, incl. to be entered in the digital collection of the library of Tallinn University of Technology until expiry of the term of copyright; 1.2. to be published via the web of Tallinn University of Technology, incl. to be entered in the digital collection of the library of Tallinn University of Technology until expiry of the term of copyright. 2. I am aware that the author also retains the rights specified in clause 1 of the non - exclusive licence. 3. I confirm",180
Estonia,P13,Policy,"Is there a governance structure in place that enables the participation and/or inclusion of various open data stakeholders? 

For Explanation:
*  If yes, please briefly describe the governance structure and its operating model","Policy | P13 | Is there a governance structure in place that enables the participation and/or inclusion of various open data stakeholders? 

For Explanation:
*  If yes, please briefly describe the governance structure and its operating model",7,0.629848062992096,0.629848062992096,0.0,P2,Estonian data portal | RIA,https://www.ria.ee/en/state-information-system/data-based-governance-and-reuse-data/estonian-data-portal,debug_estonia_rerun\downloads\P2\doc_3.html,html,Estonia_P2_9,9,"will be able to make data-driven decisions and reduce the costs associated with duplicated data collection and responding to queries; students and researchers can use the data for research and for developing new solutions and technologies; companies can develop new business models, products, and services based on open data; the media can rely on high-quality information, thereby raising public awareness and promoting transparent governance; citizens gain a better understanding of how the state functions and use applications relying on open data to make their daily lives easier. Access to data subject to restrictions is limited in accordance with the procedure laid down by law, but such data may also be reused under certain conditions, for example, to avoid multiple requests for the same data. Examples of data with restricted access include: personal data; information relating to business, trade, and corporate secrets. To enable the reuse of data, public sector bodies are required to: provide access to open data in a manner suitable to them in accordance with the Public Information Act, and where possible, in a machine-readable as well as",180
Estonia,P13,Policy,"Is there a governance structure in place that enables the participation and/or inclusion of various open data stakeholders? 

For Explanation:
*  If yes, please briefly describe the governance structure and its operating model","Policy | P13 | Is there a governance structure in place that enables the participation and/or inclusion of various open data stakeholders? 

For Explanation:
*  If yes, please briefly describe the governance structure and its operating model",8,0.6225536465644836,0.6225536465644836,0.0,P1,Avaleht | Rahandusministeerium,https://fin.ee/,debug_estonia_rerun\downloads\P1\doc_1.html,html,Estonia_P1_8,8,"saab vastuse. ESITA IDEE Tänapäevase poliitikakujundamise oluline osa on kaasamine, et anda erinevatele huvigruppidele võimalused kaasa rääkida ja otsustusprotsessides osaleda. LOE ROHKEM Püsi kursis! Jälgi meid sotsiaalmeedias, jagame operatiivset infot rahanduse teemadel. Jälgi meid! Rahandusministeerium Suur-Ameerika 1, 10122 Tallinn +372 611 3558 [email protected] Avatud E-N 8.30-17.00 ja R 8.00-15.45 Privaatsussätted Juurdepääsetavus Küpsised",53
Estonia,P16,Policy,"To what degree do local/regional public bodies conduct open data initiatives? 

For Explanation:
* If not applicable, please explain why.","Policy | P16 | To what degree do local/regional public bodies conduct open data initiatives? 

For Explanation:
* If not applicable, please explain why.",1,0.7682463526725769,0.7682463526725769,0.0,P2,MANAGEMENT STRATEGY?,https://digikogu.taltech.ee/et/Download/da54b67d-17e9-4df0-b5d4-1fff8d77d515,debug_estonia_rerun\downloads\P2\doc_7.pdf,pdf,Estonia_P2_13,13,"establish public policy (Napoli & Karaganis, 2010, p. 385) as well as to gain insight into and provide solutions to social issues (Janssen, 2011, p. 45). Open data—i.e., non-personal data generated by public entities—should be opened for all to reuse, free of charge, and without discrimination concern all data which (when published) does not violate the fundamental rights of individuals. Even though states must publish open data, not much of it is being published. The current usage of open data published by the governments is falling behind expectations. Datasets are being released on different platforms with the assumption that these datasets are meant to be used for any purpose and the users will bene fit from them regardless of their intentions (Janssen, 2011, p. 45). This assumption may impair the reuse of open data, as there might not be a connection between context-specific user requirements and data provision (Ruijer et al., 2017, p. 471). States do not have a clear strategy about what should be published and how it should be published. There are currently a variety of open data",180
Estonia,P16,Policy,"To what degree do local/regional public bodies conduct open data initiatives? 

For Explanation:
* If not applicable, please explain why.","Policy | P16 | To what degree do local/regional public bodies conduct open data initiatives? 

For Explanation:
* If not applicable, please explain why.",2,0.7487042546272278,0.7487042546272278,0.0,P2,MANAGEMENT STRATEGY?,https://digikogu.taltech.ee/et/Download/da54b67d-17e9-4df0-b5d4-1fff8d77d515,debug_estonia_rerun\downloads\P2\doc_7.pdf,pdf,Estonia_P2_49,49,"time being, national open data policies are fragmented both at national level and the EU level, even though the Directive calls for harmonization. Public data policies should be the object of intensified comparative research, which would essentially facilitate the creation of a unified 20 system for disclosing open data. Without a central framework, which maybe should be published on the EU level, it is difficul t to create a coherent system. With the EU level framework, the Member States could create a similar system for disclosing open data that could later be accessed by users, which could be beneficial on different levels, including economic. This framework could also establish guidelines on how and to which extent personal data ought to be anonymized before publishing. 6.2 Increasing the number and the extent of citizens’ access to databases Currently there are different and partly overlapping databases grant ing access to open data. Supplementing the first proposal, and assuming the successful establishment of a framework binding all EU Member States, a next step would be enhancing the structures of databases. The Estonian example",180
Estonia,P16,Policy,"To what degree do local/regional public bodies conduct open data initiatives? 

For Explanation:
* If not applicable, please explain why.","Policy | P16 | To what degree do local/regional public bodies conduct open data initiatives? 

For Explanation:
* If not applicable, please explain why.",3,0.7286852598190308,0.7286852598190308,0.0,P2,Andmete ja tehisintellekti valge raamat 2024-2030,https://mkm.ee/sites/default/files/documents/2024-02/Tehisintellekti%20ja%20andmete%20valge%20raamat%202024-2030.pdf,debug_estonia_rerun\downloads\P2\doc_6.pdf,pdf,Estonia_P2_33,33,"kodanikel otsustada, kes ja mis eesmärkidel ja tingimustel saab nende andmeid kasutada. Lisaks loob nõusolekuteenus aluse personaalsemateks teenusteks ja loob potentsiaali andmemajanduse edendamiseks. Samas pole inimkeskse andmekorralduse põhimõtted rakendatud - andmejälgijat ei plaani rakendada ega rakenda 70%, nõusolekuteenust 89% ja toiminguid logivad 75% avaliku sektori organis atsioonidest. Samas on 14 https://data.europa.eu/en/publications/open-data-maturity/2023 15 https://oxfordinsights.com/ai-readiness/ai-readiness-index/ 18 antud teenuste vastu suur huvi kasutajate poolelt. Nõusolekuteenust on 2023. aasta seisuga kasutusele võtnud 21 erasektori infosüsteemi ning nõusolekuid on inimesed andnud üle 350 000 korra. Kuigi andmehalduse täht sust on järjest enam teadvustatud, ei hallata andmeid varana - vaid 8% riigiasutustest on juurutanud andmekirjelduse standardi, 28% on kaardistanud kõik oma andmed, põhiandmed on kaardistanud ja kirjeldanud 36% asutustest. Avaliku sektori organisatsioonide andmete kvaliteet on ebaühtlane ning reaktiivne - enamikes andmekogudes reageeritakse andmekvaliteedi probleemidele nende ilmnemisel, puudub süsteemne ja proaktiivne, kasutajate vajadustest lähtuv, andmekvaliteedi haldus. See on omakorda oluliseks väljakutseks kui andmeid soovitakse hakata kasutama väljaspool algse teenuse konteksti, näiteks sündmus teenuste osutamisel , andmepõhises otsustamises või tehisintellekti lahenduste arendamisel. Asjade interneti kasutus Eesti avalikus sektoris 16 on madal. Avaliku sektori organisatsioonidest on peamisteks rakendajateks olnud",180
Estonia,P16,Policy,"To what degree do local/regional public bodies conduct open data initiatives? 

For Explanation:
* If not applicable, please explain why.","Policy | P16 | To what degree do local/regional public bodies conduct open data initiatives? 

For Explanation:
* If not applicable, please explain why.",4,0.7261055111885071,0.7261055111885071,0.0,P2,Andmete ja tehisintellekti valge raamat 2024-2030,https://mkm.ee/sites/default/files/documents/2024-02/Tehisintellekti%20ja%20andmete%20valge%20raamat%202024-2030.pdf,debug_estonia_rerun\downloads\P2\doc_6.pdf,pdf,Estonia_P2_58,58,"andmesubjektil kui ka andmeid valdaval asutusel andmete kasutust tõhusamalt juhtida. Isikul on läbi keskse infoportaali ülevaade, milliste avalike teenuste osutamiseks milliseid andmeid on ametiasutused tema kohta kogunud ning kes ja mis eesmärkidel neid andmeid kasutab. Juhul, kui inimene soovib oma andmeid jagada, oleks tal seda võimalik teha viisil, mis on läbipaistev ja mõistetav, turvaline kui ka säilitab otsustusõiguse. See soodustab ka uuenduslike avalik u ja erasektori partnerluste teket, kus kodanike kaasamine andmete jagamisse aitab kujundada tõhusamaid ja kodanike vajadusi paremini arvestavaid teenuseid. Mitmed tegevussuunad alameesmärgi saavutamiseks keskenduvad ka sellele, et edendada riigiasutustes ja ettevõtetes kõrgetasemelist küberturvalisust, andmehaldust, kvaliteedi - ja riskijuhtimist, teenustele ligipääsetavust ning juurutada praktikaid, mis võimaldaksid inimestele lihtsalt ja arusaadavalt demonstreerida andmekasutust läbi kogu teenuse. Mõõdikud: • Elementaarne andmekirjaoskus (% inimestest): 80%, algtase: NA • Erasektori teenuste (andmete ja TI seonduvalt) kasutamata jätmise arv (% inimestest): TBC, algtase: NA • Avaliku sektori teenuste (andmete ja TI seonduvalt) kasutamata jätmise arv (% inimestest): TBC, algtase: NA 19 Vt täpemalt https://mydata.org/. MyData kontseptsioon viitab ülemaailmsele liikumisele eesmärgiga aidata üksikisikutel hallata ja kasutada oma isiklikke andmeid süsteemselt ja terviklikult. Selle realiseerimisega",180
Estonia,P16,Policy,"To what degree do local/regional public bodies conduct open data initiatives? 

For Explanation:
* If not applicable, please explain why.","Policy | P16 | To what degree do local/regional public bodies conduct open data initiatives? 

For Explanation:
* If not applicable, please explain why.",5,0.7139490842819214,0.7139490842819214,0.0,P2,,https://digikogu.taltech.ee/et/Download/86f50514-87ff-4fb1-9c79-f38c67acb919,debug_estonia_rerun\downloads\P2\doc_8.pdf,pdf,Estonia_P2_136,136,"Kas ja kuidas hoiab teie haldusala ennast kursis muutuvate andmehaldus regulatsioonide ja parimate praktikatega? Kas lähenemine on pigem reaktiivne või proaktiivne? 12. Millised uued trendid või tehnoloogiad võivad andmehaldust teie arvates tulevikus mõjutada? 66 5.3 Appendix 2 - Non-exclusive licence for reproduction and publication of a graduation thesis1 I Liisbeth Laasik 1. Grant Tallinn University of Technology free licence (non -exclusive licence) for my thesis “Data Governance in the Estonian Government Sector: The Motives and Strategies for Implementation”, supervised by Innar Liiv 1.1. to be reproduced for the purposes of preservation and electronic publication of the graduation thesis, incl. to be entered in the digital collection of the library of Tallinn University of Technology until expiry of the term of copyright; 1.2. to be published via the web of Tallinn University of Technology, incl. to be entered in the digital collection of the library of Tallinn University of Technology until expiry of the term of copyright. 2. I am aware that the author also retains the rights specified in clause 1 of the non - exclusive licence. 3. I confirm",180
Estonia,P16,Policy,"To what degree do local/regional public bodies conduct open data initiatives? 

For Explanation:
* If not applicable, please explain why.","Policy | P16 | To what degree do local/regional public bodies conduct open data initiatives? 

For Explanation:
* If not applicable, please explain why.",6,0.6945228576660156,0.6945228576660156,0.0,P2,,https://digikogu.taltech.ee/et/Download/86f50514-87ff-4fb1-9c79-f38c67acb919,debug_estonia_rerun\downloads\P2\doc_8.pdf,pdf,Estonia_P2_4,4,"well as the motives for implementing its framework, processes and activities in government organizations. The thesis also outlines the steps that need to be followed to successfully implement data governance in a government organization, while drawing attention to the existing shortcomings that can be addressed by national policy makers. This study contributes to increasing the Estonian public sector data governance knowledge and supports the successful implementation of new data governance practices, which are in line with guidelines of the European Commission (EC). Keywords: data governance, data management, public sector, government sector This thesis is written in English and is 66 pages long, including 5 chapters, 3 figures and 2 tables. Abstract 6 Kasvavad andmemahud avaldavad survet avalikule sektorile süstemaatiliselt keskenduda andmehaldusele, et tagada andmete kvaliteet, turvalisus ja kättesaadavus ning suurendada andmete maksimaalset väärtust kogu nende elutsükli jooksul. Andmete taaskasutuse ja koostalitlusvõime põhimõtted nõuavad Eesti valitsussektorilt ühtset ja koordineeritud lähenemist andme te haldusele , mille tulemusena vajavad mitmed asutuse d mõtteviisi, praktikate ja protsesside muutust. Käesoleva lõputöö eesmärk on tuvastada ja kirjeldada väärtust, mida andmehaldus Eesti valitsussektorile toob, ning kaardistada strateegiad,",180
Estonia,P16,Policy,"To what degree do local/regional public bodies conduct open data initiatives? 

For Explanation:
* If not applicable, please explain why.","Policy | P16 | To what degree do local/regional public bodies conduct open data initiatives? 

For Explanation:
* If not applicable, please explain why.",7,0.6784181594848633,0.6784181594848633,0.0,P2,Estonian data portal | RIA,https://www.ria.ee/en/state-information-system/data-based-governance-and-reuse-data/estonian-data-portal,debug_estonia_rerun\downloads\P2\doc_3.html,html,Estonia_P2_9,9,"will be able to make data-driven decisions and reduce the costs associated with duplicated data collection and responding to queries; students and researchers can use the data for research and for developing new solutions and technologies; companies can develop new business models, products, and services based on open data; the media can rely on high-quality information, thereby raising public awareness and promoting transparent governance; citizens gain a better understanding of how the state functions and use applications relying on open data to make their daily lives easier. Access to data subject to restrictions is limited in accordance with the procedure laid down by law, but such data may also be reused under certain conditions, for example, to avoid multiple requests for the same data. Examples of data with restricted access include: personal data; information relating to business, trade, and corporate secrets. To enable the reuse of data, public sector bodies are required to: provide access to open data in a manner suitable to them in accordance with the Public Information Act, and where possible, in a machine-readable as well as",180
Estonia,P16,Policy,"To what degree do local/regional public bodies conduct open data initiatives? 

For Explanation:
* If not applicable, please explain why.","Policy | P16 | To what degree do local/regional public bodies conduct open data initiatives? 

For Explanation:
* If not applicable, please explain why.",8,0.6327497363090515,0.6327497363090515,0.0,P2,Estonian data portal | RIA,https://www.ria.ee/en/state-information-system/data-based-governance-and-reuse-data/estonian-data-portal,debug_estonia_rerun\downloads\P2\doc_3.html,html,Estonia_P2_10,10,"secrets. To enable the reuse of data, public sector bodies are required to: provide access to open data in a manner suitable to them in accordance with the Public Information Act, and where possible, in a machine-readable as well as in an open format; publish descriptions of datasets containing both open data and restricted data in the Data Portal. Related links Estonian data portal Instructions of the data portal (in Estonian) Public Information Act Data management guidelines and practices (in Estonian) Data Description Standard (in Estonian) Open data Open data e-trainings European Data Portal Last updated: 06.05.2026 Stay tuned! On social media Information System Authority Pärnu maantee 139a, 15169 Tallinn +372 663 0200 [email protected] Open Mon–Thu 8.30–17.00 and Fri 8.30–15.45 Customer Support Processing of personal data Accessibility Help Cookies",130
Estonia,P2,Policy,"Is there a national open data strategy in your country?

For Explanation:
* If yes, please provide (1) the URL to the strategy and (2) describe the main highlights.  
* If 'not applicable', please provide (1) a brief explanation to support your answer choice and provide (2) the URL and indicate the policy section which explicitly references objectives, actions/measures, delivery timelines etc.","Policy | P2 | Is there a national open data strategy in your country?

For Explanation:
* If yes, please provide (1) the URL to the strategy and (2) describe the main highlights.  
* If 'not applicable', please provide (1) a brief explanation to support your answer choice and provide (2) the URL and indicate the policy section which explicitly references objectives, actions/measures, delivery timelines etc.",1,0.7101882696151733,0.7101882696151733,0.0,P2,MANAGEMENT STRATEGY?,https://digikogu.taltech.ee/et/Download/da54b67d-17e9-4df0-b5d4-1fff8d77d515,debug_estonia_rerun\downloads\P2\doc_7.pdf,pdf,Estonia_P2_49,49,"time being, national open data policies are fragmented both at national level and the EU level, even though the Directive calls for harmonization. Public data policies should be the object of intensified comparative research, which would essentially facilitate the creation of a unified 20 system for disclosing open data. Without a central framework, which maybe should be published on the EU level, it is difficul t to create a coherent system. With the EU level framework, the Member States could create a similar system for disclosing open data that could later be accessed by users, which could be beneficial on different levels, including economic. This framework could also establish guidelines on how and to which extent personal data ought to be anonymized before publishing. 6.2 Increasing the number and the extent of citizens’ access to databases Currently there are different and partly overlapping databases grant ing access to open data. Supplementing the first proposal, and assuming the successful establishment of a framework binding all EU Member States, a next step would be enhancing the structures of databases. The Estonian example",180
Estonia,P2,Policy,"Is there a national open data strategy in your country?

For Explanation:
* If yes, please provide (1) the URL to the strategy and (2) describe the main highlights.  
* If 'not applicable', please provide (1) a brief explanation to support your answer choice and provide (2) the URL and indicate the policy section which explicitly references objectives, actions/measures, delivery timelines etc.","Policy | P2 | Is there a national open data strategy in your country?

For Explanation:
* If yes, please provide (1) the URL to the strategy and (2) describe the main highlights.  
* If 'not applicable', please provide (1) a brief explanation to support your answer choice and provide (2) the URL and indicate the policy section which explicitly references objectives, actions/measures, delivery timelines etc.",2,0.7101491093635559,0.7101491093635559,0.0,P2,MANAGEMENT STRATEGY?,https://digikogu.taltech.ee/et/Download/da54b67d-17e9-4df0-b5d4-1fff8d77d515,debug_estonia_rerun\downloads\P2\doc_7.pdf,pdf,Estonia_P2_54,54,"the strategy ahead. As of now, open data policies are fragmented, and no coherent system enables smooth cooperation in open data exchange between government agencies. This situation could be solved by establishing detailed, yet comprehensive, guidelines, which would instruct governments on how, where, and under which legal requirements are open data to be published. The disclosure of open data is expected to have several advantages, including boosting innovation and fostering economic growth. Another benefit of open data platforms is that they offer users affordances to inform the policy process, gaining insight and knowledge, and overall participation. Additionally, the disclosure of open data c an ensure the long -term transparency of government information. Information controllers should be prepared to release open data obtained in the course of their tasks in order to support democratic governance and freedom of information. The obligation for Estonian agencies to publish the collected open data derives both from the EU and the national legislature —Directive 2019/1024 on the EU level and the Estonian Public Information Act on the national level. Making open data public for citizens",180
Estonia,P2,Policy,"Is there a national open data strategy in your country?

For Explanation:
* If yes, please provide (1) the URL to the strategy and (2) describe the main highlights.  
* If 'not applicable', please provide (1) a brief explanation to support your answer choice and provide (2) the URL and indicate the policy section which explicitly references objectives, actions/measures, delivery timelines etc.","Policy | P2 | Is there a national open data strategy in your country?

For Explanation:
* If yes, please provide (1) the URL to the strategy and (2) describe the main highlights.  
* If 'not applicable', please provide (1) a brief explanation to support your answer choice and provide (2) the URL and indicate the policy section which explicitly references objectives, actions/measures, delivery timelines etc.",3,0.6618543863296509,0.6618543863296509,0.0,P2,,https://digikogu.taltech.ee/et/Download/86f50514-87ff-4fb1-9c79-f38c67acb919,debug_estonia_rerun\downloads\P2\doc_8.pdf,pdf,Estonia_P2_136,136,"Kas ja kuidas hoiab teie haldusala ennast kursis muutuvate andmehaldus regulatsioonide ja parimate praktikatega? Kas lähenemine on pigem reaktiivne või proaktiivne? 12. Millised uued trendid või tehnoloogiad võivad andmehaldust teie arvates tulevikus mõjutada? 66 5.3 Appendix 2 - Non-exclusive licence for reproduction and publication of a graduation thesis1 I Liisbeth Laasik 1. Grant Tallinn University of Technology free licence (non -exclusive licence) for my thesis “Data Governance in the Estonian Government Sector: The Motives and Strategies for Implementation”, supervised by Innar Liiv 1.1. to be reproduced for the purposes of preservation and electronic publication of the graduation thesis, incl. to be entered in the digital collection of the library of Tallinn University of Technology until expiry of the term of copyright; 1.2. to be published via the web of Tallinn University of Technology, incl. to be entered in the digital collection of the library of Tallinn University of Technology until expiry of the term of copyright. 2. I am aware that the author also retains the rights specified in clause 1 of the non - exclusive licence. 3. I confirm",180
Estonia,P2,Policy,"Is there a national open data strategy in your country?

For Explanation:
* If yes, please provide (1) the URL to the strategy and (2) describe the main highlights.  
* If 'not applicable', please provide (1) a brief explanation to support your answer choice and provide (2) the URL and indicate the policy section which explicitly references objectives, actions/measures, delivery timelines etc.","Policy | P2 | Is there a national open data strategy in your country?

For Explanation:
* If yes, please provide (1) the URL to the strategy and (2) describe the main highlights.  
* If 'not applicable', please provide (1) a brief explanation to support your answer choice and provide (2) the URL and indicate the policy section which explicitly references objectives, actions/measures, delivery timelines etc.",4,0.654093325138092,0.654093325138092,0.0,P2,Andmete ja tehisintellekti valge raamat 2024-2030,https://mkm.ee/sites/default/files/documents/2024-02/Tehisintellekti%20ja%20andmete%20valge%20raamat%202024-2030.pdf,debug_estonia_rerun\downloads\P2\doc_6.pdf,pdf,Estonia_P2_89,89,"ja oskama andmeid organisatsiooni kasuks tööle panna. Otsustustasanditel tuleb arvestada, et andmekasutusest lähtuv positiivne mõju ilmneb alles siis kui kriitiline hulk andmeid on saavutanud piisava küpsustaseme ja neid kasutatakse. 43 6.2 Krativäeline riik ja ühiskond 6.2.1. Avalik sektor Aastaks 2030 on tulemus: • Eestis saab avaliku sektoriga kõik asjad aetud tehisintellektil põhinevate lahenduste ja vestluskrattide võrgustiku abil. Nii saab kasutaja tarbida kõiki avalikke teenuseid ilma eriteadmisteta, kasutades selleks mistahes enam levinud suhtlusviisi või kanalit ja seadet; • Eesti avaliku sektori töötajad omavad ajakohaseid teadmisi tehisintellektist, sellega kaasnevatest riskidest, võimalustest ja rakendamisega seotud põhimõtetest; • Tagatud on süsteemne lähenemine TI valdkonnale ning loodud valdkonna eest vastutavad rollid kõigis haldusalades ja asutustes ning kavandatud valdkonnaga seotud transformatsiooni jaoks vajalikud tegevused; • Eesti avalik sektor on eesrinnas tehisintellekti rakendamisel, lähtudes sealhulgas investeeringute majanduslikku mõju, panust organisatsiooni ja riigi edukasse toimimisse ning säästva arengu eesmärke. Tulemuste saavutamiseks teeme järgnevat: • Kõigis avaliku sektori organisatsioonides on vajalik luua TI rakendamise plaan ja kavandada selle elluviimine. Vähemalt ministeeriumite tasemel on vajalik määrata valdkonna eest vastutav isik hiljemalt 2025. aastaks; • Loome andmete ja TI kompetentsikeskuse, mis",180
Estonia,P2,Policy,"Is there a national open data strategy in your country?

For Explanation:
* If yes, please provide (1) the URL to the strategy and (2) describe the main highlights.  
* If 'not applicable', please provide (1) a brief explanation to support your answer choice and provide (2) the URL and indicate the policy section which explicitly references objectives, actions/measures, delivery timelines etc.","Policy | P2 | Is there a national open data strategy in your country?

For Explanation:
* If yes, please provide (1) the URL to the strategy and (2) describe the main highlights.  
* If 'not applicable', please provide (1) a brief explanation to support your answer choice and provide (2) the URL and indicate the policy section which explicitly references objectives, actions/measures, delivery timelines etc.",5,0.6469827890396118,0.6469827890396118,0.0,P2,,https://digikogu.taltech.ee/et/Download/86f50514-87ff-4fb1-9c79-f38c67acb919,debug_estonia_rerun\downloads\P2\doc_8.pdf,pdf,Estonia_P2_113,113,"public sector, the needs of national statistics could be considered before starting the development process. 5. Create interest in data governance and management by talking about the opportunities and practical examples at top management level in the public sector institutions. 6. Distinguish between data governance and data management in Estonian terminology and communicate the difference to Estonian public sector institutions. The recommendations that originate from practitioners, would help create a better common understanding of the need for data governance and would support its wider implementation in the Estonian public sector. In conclusion, the implementation of data governance in Estonian government sector is at an early stage, which creates several challenges for practitioners. However, the author believes that a wider explanation of the value of data governance will help and give momentum to its smoother and broader implementation, that will not only benefit the government institutions in the performance of their duties, but also reflects the quality of services provided to citizens and businesses. 5.1 Future research Implementation of data governance in the Estonian public sector has potential for future research.",180
Estonia,P2,Policy,"Is there a national open data strategy in your country?

For Explanation:
* If yes, please provide (1) the URL to the strategy and (2) describe the main highlights.  
* If 'not applicable', please provide (1) a brief explanation to support your answer choice and provide (2) the URL and indicate the policy section which explicitly references objectives, actions/measures, delivery timelines etc.","Policy | P2 | Is there a national open data strategy in your country?

For Explanation:
* If yes, please provide (1) the URL to the strategy and (2) describe the main highlights.  
* If 'not applicable', please provide (1) a brief explanation to support your answer choice and provide (2) the URL and indicate the policy section which explicitly references objectives, actions/measures, delivery timelines etc.",6,0.640681803226471,0.640681803226471,0.0,P2,Andmete ja tehisintellekti valge raamat 2024-2030,https://mkm.ee/sites/default/files/documents/2024-02/Tehisintellekti%20ja%20andmete%20valge%20raamat%202024-2030.pdf,debug_estonia_rerun\downloads\P2\doc_6.pdf,pdf,Estonia_P2_108,108,"lõpetada digitaalseid teenuseid, mida riik talle pakub. • Inimkeskset andmehaldust, andmetöötluse kvaliteedijuhtimist ja küberturvalisust toetavate standardite, juhiste, mõjuhinnangu vormide jm tugimaterjali pakkumine ja tutvustamine asutustele. • Avaliku sektori asutustele toe pakkumine läbi kesksete avalike teenuste nagu andmepaneel ja -liivakast. • Kompetentsikeskuste kaudu tehnilise, organisatoorse ja juriidilise iseloomuga toe pakkumine tagamaks, et andmepõhised teenused oleksid kvaliteetsed ning vastaksid neile seatud nõuetele. • Kompetentside ja andmekirjaoskuse kasvatamisega seotud tegevused (täpsemalt käsitletud alaptk-s 6.3.4). Taust: Nii “Eesti digiühiskond 2030 arengukava” kui ""Eesti 2035"" strateegia märgivad ühe eesmärgina usaldusväärse ja inimkeskse riigi, kus valitseb usaldus riigi institutsioonide vastu ning kus mugavad e -teenused on laialdaselt kättesaadavad. Kuigi Eesti digiriigi vastu on kasutajatel olnud üldiselt kõrge usaldus, siis see pole garanteeritud. Selleks, et digilahendused ja andmetöötlus püsiksid usaldusväärsed ning ei kujuneks digitaalne lõhe (digilahenduste mittekasutajate või neis kõhklejate osakaalu kasv), peab olema tagatud andmetöötluse läbipaistvus, inimeste kontroll oma andmete üle ning õi guspärane ja turvaline andmete taaskas utus. See ka eeldab, et andmete töötlemisel laiemalt on läbivalt kaalutud ja edendatud väärtusi nagu inimväärikus, õiglus, võrdne kohtlemine ning privaatsus. Need on kesksed eeldused selleks, et realiseerida",180
Estonia,P2,Policy,"Is there a national open data strategy in your country?

For Explanation:
* If yes, please provide (1) the URL to the strategy and (2) describe the main highlights.  
* If 'not applicable', please provide (1) a brief explanation to support your answer choice and provide (2) the URL and indicate the policy section which explicitly references objectives, actions/measures, delivery timelines etc.","Policy | P2 | Is there a national open data strategy in your country?

For Explanation:
* If yes, please provide (1) the URL to the strategy and (2) describe the main highlights.  
* If 'not applicable', please provide (1) a brief explanation to support your answer choice and provide (2) the URL and indicate the policy section which explicitly references objectives, actions/measures, delivery timelines etc.",7,0.6153247952461243,0.6153247952461243,0.0,P2,Estonia’s Digital Agenda,https://mkm.ee/media/6970/download,debug_estonia_rerun\downloads\P2\doc_4.pdf,pdf,Estonia_P2_61,61,"of data and the state information system. + We support and, where necessary, initiate EU and international activities promoting cross-border and global data sharing and reuse among states and sectors. + We develop and introduce a system of guaranteeing the transparency of the source data of state decisions and analyses, and of calculations. + We initiate and carry out a national privacy technology implementation programme. 24 Estonia’s Digital Agenda 2030 3. Future-proof digital government platforms 68% of Estonian residents would prefer it if all digital services were accessible in a single central state portal. Current situation: + One of the foundations and success factors of the Estonian digital government has been development based on strong platforms, i.e. central infrastructure components and services. This has sped up the development and introduction of digital services throughout the country and society. Existing platforms must constantly be adapted to the development of technology and the needs of users, and developed further. + Digital identity is a good example here. Identity cards and Mobile-ID have withstood the test of time so far and are the",180
Estonia,P2,Policy,"Is there a national open data strategy in your country?

For Explanation:
* If yes, please provide (1) the URL to the strategy and (2) describe the main highlights.  
* If 'not applicable', please provide (1) a brief explanation to support your answer choice and provide (2) the URL and indicate the policy section which explicitly references objectives, actions/measures, delivery timelines etc.","Policy | P2 | Is there a national open data strategy in your country?

For Explanation:
* If yes, please provide (1) the URL to the strategy and (2) describe the main highlights.  
* If 'not applicable', please provide (1) a brief explanation to support your answer choice and provide (2) the URL and indicate the policy section which explicitly references objectives, actions/measures, delivery timelines etc.",8,0.5981441736221313,0.5981441736221313,0.0,P2,Estonian data portal | RIA,https://www.ria.ee/en/state-information-system/data-based-governance-and-reuse-data/estonian-data-portal,debug_estonia_rerun\downloads\P2\doc_3.html,html,Estonia_P2_9,9,"will be able to make data-driven decisions and reduce the costs associated with duplicated data collection and responding to queries; students and researchers can use the data for research and for developing new solutions and technologies; companies can develop new business models, products, and services based on open data; the media can rely on high-quality information, thereby raising public awareness and promoting transparent governance; citizens gain a better understanding of how the state functions and use applications relying on open data to make their daily lives easier. Access to data subject to restrictions is limited in accordance with the procedure laid down by law, but such data may also be reused under certain conditions, for example, to avoid multiple requests for the same data. Examples of data with restricted access include: personal data; information relating to business, trade, and corporate secrets. To enable the reuse of data, public sector bodies are required to: provide access to open data in a manner suitable to them in accordance with the Public Information Act, and where possible, in a machine-readable as well as",180
Estonia,P22,Policy,"Do data publication plans exist at public body level?

For Explanation:
* If yes, please provide the URL and briefly highlight the key aspects covered.","Policy | P22 | Do data publication plans exist at public body level?

For Explanation:
* If yes, please provide the URL and briefly highlight the key aspects covered.",1,0.7105251550674438,0.7105251550674438,0.0,P2,MANAGEMENT STRATEGY?,https://digikogu.taltech.ee/et/Download/da54b67d-17e9-4df0-b5d4-1fff8d77d515,debug_estonia_rerun\downloads\P2\doc_7.pdf,pdf,Estonia_P2_14,14,"connection between context-specific user requirements and data provision (Ruijer et al., 2017, p. 471). States do not have a clear strategy about what should be published and how it should be published. There are currently a variety of open data policies and regulations at various levels of government, but little to no systematic and structured study has been conducted 9 on the issues covered by open data policies, their goal, and their actual impact (see, e.g., Nyman- Metcalf & Papageorgiou, 2018; Hamuľák, Kocharyan & Kerikmäe, 2020; Kerikmäe & Nyman - Metcalf, 2020a; 2020b). Most research in this area has consisted of c onceptual papers, descriptions of the empirical uses of open data or the design of technology and systems for harnessing the power of open data (Janssen, Charalabidis & Zuiderwijk, 2012, pp. 258 –259). Furthermore, as open data as a concept is a new phenomenon and still in its early stages of growth, there is no proper framework for comparing open data policies on a broad range of aspects (Zuiderwijk & Janssen, 2013, p. 17). This article will analyse the",180
Estonia,P22,Policy,"Do data publication plans exist at public body level?

For Explanation:
* If yes, please provide the URL and briefly highlight the key aspects covered.","Policy | P22 | Do data publication plans exist at public body level?

For Explanation:
* If yes, please provide the URL and briefly highlight the key aspects covered.",2,0.6990955471992493,0.6990955471992493,0.0,P2,MANAGEMENT STRATEGY?,https://digikogu.taltech.ee/et/Download/da54b67d-17e9-4df0-b5d4-1fff8d77d515,debug_estonia_rerun\downloads\P2\doc_7.pdf,pdf,Estonia_P2_13,13,"establish public policy (Napoli & Karaganis, 2010, p. 385) as well as to gain insight into and provide solutions to social issues (Janssen, 2011, p. 45). Open data—i.e., non-personal data generated by public entities—should be opened for all to reuse, free of charge, and without discrimination concern all data which (when published) does not violate the fundamental rights of individuals. Even though states must publish open data, not much of it is being published. The current usage of open data published by the governments is falling behind expectations. Datasets are being released on different platforms with the assumption that these datasets are meant to be used for any purpose and the users will bene fit from them regardless of their intentions (Janssen, 2011, p. 45). This assumption may impair the reuse of open data, as there might not be a connection between context-specific user requirements and data provision (Ruijer et al., 2017, p. 471). States do not have a clear strategy about what should be published and how it should be published. There are currently a variety of open data",180
Estonia,P22,Policy,"Do data publication plans exist at public body level?

For Explanation:
* If yes, please provide the URL and briefly highlight the key aspects covered.","Policy | P22 | Do data publication plans exist at public body level?

For Explanation:
* If yes, please provide the URL and briefly highlight the key aspects covered.",3,0.6799019575119019,0.6799019575119019,0.0,P2,Andmete ja tehisintellekti valge raamat 2024-2030,https://mkm.ee/sites/default/files/documents/2024-02/Tehisintellekti%20ja%20andmete%20valge%20raamat%202024-2030.pdf,debug_estonia_rerun\downloads\P2\doc_6.pdf,pdf,Estonia_P2_83,83,"asutused (täna kaasatud 20 asutust 32st) vajalikud sammud läbi räägivad. Kui sarnasel teemal küsivad andmeid mitu riigiasutust, peavad kõik muudatusteks valmis olema. Samuti arutatakse muudatused läbi erasektoriga, sest andmepõhise aruandluse eesmärk on ettevõtjate halduskoormust vähendada. Seega peavad lahendused sobima nii ettevõtetele, kes andmeid esitavad, kui ka majandustarkvarade pakku jatele, kelle abil andmed liikuma hakkavad. Paljud majandustarkvara pakkujad on juba valmis ettevõtete andmeid mugavamalt 20 https://realtimeeconomy.ee/visioon-ja-tooplaan 40 riigile edastama, kui avaliku sektori poolt on selleks loodud vastuvõtuvõimekus. Koostöö ettevõtjatega jätkub ning selleks, et üleminek oleks võimalikult ladus, on loomisel ka erinevad toetusmeetmed. 6.1.6. Andmepõhine juhtimine Aastaks 2030 on tulemus: • Kokku lepitud andmeid kasutatakse nii organisatsiooni kui organisatsioonide üleste juhtimisotsuste tegemiseks. Vajalik andmehõive ja andmete kasutatavaks muutmine on korraldatud lähtuvalt parimatest praktikatest; • Poliitikakujundamise otsusteks vajalikud andmed on kättesaadavad ja automatsetes analüüsilahendustes kasutatavad. Õigusruumi, tehniliste lahenduste ning seonduvate protsessidega tagatakse, et andmeid kasutatakse eraelu riivet arvestades vastutustundlikult ning õiguslike ja eetilistest normidest kinni pidades; • Andmete kasutamine poliitikakujundamise otsuste tegemisel on automatiseeritud tasemele, mis võimaldab seda teha kiiresti ja vähese ressursikuluga; • Avaliku sektori organisatsioonid lähtuvad andmepõhise juhtimise põhimõtetest. Mh on",180
Estonia,P22,Policy,"Do data publication plans exist at public body level?

For Explanation:
* If yes, please provide the URL and briefly highlight the key aspects covered.","Policy | P22 | Do data publication plans exist at public body level?

For Explanation:
* If yes, please provide the URL and briefly highlight the key aspects covered.",4,0.6797559261322021,0.6797559261322021,0.0,P2,Andmete ja tehisintellekti valge raamat 2024-2030,https://mkm.ee/sites/default/files/documents/2024-02/Tehisintellekti%20ja%20andmete%20valge%20raamat%202024-2030.pdf,debug_estonia_rerun\downloads\P2\doc_6.pdf,pdf,Estonia_P2_58,58,"andmesubjektil kui ka andmeid valdaval asutusel andmete kasutust tõhusamalt juhtida. Isikul on läbi keskse infoportaali ülevaade, milliste avalike teenuste osutamiseks milliseid andmeid on ametiasutused tema kohta kogunud ning kes ja mis eesmärkidel neid andmeid kasutab. Juhul, kui inimene soovib oma andmeid jagada, oleks tal seda võimalik teha viisil, mis on läbipaistev ja mõistetav, turvaline kui ka säilitab otsustusõiguse. See soodustab ka uuenduslike avalik u ja erasektori partnerluste teket, kus kodanike kaasamine andmete jagamisse aitab kujundada tõhusamaid ja kodanike vajadusi paremini arvestavaid teenuseid. Mitmed tegevussuunad alameesmärgi saavutamiseks keskenduvad ka sellele, et edendada riigiasutustes ja ettevõtetes kõrgetasemelist küberturvalisust, andmehaldust, kvaliteedi - ja riskijuhtimist, teenustele ligipääsetavust ning juurutada praktikaid, mis võimaldaksid inimestele lihtsalt ja arusaadavalt demonstreerida andmekasutust läbi kogu teenuse. Mõõdikud: • Elementaarne andmekirjaoskus (% inimestest): 80%, algtase: NA • Erasektori teenuste (andmete ja TI seonduvalt) kasutamata jätmise arv (% inimestest): TBC, algtase: NA • Avaliku sektori teenuste (andmete ja TI seonduvalt) kasutamata jätmise arv (% inimestest): TBC, algtase: NA 19 Vt täpemalt https://mydata.org/. MyData kontseptsioon viitab ülemaailmsele liikumisele eesmärgiga aidata üksikisikutel hallata ja kasutada oma isiklikke andmeid süsteemselt ja terviklikult. Selle realiseerimisega",180
Estonia,P22,Policy,"Do data publication plans exist at public body level?

For Explanation:
* If yes, please provide the URL and briefly highlight the key aspects covered.","Policy | P22 | Do data publication plans exist at public body level?

For Explanation:
* If yes, please provide the URL and briefly highlight the key aspects covered.",5,0.656646728515625,0.656646728515625,0.0,P2,,https://digikogu.taltech.ee/et/Download/86f50514-87ff-4fb1-9c79-f38c67acb919,debug_estonia_rerun\downloads\P2\doc_8.pdf,pdf,Estonia_P2_136,136,"Kas ja kuidas hoiab teie haldusala ennast kursis muutuvate andmehaldus regulatsioonide ja parimate praktikatega? Kas lähenemine on pigem reaktiivne või proaktiivne? 12. Millised uued trendid või tehnoloogiad võivad andmehaldust teie arvates tulevikus mõjutada? 66 5.3 Appendix 2 - Non-exclusive licence for reproduction and publication of a graduation thesis1 I Liisbeth Laasik 1. Grant Tallinn University of Technology free licence (non -exclusive licence) for my thesis “Data Governance in the Estonian Government Sector: The Motives and Strategies for Implementation”, supervised by Innar Liiv 1.1. to be reproduced for the purposes of preservation and electronic publication of the graduation thesis, incl. to be entered in the digital collection of the library of Tallinn University of Technology until expiry of the term of copyright; 1.2. to be published via the web of Tallinn University of Technology, incl. to be entered in the digital collection of the library of Tallinn University of Technology until expiry of the term of copyright. 2. I am aware that the author also retains the rights specified in clause 1 of the non - exclusive licence. 3. I confirm",180
Estonia,P22,Policy,"Do data publication plans exist at public body level?

For Explanation:
* If yes, please provide the URL and briefly highlight the key aspects covered.","Policy | P22 | Do data publication plans exist at public body level?

For Explanation:
* If yes, please provide the URL and briefly highlight the key aspects covered.",6,0.6481045484542847,0.6481045484542847,0.0,P2,,https://digikogu.taltech.ee/et/Download/86f50514-87ff-4fb1-9c79-f38c67acb919,debug_estonia_rerun\downloads\P2\doc_8.pdf,pdf,Estonia_P2_39,39,"to the public administration. If a data is already submitted to a public sector organization once then it should not be asked again, but it is expected that the public administration exchanges the data if it is necessary. The goal of this project is not only to change the way how EU member states collect and exchange data in their countries, but also to simplify data exchange cross-borders [41]. So far EU member states have initiated pilot projects to implement the principle, but the cross-borders implementation is still quite limited. The OOP contributes to creating a single digital market for data in the EU [42]. The OOP guides the way data should be collected and shared across the EU and affects every member state’s public administration, as well as data governance principles and practices in place. In Estonia, data governance is coordinated by the Statistics of Estonia, which is regulated by the Public Information Act and the Official Statistics Act [43]. They work in close 25 collaboration with different public sector institutions, including MKM who has a specialized unit dealing",180
Estonia,P22,Policy,"Do data publication plans exist at public body level?

For Explanation:
* If yes, please provide the URL and briefly highlight the key aspects covered.","Policy | P22 | Do data publication plans exist at public body level?

For Explanation:
* If yes, please provide the URL and briefly highlight the key aspects covered.",7,0.6223050355911255,0.6223050355911255,0.0,P2,Estonia’s Digital Agenda,https://mkm.ee/media/6970/download,debug_estonia_rerun\downloads\P2\doc_4.pdf,pdf,Estonia_P2_60,60,"basic data of public sector decisions and analyses, and calculations are published as much as possible. 23 Estonia’s Digital Agenda 2030 Activities: + We develop the legal space for the purposes of data science and analytics, including relevant instructions. + We develop the competence of data science and analytics and their use in the public sector. + We develop the competence and organisation of data governance and introduce best practices in all public sector institutions. We create and offer necessary tools, including for the adoption of linked data. + We develop an interinstitutional data governance and data science competence centre to gather and make available relevant know-how and offer support to institutions. + We develop further and expand the use of the administrative system of the technical services and databases of the state information system, which ensures an updated overview of data and the state information system. + We support and, where necessary, initiate EU and international activities promoting cross-border and global data sharing and reuse among states and sectors. + We develop and introduce a system of guaranteeing the",180
Estonia,P22,Policy,"Do data publication plans exist at public body level?

For Explanation:
* If yes, please provide the URL and briefly highlight the key aspects covered.","Policy | P22 | Do data publication plans exist at public body level?

For Explanation:
* If yes, please provide the URL and briefly highlight the key aspects covered.",8,0.6121909618377686,0.6121909618377686,0.0,P4,Avaleht | Eesti Vabariigi Valitsus,http://gov.ee/,debug_estonia_rerun\downloads\P4\doc_5.html,html,Estonia_P4_7,7,"saada lehel valitsus.ee avaldatavaid uudiseid ja teateid e-postiga? Märkige, milliseid teated soovite ning kirjutage lahtritesse oma e-posti aadress. Teile saadetakse seejärel tellimuse kinnitamiseks e-kiri koos juhistega, kuidas saate oma tellimust hiljem soovi korral muuta või lõpetada. I agree with privacy policy Newsletters Eelinfo Istungi päevakord Kabinetinõupidamise päevakord Otse valitsuse istungilt Peaministri kõned Pressikonverentsi stenogramm Pressiteade Press Releases (EN) Пресс-релизы Sanktsioonimuudatuste teavitused Join",62
Estonia,P24,Policy,"Are there processes to ensure that the open data policies/strategy previously mentioned are updated and revised as needed?

For explanation:
* If yes, please describe the process and any recent updates made to strategy/policy","Policy | P24 | Are there processes to ensure that the open data policies/strategy previously mentioned are updated and revised as needed?

For explanation:
* If yes, please describe the process and any recent updates made to strategy/policy",1,0.7320702075958252,0.7320702075958252,0.0,P2,MANAGEMENT STRATEGY?,https://digikogu.taltech.ee/et/Download/da54b67d-17e9-4df0-b5d4-1fff8d77d515,debug_estonia_rerun\downloads\P2\doc_7.pdf,pdf,Estonia_P2_16,16,"policies. Open data policies are thus fragmented, and it is considered a challenge to create a coherent system between government agencies. There is a need to star t comparing these public data policies to create a unified system for opening open data. Comparing open data policies across different parts and levels of government is essential for achieving a better understanding of the common and distinctive elements i n the policies, as well as identifying the factors that determine policy variation and impact. This knowledge could help in the formulation of new open data policies as well as the enhancement of existing ones (Zuiderwijk & Janssen, 2013, p. 18). Open data policies ensure the long -term transparency of government information. For that, government information must be preserved in an accessible manner and location (Jaeger & Bertot, 2010, p. 373). However, effective and efficient e -governance requires a high de gree of trust in government information systems (Saxena, 2005, p. 505). If this trust is lacking, citizens are reluctant to provide their personal data to be processed by government systems, and the",180
Estonia,P24,Policy,"Are there processes to ensure that the open data policies/strategy previously mentioned are updated and revised as needed?

For explanation:
* If yes, please describe the process and any recent updates made to strategy/policy","Policy | P24 | Are there processes to ensure that the open data policies/strategy previously mentioned are updated and revised as needed?

For explanation:
* If yes, please describe the process and any recent updates made to strategy/policy",2,0.721402645111084,0.721402645111084,0.0,P2,MANAGEMENT STRATEGY?,https://digikogu.taltech.ee/et/Download/da54b67d-17e9-4df0-b5d4-1fff8d77d515,debug_estonia_rerun\downloads\P2\doc_7.pdf,pdf,Estonia_P2_54,54,"the strategy ahead. As of now, open data policies are fragmented, and no coherent system enables smooth cooperation in open data exchange between government agencies. This situation could be solved by establishing detailed, yet comprehensive, guidelines, which would instruct governments on how, where, and under which legal requirements are open data to be published. The disclosure of open data is expected to have several advantages, including boosting innovation and fostering economic growth. Another benefit of open data platforms is that they offer users affordances to inform the policy process, gaining insight and knowledge, and overall participation. Additionally, the disclosure of open data c an ensure the long -term transparency of government information. Information controllers should be prepared to release open data obtained in the course of their tasks in order to support democratic governance and freedom of information. The obligation for Estonian agencies to publish the collected open data derives both from the EU and the national legislature —Directive 2019/1024 on the EU level and the Estonian Public Information Act on the national level. Making open data public for citizens",180
Estonia,P24,Policy,"Are there processes to ensure that the open data policies/strategy previously mentioned are updated and revised as needed?

For explanation:
* If yes, please describe the process and any recent updates made to strategy/policy","Policy | P24 | Are there processes to ensure that the open data policies/strategy previously mentioned are updated and revised as needed?

For explanation:
* If yes, please describe the process and any recent updates made to strategy/policy",3,0.6662918329238892,0.6662918329238892,0.0,P2,Andmete ja tehisintellekti valge raamat 2024-2030,https://mkm.ee/sites/default/files/documents/2024-02/Tehisintellekti%20ja%20andmete%20valge%20raamat%202024-2030.pdf,debug_estonia_rerun\downloads\P2\doc_6.pdf,pdf,Estonia_P2_71,71,"ja andmete regulaarne uuendamine sõltuvalt andmeomanike ja -kasutajate (muutuvatest) vajadustest ja rahvusvahelistest parimatest praktikatest; • jõuliselt toetatakse andmete taaskasutajate ja andmeomanike omavahelist vajaduste, teadmiste ja kogemuste vahetamist (võrgustik, koolitused); • jätkatakse ja süvendatakse praktilise toe pakkumist asutustele avaandmete kättesaadavuse parandamisel läbi valdkondlike kompetentsikeskuste; • pakutakse tuge avaandmete kättesaadavaks tegemisel; • jõuliselt tagatakse rahvusvaheliste organisatsioonide poolt määratletud väärtuslike andmestike kättesaadavus; • kehtestatakse andmete kasutajate vajadustest lähtuvalt täiendavad väärtuslike andmestike temaatilised kategooriad. Aastatel 2026 –2030 näeme seoses avaandmete kvaliteedi ja kättesaadavuse kasvuga toetavate tegevuste tähtsuse vähenemist. Samas kasvab vajadus määratleda täiendavad väärtuslike andmestike temaatilisi kategooriad andmete kättesaadavuse ja kvaliteedi parandam iseks. Valdkonna arenguga muutub avalikke ülesandeid täitvate organisatsioonide poolt andmete avalikustamine järjest prioriteetsemaks ning paraneb seeläbi nende andmete kättesaadavus. Selleks, et Eesti oleks ka edaspidi avaandmete valdkonnas teerajaja , on tarvis aastatel 2024–2025 töötada välja täiendavad juhised, tagada kontrollitud nimeloendite, litsentsitingimuste jm. materjalide eesti keelde tõlkimine ning ülevõtmine ning võtta need kasutusele avalikus sektoris. Andmete taaskasutus saab toimida ainult siis, kui erinevate osapoolte poolt hallatavad andmed on standardiseeritud, korrastatud, kirjeldatud, avalikustatud, kontrollitud kvaliteediga ning varustatud andmete taaskasutust toetava dokumentatsiooni ja toega. Avaliku",180
Estonia,P24,Policy,"Are there processes to ensure that the open data policies/strategy previously mentioned are updated and revised as needed?

For explanation:
* If yes, please describe the process and any recent updates made to strategy/policy","Policy | P24 | Are there processes to ensure that the open data policies/strategy previously mentioned are updated and revised as needed?

For explanation:
* If yes, please describe the process and any recent updates made to strategy/policy",4,0.6656950116157532,0.6656950116157532,0.0,P2,Andmete ja tehisintellekti valge raamat 2024-2030,https://mkm.ee/sites/default/files/documents/2024-02/Tehisintellekti%20ja%20andmete%20valge%20raamat%202024-2030.pdf,debug_estonia_rerun\downloads\P2\doc_6.pdf,pdf,Estonia_P2_83,83,"asutused (täna kaasatud 20 asutust 32st) vajalikud sammud läbi räägivad. Kui sarnasel teemal küsivad andmeid mitu riigiasutust, peavad kõik muudatusteks valmis olema. Samuti arutatakse muudatused läbi erasektoriga, sest andmepõhise aruandluse eesmärk on ettevõtjate halduskoormust vähendada. Seega peavad lahendused sobima nii ettevõtetele, kes andmeid esitavad, kui ka majandustarkvarade pakku jatele, kelle abil andmed liikuma hakkavad. Paljud majandustarkvara pakkujad on juba valmis ettevõtete andmeid mugavamalt 20 https://realtimeeconomy.ee/visioon-ja-tooplaan 40 riigile edastama, kui avaliku sektori poolt on selleks loodud vastuvõtuvõimekus. Koostöö ettevõtjatega jätkub ning selleks, et üleminek oleks võimalikult ladus, on loomisel ka erinevad toetusmeetmed. 6.1.6. Andmepõhine juhtimine Aastaks 2030 on tulemus: • Kokku lepitud andmeid kasutatakse nii organisatsiooni kui organisatsioonide üleste juhtimisotsuste tegemiseks. Vajalik andmehõive ja andmete kasutatavaks muutmine on korraldatud lähtuvalt parimatest praktikatest; • Poliitikakujundamise otsusteks vajalikud andmed on kättesaadavad ja automatsetes analüüsilahendustes kasutatavad. Õigusruumi, tehniliste lahenduste ning seonduvate protsessidega tagatakse, et andmeid kasutatakse eraelu riivet arvestades vastutustundlikult ning õiguslike ja eetilistest normidest kinni pidades; • Andmete kasutamine poliitikakujundamise otsuste tegemisel on automatiseeritud tasemele, mis võimaldab seda teha kiiresti ja vähese ressursikuluga; • Avaliku sektori organisatsioonid lähtuvad andmepõhise juhtimise põhimõtetest. Mh on",180
Estonia,P24,Policy,"Are there processes to ensure that the open data policies/strategy previously mentioned are updated and revised as needed?

For explanation:
* If yes, please describe the process and any recent updates made to strategy/policy","Policy | P24 | Are there processes to ensure that the open data policies/strategy previously mentioned are updated and revised as needed?

For explanation:
* If yes, please describe the process and any recent updates made to strategy/policy",5,0.6558245420455933,0.6558245420455933,0.0,P2,,https://digikogu.taltech.ee/et/Download/86f50514-87ff-4fb1-9c79-f38c67acb919,debug_estonia_rerun\downloads\P2\doc_8.pdf,pdf,Estonia_P2_133,133,"clear and agreed data governance rules and policies? How do they develop? 10. What mechanisms/processes do you have in place to ensure that data is governed according to agreed rules and policies? Data governance perspective 11. How does your administration keep up to date with changing data governance regulations and best practices? 12. What new trends or technologies do you think might impact data governance in the future? 64 Interview questions in Estonian. Küsimused sisulise valitsemisala juhile: Sissejuhatuseks, palun kirjeldage enda sõnadega, mis teie ametipositisoon endast kujutab, mis on teie peamised vastutusalad. Valdkonna eesmärgid ja fookus, olulisemad andmed 1. Mis on hetkel teie valdkondlikud suuremad eesmärgid ja fookus? 2. Millist infot on teil eesmärkide täitmiseks vaja, millised on valdkonna kõige olulisemad andmed? Andmete kasutusjuhud, andmepõhine juhtimine, andmete kvaliteet ja usaldusväärsus 3. Mis on teie valdkonna andmete kõige olulisemad kasutusjuhud? 4. Kas ja kuidas te mõõdate valdkonna arengut ja edukust? 5. Kui olulised on kvaliteetsed ja usaldusväärsed andmed teie valdkonna jaoks? 6. Kuidas hindad olukorda andmete kvaliteediga? Kas see on murekoht Teie valdkonnas? Andmetega seotud probleemid, arengukohad ja perspektiiv. 7. Kas",180
Estonia,P24,Policy,"Are there processes to ensure that the open data policies/strategy previously mentioned are updated and revised as needed?

For explanation:
* If yes, please describe the process and any recent updates made to strategy/policy","Policy | P24 | Are there processes to ensure that the open data policies/strategy previously mentioned are updated and revised as needed?

For explanation:
* If yes, please describe the process and any recent updates made to strategy/policy",6,0.6452914476394653,0.6452914476394653,0.0,P2,,https://digikogu.taltech.ee/et/Download/86f50514-87ff-4fb1-9c79-f38c67acb919,debug_estonia_rerun\downloads\P2\doc_8.pdf,pdf,Estonia_P2_136,136,"Kas ja kuidas hoiab teie haldusala ennast kursis muutuvate andmehaldus regulatsioonide ja parimate praktikatega? Kas lähenemine on pigem reaktiivne või proaktiivne? 12. Millised uued trendid või tehnoloogiad võivad andmehaldust teie arvates tulevikus mõjutada? 66 5.3 Appendix 2 - Non-exclusive licence for reproduction and publication of a graduation thesis1 I Liisbeth Laasik 1. Grant Tallinn University of Technology free licence (non -exclusive licence) for my thesis “Data Governance in the Estonian Government Sector: The Motives and Strategies for Implementation”, supervised by Innar Liiv 1.1. to be reproduced for the purposes of preservation and electronic publication of the graduation thesis, incl. to be entered in the digital collection of the library of Tallinn University of Technology until expiry of the term of copyright; 1.2. to be published via the web of Tallinn University of Technology, incl. to be entered in the digital collection of the library of Tallinn University of Technology until expiry of the term of copyright. 2. I am aware that the author also retains the rights specified in clause 1 of the non - exclusive licence. 3. I confirm",180
Estonia,P24,Policy,"Are there processes to ensure that the open data policies/strategy previously mentioned are updated and revised as needed?

For explanation:
* If yes, please describe the process and any recent updates made to strategy/policy","Policy | P24 | Are there processes to ensure that the open data policies/strategy previously mentioned are updated and revised as needed?

For explanation:
* If yes, please describe the process and any recent updates made to strategy/policy",7,0.6371221542358398,0.6371221542358398,0.0,P2,Estonian data portal | RIA,https://www.ria.ee/en/state-information-system/data-based-governance-and-reuse-data/estonian-data-portal,debug_estonia_rerun\downloads\P2\doc_3.html,html,Estonia_P2_6,6,"reuse of data and promote data economy. Open Estonian data portal Instructions of the data portal Prior to this, the data collected by the state and the related descriptions were published in two environments: open data and their descriptions in the former open data portal, and data descriptions for databases in the administration system for the state information system (RIHA). The latter is currently still in use, but it is expected to be decommissioned at the end of 2026 when the legislative amendments come into force. Descriptions of the databases held by RIHA will then be added to the Data Portal. The data descriptions in the Data Portal have been harmonised in accordance with the Data Description Standard (in Estonian). For this reason, the Data Portal will also publish data services, data elements, and glossaries used to access them in addition to datasets. Integrating the two environments reduces the burden on dataset holders and offers data re-users consistent data descriptions within a single environment. The Data Portal is integrated with the RIHAKE data management application – this enables organisations to",180
Estonia,P24,Policy,"Are there processes to ensure that the open data policies/strategy previously mentioned are updated and revised as needed?

For explanation:
* If yes, please describe the process and any recent updates made to strategy/policy","Policy | P24 | Are there processes to ensure that the open data policies/strategy previously mentioned are updated and revised as needed?

For explanation:
* If yes, please describe the process and any recent updates made to strategy/policy",8,0.5945608615875244,0.5945608615875244,0.0,P2,Estonian data portal | RIA,https://www.ria.ee/en/state-information-system/data-based-governance-and-reuse-data/estonian-data-portal,debug_estonia_rerun\downloads\P2\doc_3.html,html,Estonia_P2_10,10,"secrets. To enable the reuse of data, public sector bodies are required to: provide access to open data in a manner suitable to them in accordance with the Public Information Act, and where possible, in a machine-readable as well as in an open format; publish descriptions of datasets containing both open data and restricted data in the Data Portal. Related links Estonian data portal Instructions of the data portal (in Estonian) Public Information Act Data management guidelines and practices (in Estonian) Data Description Standard (in Estonian) Open data Open data e-trainings European Data Portal Last updated: 06.05.2026 Stay tuned! On social media Information System Authority Pärnu maantee 139a, 15169 Tallinn +372 663 0200 [email protected] Open Mon–Thu 8.30–17.00 and Fri 8.30–15.45 Customer Support Processing of personal data Accessibility Help Cookies",130
Estonia,P3,Policy,"Is there an open data policy/strategy at regional or local level?

For Explanation:
* If yes, please (1) provide the URL and (2) title of the document(s) and (3) briefly describe.","Policy | P3 | Is there an open data policy/strategy at regional or local level?

For Explanation:
* If yes, please (1) provide the URL and (2) title of the document(s) and (3) briefly describe.",1,0.7490476369857788,0.7490476369857788,0.0,P2,MANAGEMENT STRATEGY?,https://digikogu.taltech.ee/et/Download/da54b67d-17e9-4df0-b5d4-1fff8d77d515,debug_estonia_rerun\downloads\P2\doc_7.pdf,pdf,Estonia_P2_14,14,"connection between context-specific user requirements and data provision (Ruijer et al., 2017, p. 471). States do not have a clear strategy about what should be published and how it should be published. There are currently a variety of open data policies and regulations at various levels of government, but little to no systematic and structured study has been conducted 9 on the issues covered by open data policies, their goal, and their actual impact (see, e.g., Nyman- Metcalf & Papageorgiou, 2018; Hamuľák, Kocharyan & Kerikmäe, 2020; Kerikmäe & Nyman - Metcalf, 2020a; 2020b). Most research in this area has consisted of c onceptual papers, descriptions of the empirical uses of open data or the design of technology and systems for harnessing the power of open data (Janssen, Charalabidis & Zuiderwijk, 2012, pp. 258 –259). Furthermore, as open data as a concept is a new phenomenon and still in its early stages of growth, there is no proper framework for comparing open data policies on a broad range of aspects (Zuiderwijk & Janssen, 2013, p. 17). This article will analyse the",180
Estonia,P3,Policy,"Is there an open data policy/strategy at regional or local level?

For Explanation:
* If yes, please (1) provide the URL and (2) title of the document(s) and (3) briefly describe.","Policy | P3 | Is there an open data policy/strategy at regional or local level?

For Explanation:
* If yes, please (1) provide the URL and (2) title of the document(s) and (3) briefly describe.",2,0.741138219833374,0.741138219833374,0.0,P2,MANAGEMENT STRATEGY?,https://digikogu.taltech.ee/et/Download/da54b67d-17e9-4df0-b5d4-1fff8d77d515,debug_estonia_rerun\downloads\P2\doc_7.pdf,pdf,Estonia_P2_49,49,"time being, national open data policies are fragmented both at national level and the EU level, even though the Directive calls for harmonization. Public data policies should be the object of intensified comparative research, which would essentially facilitate the creation of a unified 20 system for disclosing open data. Without a central framework, which maybe should be published on the EU level, it is difficul t to create a coherent system. With the EU level framework, the Member States could create a similar system for disclosing open data that could later be accessed by users, which could be beneficial on different levels, including economic. This framework could also establish guidelines on how and to which extent personal data ought to be anonymized before publishing. 6.2 Increasing the number and the extent of citizens’ access to databases Currently there are different and partly overlapping databases grant ing access to open data. Supplementing the first proposal, and assuming the successful establishment of a framework binding all EU Member States, a next step would be enhancing the structures of databases. The Estonian example",180
Estonia,P3,Policy,"Is there an open data policy/strategy at regional or local level?

For Explanation:
* If yes, please (1) provide the URL and (2) title of the document(s) and (3) briefly describe.","Policy | P3 | Is there an open data policy/strategy at regional or local level?

For Explanation:
* If yes, please (1) provide the URL and (2) title of the document(s) and (3) briefly describe.",3,0.6721549034118652,0.6721549034118652,0.0,P2,,https://digikogu.taltech.ee/et/Download/86f50514-87ff-4fb1-9c79-f38c67acb919,debug_estonia_rerun\downloads\P2\doc_8.pdf,pdf,Estonia_P2_136,136,"Kas ja kuidas hoiab teie haldusala ennast kursis muutuvate andmehaldus regulatsioonide ja parimate praktikatega? Kas lähenemine on pigem reaktiivne või proaktiivne? 12. Millised uued trendid või tehnoloogiad võivad andmehaldust teie arvates tulevikus mõjutada? 66 5.3 Appendix 2 - Non-exclusive licence for reproduction and publication of a graduation thesis1 I Liisbeth Laasik 1. Grant Tallinn University of Technology free licence (non -exclusive licence) for my thesis “Data Governance in the Estonian Government Sector: The Motives and Strategies for Implementation”, supervised by Innar Liiv 1.1. to be reproduced for the purposes of preservation and electronic publication of the graduation thesis, incl. to be entered in the digital collection of the library of Tallinn University of Technology until expiry of the term of copyright; 1.2. to be published via the web of Tallinn University of Technology, incl. to be entered in the digital collection of the library of Tallinn University of Technology until expiry of the term of copyright. 2. I am aware that the author also retains the rights specified in clause 1 of the non - exclusive licence. 3. I confirm",180
Estonia,P3,Policy,"Is there an open data policy/strategy at regional or local level?

For Explanation:
* If yes, please (1) provide the URL and (2) title of the document(s) and (3) briefly describe.","Policy | P3 | Is there an open data policy/strategy at regional or local level?

For Explanation:
* If yes, please (1) provide the URL and (2) title of the document(s) and (3) briefly describe.",4,0.6604893803596497,0.6604893803596497,0.0,P2,Andmete ja tehisintellekti valge raamat 2024-2030,https://mkm.ee/sites/default/files/documents/2024-02/Tehisintellekti%20ja%20andmete%20valge%20raamat%202024-2030.pdf,debug_estonia_rerun\downloads\P2\doc_6.pdf,pdf,Estonia_P2_58,58,"andmesubjektil kui ka andmeid valdaval asutusel andmete kasutust tõhusamalt juhtida. Isikul on läbi keskse infoportaali ülevaade, milliste avalike teenuste osutamiseks milliseid andmeid on ametiasutused tema kohta kogunud ning kes ja mis eesmärkidel neid andmeid kasutab. Juhul, kui inimene soovib oma andmeid jagada, oleks tal seda võimalik teha viisil, mis on läbipaistev ja mõistetav, turvaline kui ka säilitab otsustusõiguse. See soodustab ka uuenduslike avalik u ja erasektori partnerluste teket, kus kodanike kaasamine andmete jagamisse aitab kujundada tõhusamaid ja kodanike vajadusi paremini arvestavaid teenuseid. Mitmed tegevussuunad alameesmärgi saavutamiseks keskenduvad ka sellele, et edendada riigiasutustes ja ettevõtetes kõrgetasemelist küberturvalisust, andmehaldust, kvaliteedi - ja riskijuhtimist, teenustele ligipääsetavust ning juurutada praktikaid, mis võimaldaksid inimestele lihtsalt ja arusaadavalt demonstreerida andmekasutust läbi kogu teenuse. Mõõdikud: • Elementaarne andmekirjaoskus (% inimestest): 80%, algtase: NA • Erasektori teenuste (andmete ja TI seonduvalt) kasutamata jätmise arv (% inimestest): TBC, algtase: NA • Avaliku sektori teenuste (andmete ja TI seonduvalt) kasutamata jätmise arv (% inimestest): TBC, algtase: NA 19 Vt täpemalt https://mydata.org/. MyData kontseptsioon viitab ülemaailmsele liikumisele eesmärgiga aidata üksikisikutel hallata ja kasutada oma isiklikke andmeid süsteemselt ja terviklikult. Selle realiseerimisega",180
Estonia,P3,Policy,"Is there an open data policy/strategy at regional or local level?

For Explanation:
* If yes, please (1) provide the URL and (2) title of the document(s) and (3) briefly describe.","Policy | P3 | Is there an open data policy/strategy at regional or local level?

For Explanation:
* If yes, please (1) provide the URL and (2) title of the document(s) and (3) briefly describe.",5,0.6575057506561279,0.6575057506561279,0.0,P2,Andmete ja tehisintellekti valge raamat 2024-2030,https://mkm.ee/sites/default/files/documents/2024-02/Tehisintellekti%20ja%20andmete%20valge%20raamat%202024-2030.pdf,debug_estonia_rerun\downloads\P2\doc_6.pdf,pdf,Estonia_P2_33,33,"kodanikel otsustada, kes ja mis eesmärkidel ja tingimustel saab nende andmeid kasutada. Lisaks loob nõusolekuteenus aluse personaalsemateks teenusteks ja loob potentsiaali andmemajanduse edendamiseks. Samas pole inimkeskse andmekorralduse põhimõtted rakendatud - andmejälgijat ei plaani rakendada ega rakenda 70%, nõusolekuteenust 89% ja toiminguid logivad 75% avaliku sektori organis atsioonidest. Samas on 14 https://data.europa.eu/en/publications/open-data-maturity/2023 15 https://oxfordinsights.com/ai-readiness/ai-readiness-index/ 18 antud teenuste vastu suur huvi kasutajate poolelt. Nõusolekuteenust on 2023. aasta seisuga kasutusele võtnud 21 erasektori infosüsteemi ning nõusolekuid on inimesed andnud üle 350 000 korra. Kuigi andmehalduse täht sust on järjest enam teadvustatud, ei hallata andmeid varana - vaid 8% riigiasutustest on juurutanud andmekirjelduse standardi, 28% on kaardistanud kõik oma andmed, põhiandmed on kaardistanud ja kirjeldanud 36% asutustest. Avaliku sektori organisatsioonide andmete kvaliteet on ebaühtlane ning reaktiivne - enamikes andmekogudes reageeritakse andmekvaliteedi probleemidele nende ilmnemisel, puudub süsteemne ja proaktiivne, kasutajate vajadustest lähtuv, andmekvaliteedi haldus. See on omakorda oluliseks väljakutseks kui andmeid soovitakse hakata kasutama väljaspool algse teenuse konteksti, näiteks sündmus teenuste osutamisel , andmepõhises otsustamises või tehisintellekti lahenduste arendamisel. Asjade interneti kasutus Eesti avalikus sektoris 16 on madal. Avaliku sektori organisatsioonidest on peamisteks rakendajateks olnud",180
Estonia,P3,Policy,"Is there an open data policy/strategy at regional or local level?

For Explanation:
* If yes, please (1) provide the URL and (2) title of the document(s) and (3) briefly describe.","Policy | P3 | Is there an open data policy/strategy at regional or local level?

For Explanation:
* If yes, please (1) provide the URL and (2) title of the document(s) and (3) briefly describe.",6,0.6271487474441528,0.6271487474441528,0.0,P2,,https://digikogu.taltech.ee/et/Download/86f50514-87ff-4fb1-9c79-f38c67acb919,debug_estonia_rerun\downloads\P2\doc_8.pdf,pdf,Estonia_P2_4,4,"well as the motives for implementing its framework, processes and activities in government organizations. The thesis also outlines the steps that need to be followed to successfully implement data governance in a government organization, while drawing attention to the existing shortcomings that can be addressed by national policy makers. This study contributes to increasing the Estonian public sector data governance knowledge and supports the successful implementation of new data governance practices, which are in line with guidelines of the European Commission (EC). Keywords: data governance, data management, public sector, government sector This thesis is written in English and is 66 pages long, including 5 chapters, 3 figures and 2 tables. Abstract 6 Kasvavad andmemahud avaldavad survet avalikule sektorile süstemaatiliselt keskenduda andmehaldusele, et tagada andmete kvaliteet, turvalisus ja kättesaadavus ning suurendada andmete maksimaalset väärtust kogu nende elutsükli jooksul. Andmete taaskasutuse ja koostalitlusvõime põhimõtted nõuavad Eesti valitsussektorilt ühtset ja koordineeritud lähenemist andme te haldusele , mille tulemusena vajavad mitmed asutuse d mõtteviisi, praktikate ja protsesside muutust. Käesoleva lõputöö eesmärk on tuvastada ja kirjeldada väärtust, mida andmehaldus Eesti valitsussektorile toob, ning kaardistada strateegiad,",180
Estonia,P3,Policy,"Is there an open data policy/strategy at regional or local level?

For Explanation:
* If yes, please (1) provide the URL and (2) title of the document(s) and (3) briefly describe.","Policy | P3 | Is there an open data policy/strategy at regional or local level?

For Explanation:
* If yes, please (1) provide the URL and (2) title of the document(s) and (3) briefly describe.",7,0.6254377365112305,0.6254377365112305,0.0,P2,Estonian data portal | RIA,https://www.ria.ee/en/state-information-system/data-based-governance-and-reuse-data/estonian-data-portal,debug_estonia_rerun\downloads\P2\doc_3.html,html,Estonia_P2_9,9,"will be able to make data-driven decisions and reduce the costs associated with duplicated data collection and responding to queries; students and researchers can use the data for research and for developing new solutions and technologies; companies can develop new business models, products, and services based on open data; the media can rely on high-quality information, thereby raising public awareness and promoting transparent governance; citizens gain a better understanding of how the state functions and use applications relying on open data to make their daily lives easier. Access to data subject to restrictions is limited in accordance with the procedure laid down by law, but such data may also be reused under certain conditions, for example, to avoid multiple requests for the same data. Examples of data with restricted access include: personal data; information relating to business, trade, and corporate secrets. To enable the reuse of data, public sector bodies are required to: provide access to open data in a manner suitable to them in accordance with the Public Information Act, and where possible, in a machine-readable as well as",180
Estonia,P3,Policy,"Is there an open data policy/strategy at regional or local level?

For Explanation:
* If yes, please (1) provide the URL and (2) title of the document(s) and (3) briefly describe.","Policy | P3 | Is there an open data policy/strategy at regional or local level?

For Explanation:
* If yes, please (1) provide the URL and (2) title of the document(s) and (3) briefly describe.",8,0.5984616279602051,0.5984616279602051,0.0,P2,Estonian data portal | RIA,https://www.ria.ee/en/state-information-system/data-based-governance-and-reuse-data/estonian-data-portal,debug_estonia_rerun\downloads\P2\doc_3.html,html,Estonia_P2_6,6,"reuse of data and promote data economy. Open Estonian data portal Instructions of the data portal Prior to this, the data collected by the state and the related descriptions were published in two environments: open data and their descriptions in the former open data portal, and data descriptions for databases in the administration system for the state information system (RIHA). The latter is currently still in use, but it is expected to be decommissioned at the end of 2026 when the legislative amendments come into force. Descriptions of the databases held by RIHA will then be added to the Data Portal. The data descriptions in the Data Portal have been harmonised in accordance with the Data Description Standard (in Estonian). For this reason, the Data Portal will also publish data services, data elements, and glossaries used to access them in addition to datasets. Integrating the two environments reduces the burden on dataset holders and offers data re-users consistent data descriptions within a single environment. The Data Portal is integrated with the RIHAKE data management application – this enables organisations to",180
Estonia,P4,Policy,"Does the national strategy/policy include an action plan with measures to be implemented in the open data field?

For Explanation:
If yes, please briefly describe the main measures described by the action plan.","Policy | P4 | Does the national strategy/policy include an action plan with measures to be implemented in the open data field?

For Explanation:
If yes, please briefly describe the main measures described by the action plan.",1,0.6675082445144653,0.6675082445144653,0.0,P2,Andmete ja tehisintellekti valge raamat 2024-2030,https://mkm.ee/sites/default/files/documents/2024-02/Tehisintellekti%20ja%20andmete%20valge%20raamat%202024-2030.pdf,debug_estonia_rerun\downloads\P2\doc_6.pdf,pdf,Estonia_P2_11,11,"eesmärgid ja tegevusplaan), rahvusvahelisi (OECD, Euroopa Liit) valdkonna arenguid, seatud eesmärke ja parimaid praktikaid, kavandatavaid muudatusi ning Euroopa Liidu õiguskorda. Andmete ja tehisintellekti valge raamatu Eesti ja EL strateegiliste planeerimisdokumentide struktuuri paigutumine on illustreeritud järgnevas joonises, mille seosed on selgitatud allpool toodud peatükkides. Joonis 1. Andmete ja tehisintellekti valge raamatu seosed teiste strateegiliste dokumentidega. Seos „Eesti 2035” strateegia sihtidega „Eesti 2035“ seab Eesti riigile pikaaegsed eesmärgid tagamaks, et Eesti oleks ka tulevikus parim paik elamiseks ja töötamiseks. Andmete ja tehisintellekti valge raamat panustab horisontaalselt kõigisse „Eesti 2035“ strateegiliste sihtide elluviimisesse (inimene, ühiskond, majandus, elukeskkond ja riigivalitsemine), luues eeldused ja võimalused nende tõhusaks täitmiseks. Strateegia “Eesti 2035” ja arengukava “Eesti digiühiskond 2030” peamisteks eesmärkideks on järjepidev liikumine aruka, hooliva, koostööle orienteeritud ja uuendusmeelse ühiskonna poole. 9 Seos arengukavadega Andmete ja tehisintellekti valge raamat on koostatud võttes arvesse „Eesti digiühiskond 2030” ning „Teadus- ja arendustegevuse, innovatsiooni ning ettevõtluse 2021–2035“ arengukavasid. Andmete ja tehisintellekti valge raamat on tihedalt seotud teiste valdkondlike arengukavade ja strateegiliste dokumentidega, sealhulgas „Eesti 2035“ strateegia, „Haridusvaldkonna arengukava 2021- 2035“, ja „Eesti keele arengukava 2021 -2030“. Samas on andmete ja",180
Estonia,P4,Policy,"Does the national strategy/policy include an action plan with measures to be implemented in the open data field?

For Explanation:
If yes, please briefly describe the main measures described by the action plan.","Policy | P4 | Does the national strategy/policy include an action plan with measures to be implemented in the open data field?

For Explanation:
If yes, please briefly describe the main measures described by the action plan.",2,0.6656221747398376,0.6656221747398376,0.0,P2,,https://digikogu.taltech.ee/et/Download/86f50514-87ff-4fb1-9c79-f38c67acb919,debug_estonia_rerun\downloads\P2\doc_8.pdf,pdf,Estonia_P2_41,41,"based on them have an impact on the entire public administration of Estonia. The development of the data governance action plan and other necessary guidelines is carried out in cooperation with various public sector organizations in Estonia. For this purpose, the policy makers launched a data governance steering group in 2022, which includes representatives from the fi eld of data from various government institutions. In addition, a data panel has been launched by MKM, to coordinate the use of data in national ongoing and planned projects to find and create more areas for cooperation [3]. The action plan is supported b y different guidelines that are applicable to all public administration in Estonia [45]: 1. Data governance framework , which is an extensive document published in 2020 with the purpose to describe how data governance could be organized in an organization, by describing the roles, responsibilities, processes, and activities. 2. Data description guidelines , which draw together principles to be followed when describing data and the corresponding roles and responsibilities. Data description standards are also attached, which is a list",180
Estonia,P4,Policy,"Does the national strategy/policy include an action plan with measures to be implemented in the open data field?

For Explanation:
If yes, please briefly describe the main measures described by the action plan.","Policy | P4 | Does the national strategy/policy include an action plan with measures to be implemented in the open data field?

For Explanation:
If yes, please briefly describe the main measures described by the action plan.",3,0.6501439213752747,0.6501439213752747,0.0,P2,,https://digikogu.taltech.ee/et/Download/86f50514-87ff-4fb1-9c79-f38c67acb919,debug_estonia_rerun\downloads\P2\doc_8.pdf,pdf,Estonia_P2_4,4,"well as the motives for implementing its framework, processes and activities in government organizations. The thesis also outlines the steps that need to be followed to successfully implement data governance in a government organization, while drawing attention to the existing shortcomings that can be addressed by national policy makers. This study contributes to increasing the Estonian public sector data governance knowledge and supports the successful implementation of new data governance practices, which are in line with guidelines of the European Commission (EC). Keywords: data governance, data management, public sector, government sector This thesis is written in English and is 66 pages long, including 5 chapters, 3 figures and 2 tables. Abstract 6 Kasvavad andmemahud avaldavad survet avalikule sektorile süstemaatiliselt keskenduda andmehaldusele, et tagada andmete kvaliteet, turvalisus ja kättesaadavus ning suurendada andmete maksimaalset väärtust kogu nende elutsükli jooksul. Andmete taaskasutuse ja koostalitlusvõime põhimõtted nõuavad Eesti valitsussektorilt ühtset ja koordineeritud lähenemist andme te haldusele , mille tulemusena vajavad mitmed asutuse d mõtteviisi, praktikate ja protsesside muutust. Käesoleva lõputöö eesmärk on tuvastada ja kirjeldada väärtust, mida andmehaldus Eesti valitsussektorile toob, ning kaardistada strateegiad,",180
Estonia,P4,Policy,"Does the national strategy/policy include an action plan with measures to be implemented in the open data field?

For Explanation:
If yes, please briefly describe the main measures described by the action plan.","Policy | P4 | Does the national strategy/policy include an action plan with measures to be implemented in the open data field?

For Explanation:
If yes, please briefly describe the main measures described by the action plan.",4,0.6499700546264648,0.6499700546264648,0.0,P2,MANAGEMENT STRATEGY?,https://digikogu.taltech.ee/et/Download/da54b67d-17e9-4df0-b5d4-1fff8d77d515,debug_estonia_rerun\downloads\P2\doc_7.pdf,pdf,Estonia_P2_16,16,"policies. Open data policies are thus fragmented, and it is considered a challenge to create a coherent system between government agencies. There is a need to star t comparing these public data policies to create a unified system for opening open data. Comparing open data policies across different parts and levels of government is essential for achieving a better understanding of the common and distinctive elements i n the policies, as well as identifying the factors that determine policy variation and impact. This knowledge could help in the formulation of new open data policies as well as the enhancement of existing ones (Zuiderwijk & Janssen, 2013, p. 18). Open data policies ensure the long -term transparency of government information. For that, government information must be preserved in an accessible manner and location (Jaeger & Bertot, 2010, p. 373). However, effective and efficient e -governance requires a high de gree of trust in government information systems (Saxena, 2005, p. 505). If this trust is lacking, citizens are reluctant to provide their personal data to be processed by government systems, and the",180
Estonia,P4,Policy,"Does the national strategy/policy include an action plan with measures to be implemented in the open data field?

For Explanation:
If yes, please briefly describe the main measures described by the action plan.","Policy | P4 | Does the national strategy/policy include an action plan with measures to be implemented in the open data field?

For Explanation:
If yes, please briefly describe the main measures described by the action plan.",5,0.6446288228034973,0.6446288228034973,0.0,P2,MANAGEMENT STRATEGY?,https://digikogu.taltech.ee/et/Download/da54b67d-17e9-4df0-b5d4-1fff8d77d515,debug_estonia_rerun\downloads\P2\doc_7.pdf,pdf,Estonia_P2_15,15,"concept is a new phenomenon and still in its early stages of growth, there is no proper framework for comparing open data policies on a broad range of aspects (Zuiderwijk & Janssen, 2013, p. 17). This article will analyse the importance of open data, the problem of the lack of open data policies, provide an overview of existing systems used by the governance of Estonia to ensure access to open information, and make proposals on how to improve open data disclosure practices in Estonia. 2. The importance of open data policies Governments should adopt open data policies aiming to encourage and guide the disclosure of government data and to derive benefits from its use. Even though different open data policies are in place at various levels of government, little systematic research has been done on the topic of open data policies. Open data policies are thus fragmented, and it is considered a challenge to create a coherent system between government agencies. There is a need to star t comparing these public data policies to create a unified system for opening",180
Estonia,P4,Policy,"Does the national strategy/policy include an action plan with measures to be implemented in the open data field?

For Explanation:
If yes, please briefly describe the main measures described by the action plan.","Policy | P4 | Does the national strategy/policy include an action plan with measures to be implemented in the open data field?

For Explanation:
If yes, please briefly describe the main measures described by the action plan.",6,0.6363247632980347,0.6363247632980347,0.0,P2,Andmete ja tehisintellekti valge raamat 2024-2030,https://mkm.ee/sites/default/files/documents/2024-02/Tehisintellekti%20ja%20andmete%20valge%20raamat%202024-2030.pdf,debug_estonia_rerun\downloads\P2\doc_6.pdf,pdf,Estonia_P2_89,89,"ja oskama andmeid organisatsiooni kasuks tööle panna. Otsustustasanditel tuleb arvestada, et andmekasutusest lähtuv positiivne mõju ilmneb alles siis kui kriitiline hulk andmeid on saavutanud piisava küpsustaseme ja neid kasutatakse. 43 6.2 Krativäeline riik ja ühiskond 6.2.1. Avalik sektor Aastaks 2030 on tulemus: • Eestis saab avaliku sektoriga kõik asjad aetud tehisintellektil põhinevate lahenduste ja vestluskrattide võrgustiku abil. Nii saab kasutaja tarbida kõiki avalikke teenuseid ilma eriteadmisteta, kasutades selleks mistahes enam levinud suhtlusviisi või kanalit ja seadet; • Eesti avaliku sektori töötajad omavad ajakohaseid teadmisi tehisintellektist, sellega kaasnevatest riskidest, võimalustest ja rakendamisega seotud põhimõtetest; • Tagatud on süsteemne lähenemine TI valdkonnale ning loodud valdkonna eest vastutavad rollid kõigis haldusalades ja asutustes ning kavandatud valdkonnaga seotud transformatsiooni jaoks vajalikud tegevused; • Eesti avalik sektor on eesrinnas tehisintellekti rakendamisel, lähtudes sealhulgas investeeringute majanduslikku mõju, panust organisatsiooni ja riigi edukasse toimimisse ning säästva arengu eesmärke. Tulemuste saavutamiseks teeme järgnevat: • Kõigis avaliku sektori organisatsioonides on vajalik luua TI rakendamise plaan ja kavandada selle elluviimine. Vähemalt ministeeriumite tasemel on vajalik määrata valdkonna eest vastutav isik hiljemalt 2025. aastaks; • Loome andmete ja TI kompetentsikeskuse, mis",180
Estonia,P4,Policy,"Does the national strategy/policy include an action plan with measures to be implemented in the open data field?

For Explanation:
If yes, please briefly describe the main measures described by the action plan.","Policy | P4 | Does the national strategy/policy include an action plan with measures to be implemented in the open data field?

For Explanation:
If yes, please briefly describe the main measures described by the action plan.",7,0.6158984303474426,0.6158984303474426,0.0,P2,Estonia’s Digital Agenda,https://mkm.ee/media/6970/download,debug_estonia_rerun\downloads\P2\doc_4.pdf,pdf,Estonia_P2_60,60,"basic data of public sector decisions and analyses, and calculations are published as much as possible. 23 Estonia’s Digital Agenda 2030 Activities: + We develop the legal space for the purposes of data science and analytics, including relevant instructions. + We develop the competence of data science and analytics and their use in the public sector. + We develop the competence and organisation of data governance and introduce best practices in all public sector institutions. We create and offer necessary tools, including for the adoption of linked data. + We develop an interinstitutional data governance and data science competence centre to gather and make available relevant know-how and offer support to institutions. + We develop further and expand the use of the administrative system of the technical services and databases of the state information system, which ensures an updated overview of data and the state information system. + We support and, where necessary, initiate EU and international activities promoting cross-border and global data sharing and reuse among states and sectors. + We develop and introduce a system of guaranteeing the",180
Estonia,P4,Policy,"Does the national strategy/policy include an action plan with measures to be implemented in the open data field?

For Explanation:
If yes, please briefly describe the main measures described by the action plan.","Policy | P4 | Does the national strategy/policy include an action plan with measures to be implemented in the open data field?

For Explanation:
If yes, please briefly describe the main measures described by the action plan.",8,0.5917202234268188,0.5917202234268188,0.0,P2,Estonia’s Digital Agenda,https://mkm.ee/media/6970/download,debug_estonia_rerun\downloads\P2\doc_4.pdf,pdf,Estonia_P2_6,6,"have been set in this development plan and lines of action have been planned in three areas: + the development of digital government, i.e. the use of digital solutions in the public sector , since no other development plan includes the general development of digital government and the public sector also leads and sets the direction for the development of the Estonian digital society. The main goal is to strive for the best experience when using public services, so that our way of life can be impressive, as has been highlighted in the vision. For this purpose, we plan to take the next leaps in the development of digital government and ensure the sustainability of the established solutions; + the development of electronic communication, i.e. connectivity, because the sufficient availability of connections forms the foundation of the use of digital solutions, be it in everyday life or business. The main goal is the availability of fast and affordable connections throughout Estonia. + the development of national cyber security, since we can boldly move forward on the journey of digital development",180
